county,year,quarter,program,sub_program,approved_budget_kshs,actual_expenditure_kshs,is_total,department_new,program_new,sub_program_new
baringo,2019_20,1,"Curative and Rehabilitative
Services","General Administration ,Planning
& Support Services",40164034.0,,False,,"Curative and Rehabilitative
Services","General Administration ,Planning
& Support Services"
baringo,2019_20,1,"Curative and Rehabilitative
Services",Support Service,131914894.0,,False,,"Curative and Rehabilitative
Services",Support Service
baringo,2019_20,1,"Curative and Rehabilitative
Services",Support To County Hospitals (FIF),80074047.0,14657302.0,False,,"Curative and Rehabilitative
Services",Support To County Hospitals (FIF)
baringo,2019_20,1,"Preventive and Promotive Health
Services",Infrastructure Development,46400000.0,,False,,"Preventive and Promotive Health
Services",Infrastructure Development
baringo,2019_20,1,"Preventive and Promotive Health
Services","Compensation For User Fees
Forgone",665007098.0,,False,,"Preventive and Promotive Health
Services","Compensation For User Fees
Forgone"
baringo,2019_20,1,"Preventive and Promotive Health
Services",Primary Health Care,28200000.0,,False,,"Preventive and Promotive Health
Services",Primary Health Care
bomet,2019_20,1,"MEDICAL SERVICES,
PUBLIC HEALTH &
SANITATION",,,,False,,"MEDICAL SERVICES,
PUBLIC HEALTH &
SANITATION",
bomet,2019_20,1,P2 Curative Health Services,"Cash Transfers to Health Fa-
cilities",110953899.0,53833000.0,False,,P2 Curative Health Services,"Cash Transfers to Health Fa-
cilities"
bomet,2019_20,1,P2 Curative Health Services,Human Resource Services,700000000.0,173688508.0,False,,P2 Curative Health Services,Human Resource Services
bomet,2019_20,1,P2 Curative Health Services,Policy Development,2000000.0,500000.0,False,,P2 Curative Health Services,Policy Development
bomet,2019_20,1,P2 Curative Health Services,Administrative services,12741524.0,2904026.0,False,,P2 Curative Health Services,Administrative services
bungoma,2019_20,1,Health and sanitation,,,,False,,Health and sanitation,
bungoma,2019_20,1,Preventive and Promotive Health Services,Health Promotion,3323533969.0,497908824.0,False,,Preventive and Promotive Health Services,Health Promotion
busia,2019_20,1,"Programme: Veterinary Health
Services",Veterinary Disease Control,7500000.0,,False,,"Programme: Veterinary Health
Services",Veterinary Disease Control
busia,2019_20,1,"Programme: Veterinary Health
Services",Meat Inspection Services,2000000.0,,False,,"Programme: Veterinary Health
Services",Meat Inspection Services
busia,2019_20,1,10. Health and Sanitation,,,,False,,10. Health and Sanitation,
busia,2019_20,1,Health Curative Services,Infrastructure Development,6000000.0,,False,,Health Curative Services,Infrastructure Development
busia,2019_20,1,Health Curative Services,Hospital Equipment,36858318.0,,False,,Health Curative Services,Hospital Equipment
busia,2019_20,1,Preventive and Health Services,Infrastructure Development,28272414.0,,False,,Preventive and Health Services,Infrastructure Development
busia,2019_20,1,Preventive and Health Services,"Lower Level Hospital
Equipment",12167022.0,,False,,Preventive and Health Services,"Lower Level Hospital
Equipment"
busia,2019_20,1,Preventive and Health Services,"HIV/Aids Prevention And
Control",4000000.0,,False,,Preventive and Health Services,"HIV/Aids Prevention And
Control"
busia,2019_20,1,Preventive and Health Services,"Malaria Control And
Reproductive Health",9740733.0,,False,,Preventive and Health Services,"Malaria Control And
Reproductive Health"
busia,2019_20,1,Preventive and Health Services,Health Promotion Unit,110463548.0,,False,,Preventive and Health Services,Health Promotion Unit
elgeyo,2019_20,1,"Preventive and Promotive
Health",,80491967.0,,False,,"Preventive and Promotive
Health",
elgeyo,2019_20,1,"Preventive and Promotive
Health",Community and Environmental Health,72291967.0,,False,,"Preventive and Promotive
Health",Community and Environmental Health
elgeyo,2019_20,1,"Preventive and Promotive
Health","Communicable & Non-Communicable Dis-
ease Prevention & Control",8200000.0,,False,,"Preventive and Promotive
Health","Communicable & Non-Communicable Dis-
ease Prevention & Control"
elgeyo,2019_20,1,"Curative and Rehabilitative
Health",,1039657585.0,43577588.0,False,,"Curative and Rehabilitative
Health",
elgeyo,2019_20,1,"Curative and Rehabilitative
Health",Commodity management,95257103.0,,False,,"Curative and Rehabilitative
Health",Commodity management
elgeyo,2019_20,1,"Curative and Rehabilitative
Health",County Hospitals,386716174.0,43577588.0,False,,"Curative and Rehabilitative
Health",County Hospitals
elgeyo,2019_20,1,"Curative and Rehabilitative
Health",Primary Care Units,546684308.0,,False,,"Curative and Rehabilitative
Health",Primary Care Units
elgeyo,2019_20,1,"Curative and Rehabilitative
Health",Emergency Medical Services,11000000.0,,False,,"Curative and Rehabilitative
Health",Emergency Medical Services
garissa,2019_20,1,Curative Services,,854234894.0,,False,,Curative Services,
garissa,2019_20,1,"Medical Products, Appliances and Equip-
ment",,454000000.0,,False,,"Medical Products, Appliances and Equip-
ment",
garissa,2019_20,1,Development of Health Services,,331914894.0,,False,,Development of Health Services,
garissa,2019_20,1,Preventive and Promotive Services,,76157119.0,,False,,Preventive and Promotive Services,
garissa,2019_20,1,Health Promotion and Campaign,,2075645.0,,False,,Health Promotion and Campaign,
garissa,2019_20,1,Public Health Services,,71258965.0,,False,,Public Health Services,
homa,2019_20,1,Livestock Development Programme,"Livestock Health and Disease
Management",5613000.0,,False,,Livestock Development Programme,"Livestock Health and Disease
Management"
homa,2019_20,1,Department of Health Services,,,,False,,Department of Health Services,
homa,2019_20,1,Preventive and promotive health services,Community health services,77400000.0,,False,,Preventive and promotive health services,Community health services
homa,2019_20,1,Preventive and promotive health services,Disease control services,47500000.0,,False,,Preventive and promotive health services,Disease control services
homa,2019_20,1,"Curative and rehabilitative health
services",Routine medical health services,268017729.0,,False,,"Curative and rehabilitative health
services",Routine medical health services
homa,2019_20,1,"Curative and rehabilitative health
services","Medical emergency response
services",12000000.0,,False,,"Curative and rehabilitative health
services","Medical emergency response
services"
homa,2019_20,1,"Curative and rehabilitative health
services","Facility infrastructure
improvement services",323247690.0,,False,,"Curative and rehabilitative health
services","Facility infrastructure
improvement services"
kajiado,2019_20,1,Curative Health Services,,312834835.0,,False,,Curative Health Services,
kajiado,2019_20,1,Medical Services,,312834835.0,,False,,Medical Services,
kajiado,2019_20,1,Curative and Rehabilitative,,10059700.0,306115.0,False,,Curative and Rehabilitative,
kajiado,2019_20,1,Public Health and Sanitation,,229558695.0,9402788.0,False,,Public Health and Sanitation,
kajiado,2019_20,1,Preventive and Promotive,,209568093.0,8894193.0,False,,Preventive and Promotive,
kiambu,2019_20,1,"Curative and
preventive health
care services","General Administration and Support
Services",20000000.0,,False,,"Curative and
preventive health
care services","General Administration and Support
Services"
kiambu,2019_20,1,"Curative and
preventive health
care services",Health Curative Services,818716765.0,,False,,"Curative and
preventive health
care services",Health Curative Services
kiambu,2019_20,1,"Preventive Health
Services",Community Health Services,64400000.0,,False,,"Preventive Health
Services",Community Health Services
kiambu,2019_20,1,"Curative and
Rehabilitative Health
Services",County Hospital Infrastructure,533000000.0,86416694.0,False,,"Curative and
Rehabilitative Health
Services",County Hospital Infrastructure
kilifi,2019_20,1,Health,,,,False,,Health,
kilifi,2019_20,1,Health,,,,False,,Health,
kilifi,2019_20,1,Health,,,,False,,Health,
kilifi,2019_20,1,Health,,,,False,,Health,
kirinyaga,2019_20,1,"Curative and Rehabilitative
Services","Curative and Rehabilitative
Services",2533092065.0,270333350.0,False,,"Curative and Rehabilitative
Services","Curative and Rehabilitative
Services"
kisii,2019_20,1,"Education, labour
and manpower
development",Medical services,4057930441.0,467977296.0,False,,"Education, labour
and manpower
development",Medical services
kisii,2019_20,1,"Education, labour
and manpower
development",Public health,35950000.0,363000.0,False,,"Education, labour
and manpower
development",Public health
kisii,2019_20,1,Health Services,"Administration, planning and
support services",75985904.0,5543800.0,False,,Health Services,"Administration, planning and
support services"
kisii,2019_20,1,Health Services,Land use services,108300000.0,16500000.0,False,,Health Services,Land use services
kitui,2019_20,1,County Ministry Of Health And Sanitation,,,,False,,County Ministry Of Health And Sanitation,
kitui,2019_20,1,Maternal and child health,Maternal and child health,569536122.0,400000000.0,False,,Maternal and child health,Maternal and child health
kitui,2019_20,1,"Preventive and promotive
health services","Preventive and promotive
health services",46111946.0,46070937.0,False,,"Preventive and promotive
health services","Preventive and promotive
health services"
kitui,2019_20,1,Curative health services,Curative health services,2546443704.0,600169900.0,False,,Curative health services,Curative health services
kwale,2019_20,1,Health Services,,,,False,,Health Services,
kwale,2019_20,1,Medical Drugs,,216533928.0,25783043.0,False,,Medical Drugs,
kwale,2019_20,1,Msambweni Hospital,,15108000.0,259000.0,False,,Msambweni Hospital,
kwale,2019_20,1,Kinango Hospital,,23295000.0,118315.0,False,,Kinango Hospital,
kwale,2019_20,1,Kwale Hospital,,27974800.0,272345.0,False,,Kwale Hospital,
kwale,2019_20,1,Tiwi Rural Health Facility,,15620000.0,,False,,Tiwi Rural Health Facility,
kwale,2019_20,1,Samburu Hospital,,1240000.0,,False,,Samburu Hospital,
kwale,2019_20,1,Lungalunga Hospital,,29900000.0,,False,,Lungalunga Hospital,
kwale,2019_20,1,Public Health,,43750000.0,,False,,Public Health,
kwale,2019_20,1,Rural Health Facilities,,274484595.0,15180865.0,False,,Rural Health Facilities,
kwale,2019_20,1,Diani Health Center,,600000.0,,False,,Diani Health Center,
laikipia,2019_20,1,"Livestock Resources
Management and
Development","SP4 Animal Health and Disease
Management and Control",514500.0,,False,,"Livestock Resources
Management and
Development","SP4 Animal Health and Disease
Management and Control"
laikipia,2019_20,1,"Preventive & Promotive
Health Services",Strategic Health Interventions,6872274.0,,False,,"Preventive & Promotive
Health Services",Strategic Health Interventions
laikipia,2019_20,1,"Preventive & Promotive
Health Services","Emergency Referral and Rehabilitative
Services",60234104.0,7785236.0,False,,"Preventive & Promotive
Health Services","Emergency Referral and Rehabilitative
Services"
laikipia,2019_20,1,"Preventive & Promotive
Health Services","Essential Health Institutions and
Services",17500000.0,,False,,"Preventive & Promotive
Health Services","Essential Health Institutions and
Services"
laikipia,2019_20,1,"General Administrative &
Planning Services","Health policy, governance, planning and
financing",25000.0,,False,,"General Administrative &
Planning Services","Health policy, governance, planning and
financing"
laikipia,2019_20,1,"Preventive Health
Services","Community health Strategy, Advocacy
and surveillance",6140625.0,,False,,"Preventive Health
Services","Community health Strategy, Advocacy
and surveillance"
lamu,2019_20,1,"P2: Curative & Rehabilitative Health
Dept",,48510000.0,,False,,"P2: Curative & Rehabilitative Health
Dept",
lamu,2019_20,1,P3: Preventive & Promotive Health,,48044784.0,,False,,P3: Preventive & Promotive Health,
lamu,2019_20,1,P 2: Public Health and Sanitation,,4765000.0,,False,,P 2: Public Health and Sanitation,
machakos,2019_20,1,Health and Emergency Services,,,,False,,Health and Emergency Services,
machakos,2019_20,1,"Preventive and Promotive
Services","Preventive and Promotive
Services",,,False,,"Preventive and Promotive
Services","Preventive and Promotive
Services"
machakos,2019_20,1,"public health and community
outreach","public health and community
outreach",,,False,,"public health and community
outreach","public health and community
outreach"
makueni,2019_20,1,"0403 Preventive and Promotive
Health Care Services",,261066619.0,16737019.0,False,,"0403 Preventive and Promotive
Health Care Services",
makueni,2019_20,1,"0403 Preventive and Promotive
Health Care Services","040304 Preventive & promotive
health care services",261066619.0,16737019.0,False,,"0403 Preventive and Promotive
Health Care Services","040304 Preventive & promotive
health care services"
marsabit,2019_20,1,Curative Health Services,,229000000.0,,False,,Curative Health Services,
marsabit,2019_20,1,Maternal and Child Health,,10000000.0,,False,,Maternal and Child Health,
meru,2019_20,1,HEALTH SERVICE,,,,False,,HEALTH SERVICE,
meru,2019_20,1,"Preventive and Promotive
Health Care Services",Preventive Services,25652122.0,,False,,"Preventive and Promotive
Health Care Services",Preventive Services
meru,2019_20,1,"Preventive and Promotive
Health Care Services",Promotive health care,,,False,,"Preventive and Promotive
Health Care Services",Promotive health care
meru,2019_20,1,Curative Health,Curative Health Care Services,725546996.0,124408893.0,False,,Curative Health,Curative Health Care Services
meru,2019_20,1,Curative Health,Tertiary care,,,False,,Curative Health,Tertiary care
meru,2019_20,1,Universal Health Coverage,Universal Health Coverage,400000000.0,,False,,Universal Health Coverage,Universal Health Coverage
migori,2019_20,1,HEALTH,,,,False,,HEALTH,
migori,2019_20,1,"Planning and
administrative
support services","Health Management Informative
System",2500000.0,,False,,"Planning and
administrative
support services","Health Management Informative
System"
migori,2019_20,1,"Preventive And
Promotive Health
Services",Community Health Services,52860000.0,,False,,"Preventive And
Promotive Health
Services",Community Health Services
migori,2019_20,1,"Preventive And
Promotive Health
Services","Sanitation And Environmental
Health Services",1000000.0,,False,,"Preventive And
Promotive Health
Services","Sanitation And Environmental
Health Services"
migori,2019_20,1,"Preventive And
Promotive Health
Services",Human Nutrition And Dietetics,3000000.0,,False,,"Preventive And
Promotive Health
Services",Human Nutrition And Dietetics
migori,2019_20,1,"Preventive And
Promotive Health
Services",Communicable Disease Control,1000000.0,,False,,"Preventive And
Promotive Health
Services",Communicable Disease Control
migori,2019_20,1,"Preventive And
Promotive Health
Services",Hiv And Aids Management,2800000.0,,False,,"Preventive And
Promotive Health
Services",Hiv And Aids Management
migori,2019_20,1,"Preventive And
Promotive Health
Services",Disease Surveillance/,1500000.0,,False,,"Preventive And
Promotive Health
Services",Disease Surveillance/
migori,2019_20,1,"Preventive And
Promotive Health
Services","Emergency Preparedness And
Response",1000000.0,,False,,"Preventive And
Promotive Health
Services","Emergency Preparedness And
Response"
migori,2019_20,1,"Preventive And
Promotive Health
Services",Health Promotion,1500000.0,,False,,"Preventive And
Promotive Health
Services",Health Promotion
migori,2019_20,1,"Preventive And
Promotive Health
Services",Family& Reproductive Health,12600000.0,,False,,"Preventive And
Promotive Health
Services",Family& Reproductive Health
migori,2019_20,1,"Curative ,
Rehabilitative and
Referral services","Pharmaceutical And Non –
Pharmaceutical Commodities",242880395.0,7064573.0,False,,"Curative ,
Rehabilitative and
Referral services","Pharmaceutical And Non –
Pharmaceutical Commodities"
migori,2019_20,1,"Curative ,
Rehabilitative and
Referral services",Diagnostic Services,2500000.0,,False,,"Curative ,
Rehabilitative and
Referral services",Diagnostic Services
migori,2019_20,1,Veterinary services,"Veterinary public health
management",16136000.0,,False,,Veterinary services,"Veterinary public health
management"
mombasa,2019_20,1,Health Services,Administration Unit,2551268459.0,390459098.0,False,,Health Services,Administration Unit
mombasa,2019_20,1,Health Services,"Curative/Clinical Health
Services",266500326.0,,False,,Health Services,"Curative/Clinical Health
Services"
mombasa,2019_20,1,Health Services,"Preventive and Promotive
Services Unit",205120131.0,,False,,Health Services,"Preventive and Promotive
Services Unit"
mombasa,2019_20,1,Health Services,Special Programs,22588394.0,,False,,Health Services,Special Programs
muranga,2019_20,1,Curative Health Services,,291924209.0,83572660.0,False,,Curative Health Services,
muranga,2019_20,1,Free Primary Healthcare,,288924209.0,83489500.0,False,,Free Primary Healthcare,
muranga,2019_20,1,Free Primary Healthcare,,3000000.0,136500.0,False,,Free Primary Healthcare,
nairobi,2019_20,1,Preventive & Promotive Health Services,"HIV/AIDS Prevention
& Control Unit",4440402.0,,False,,Preventive & Promotive Health Services,"HIV/AIDS Prevention
& Control Unit"
nairobi,2019_20,1,Preventive & Promotive Health Services,TB Control,2200000.0,,False,,Preventive & Promotive Health Services,TB Control
nairobi,2019_20,1,Preventive & Promotive Health Services,"Malaria Control &
Other Communicable
Diseases",1400000.0,,False,,Preventive & Promotive Health Services,"Malaria Control &
Other Communicable
Diseases"
nairobi,2019_20,1,Preventive & Promotive Health Services,"Reproductive Health
& Maternal Health
(RMNCAH)",148661321.0,1505702.0,False,,Preventive & Promotive Health Services,"Reproductive Health
& Maternal Health
(RMNCAH)"
nairobi,2019_20,1,Preventive & Promotive Health Services,"Environmental / Public
Health",96300000.0,,False,,Preventive & Promotive Health Services,"Environmental / Public
Health"
nairobi,2019_20,1,Curative care,"County Referral Hos-
pitals",732450000.0,14976835.0,False,,Curative care,"County Referral Hos-
pitals"
nairobi,2019_20,1,Curative care,"Health Centres &
dispensaries",305338679.0,1343018.0,False,,Curative care,"Health Centres &
dispensaries"
nairobi,2019_20,1,"General administration, planning and
support services","Administration/Human
Resource for Health",5324566646.0,760779424.0,False,,"General administration, planning and
support services","Administration/Human
Resource for Health"
nairobi,2019_20,1,"General administration, planning and
support services","Health Policy, Planning
& Financing",49900000.0,1834709.0,False,,"General administration, planning and
support services","Health Policy, Planning
& Financing"
nairobi,2019_20,1,"General administration, planning and
support services",Health Commodities,651957500.0,,False,,"General administration, planning and
support services",Health Commodities
nairobi,2019_20,1,HEALTH,,7377215048.0,780439687.0,False,,HEALTH,
nairobi,2019_20,1,":Animal Health, Safety and Quality
Assurance","Animal Research,
Diseases, Pest Control
& Quality Assurance",55152413.0,,False,,":Animal Health, Safety and Quality
Assurance","Animal Research,
Diseases, Pest Control
& Quality Assurance"
nakuru,2019_20,1,"Health Preventive and
Promotive Services?",,644491438.0,6228000.0,False,,"Health Preventive and
Promotive Services?",
nakuru,2019_20,1,"Health Preventive and
Promotive Services?",Health Promotive Services,644491438.0,6228000.0,False,,"Health Preventive and
Promotive Services?",Health Promotive Services
nakuru,2019_20,1,Health Curative Services,,2171962276.0,,False,,Health Curative Services,
nakuru,2019_20,1,Health Curative Services,"Provision of Essential Health
Services in all the Levels.",2171962276.0,,False,,Health Curative Services,"Provision of Essential Health
Services in all the Levels."
nakuru,2019_20,1,Administration and Planning,Health Infrastructure Development,56308823.0,,False,,Administration and Planning,Health Infrastructure Development
nakuru,2019_20,1,Administration and Planning,Human Resources for health,3817131604.0,828598569.0,False,,Administration and Planning,Human Resources for health
nandi,2019_20,1,Health and Sanitation,\,,,False,,Health and Sanitation,\
nandi,2019_20,1,"Health Service and Delivery
Administration Services","Health Service and Delivery
Administration Services",1216884321.0,304749902.0,False,,"Health Service and Delivery
Administration Services","Health Service and Delivery
Administration Services"
nandi,2019_20,1,"Health Service and Delivery
Administration Services",Physical Planning,415563515.0,,False,,"Health Service and Delivery
Administration Services",Physical Planning
nandi,2019_20,1,"Preventive and Promotive Health
Services",Community Health Services,553721800.0,106167938.0,False,,"Preventive and Promotive Health
Services",Community Health Services
nandi,2019_20,1,Curative Health Services,"Curative Health Management
Services",411942186.0,23992625.0,False,,Curative Health Services,"Curative Health Management
Services"
nandi,2019_20,1,"Health Sector Programme
Support (DANIDA FUNDS)","County Health Facility Support
(DANIDA)",16031250.0,,False,,"Health Sector Programme
Support (DANIDA FUNDS)","County Health Facility Support
(DANIDA)"
narok,2019_20,1,Preventive &Promotive Health Services,,501512500.0,10217560.0,False,,Preventive &Promotive Health Services,
narok,2019_20,1,Health Promotion,,501512500.0,10217560.0,False,,Health Promotion,
narok,2019_20,1,Curative Health Services,,187053885.0,,False,,Curative Health Services,
narok,2019_20,1,"Health Policy, Planning and Financing",,1873610455.0,424209978.0,False,,"Health Policy, Planning and Financing",
nyamira,2019_20,1,Department of Health,,,,False,,Department of Health,
nyandarua,2019_20,1,Human Resource Management,"Human Resource Management
(Including employee gratuity,
pension and medical insurance)",108650100.0,332400.0,False,,Human Resource Management,"Human Resource Management
(Including employee gratuity,
pension and medical insurance)"
nyandarua,2019_20,1,Preventive and Promotive Services,"Preventive and Promotive
Services",7650000.0,1744630.0,False,,Preventive and Promotive Services,"Preventive and Promotive
Services"
nyandarua,2019_20,1,Curative Services,"Curative Services (including uni-
versal health care and grants)",475755836.0,49127934.0,False,,Curative Services,"Curative Services (including uni-
versal health care and grants)"
nyeri,2019_20,1,"Public Finance Management
Economic Planning and Policy
Formulation
Finance and Economic Planning
Physical planning services
Land Policy and Planning
Housing Development and Human
Settlement
Lands, Physical Planning, Housing
and Urbanization
Adminstration, Planning and Gener-
al Support Services
Health Services",Financial Accounting,12350000.0,2124044.0,False,,"Public Finance Management
Economic Planning and Policy
Formulation
Finance and Economic Planning
Physical planning services
Land Policy and Planning
Housing Development and Human
Settlement
Lands, Physical Planning, Housing
and Urbanization
Adminstration, Planning and Gener-
al Support Services
Health Services",Financial Accounting
nyeri,2019_20,1,"Public Finance Management
Economic Planning and Policy
Formulation
Finance and Economic Planning
Physical planning services
Land Policy and Planning
Housing Development and Human
Settlement
Lands, Physical Planning, Housing
and Urbanization
Adminstration, Planning and Gener-
al Support Services
Health Services","Procurement Compliance and
Reporting",9000000.0,135670.0,False,,"Public Finance Management
Economic Planning and Policy
Formulation
Finance and Economic Planning
Physical planning services
Land Policy and Planning
Housing Development and Human
Settlement
Lands, Physical Planning, Housing
and Urbanization
Adminstration, Planning and Gener-
al Support Services
Health Services","Procurement Compliance and
Reporting"
nyeri,2019_20,1,"Public Finance Management
Economic Planning and Policy
Formulation
Finance and Economic Planning
Physical planning services
Land Policy and Planning
Housing Development and Human
Settlement
Lands, Physical Planning, Housing
and Urbanization
Adminstration, Planning and Gener-
al Support Services
Health Services",Internal Audit services,9980000.0,958900.0,False,,"Public Finance Management
Economic Planning and Policy
Formulation
Finance and Economic Planning
Physical planning services
Land Policy and Planning
Housing Development and Human
Settlement
Lands, Physical Planning, Housing
and Urbanization
Adminstration, Planning and Gener-
al Support Services
Health Services",Internal Audit services
nyeri,2019_20,1,"Public Finance Management
Economic Planning and Policy
Formulation
Finance and Economic Planning
Physical planning services
Land Policy and Planning
Housing Development and Human
Settlement
Lands, Physical Planning, Housing
and Urbanization
Adminstration, Planning and Gener-
al Support Services
Health Services","Economic Planning and Policy
Formulation",13320000.0,1713174.0,False,,"Public Finance Management
Economic Planning and Policy
Formulation
Finance and Economic Planning
Physical planning services
Land Policy and Planning
Housing Development and Human
Settlement
Lands, Physical Planning, Housing
and Urbanization
Adminstration, Planning and Gener-
al Support Services
Health Services","Economic Planning and Policy
Formulation"
nyeri,2019_20,1,"Public Finance Management
Economic Planning and Policy
Formulation
Finance and Economic Planning
Physical planning services
Land Policy and Planning
Housing Development and Human
Settlement
Lands, Physical Planning, Housing
and Urbanization
Adminstration, Planning and Gener-
al Support Services
Health Services",,577250163.0,57809698.0,False,,"Public Finance Management
Economic Planning and Policy
Formulation
Finance and Economic Planning
Physical planning services
Land Policy and Planning
Housing Development and Human
Settlement
Lands, Physical Planning, Housing
and Urbanization
Adminstration, Planning and Gener-
al Support Services
Health Services",
nyeri,2019_20,1,"Public Finance Management
Economic Planning and Policy
Formulation
Finance and Economic Planning
Physical planning services
Land Policy and Planning
Housing Development and Human
Settlement
Lands, Physical Planning, Housing
and Urbanization
Adminstration, Planning and Gener-
al Support Services
Health Services","Administration and personnel
services",35864671.0,10312257.0,False,,"Public Finance Management
Economic Planning and Policy
Formulation
Finance and Economic Planning
Physical planning services
Land Policy and Planning
Housing Development and Human
Settlement
Lands, Physical Planning, Housing
and Urbanization
Adminstration, Planning and Gener-
al Support Services
Health Services","Administration and personnel
services"
nyeri,2019_20,1,"Public Finance Management
Economic Planning and Policy
Formulation
Finance and Economic Planning
Physical planning services
Land Policy and Planning
Housing Development and Human
Settlement
Lands, Physical Planning, Housing
and Urbanization
Adminstration, Planning and Gener-
al Support Services
Health Services","Formulation of county spatial
planning laws",2000000.0,,False,,"Public Finance Management
Economic Planning and Policy
Formulation
Finance and Economic Planning
Physical planning services
Land Policy and Planning
Housing Development and Human
Settlement
Lands, Physical Planning, Housing
and Urbanization
Adminstration, Planning and Gener-
al Support Services
Health Services","Formulation of county spatial
planning laws"
nyeri,2019_20,1,"Public Finance Management
Economic Planning and Policy
Formulation
Finance and Economic Planning
Physical planning services
Land Policy and Planning
Housing Development and Human
Settlement
Lands, Physical Planning, Housing
and Urbanization
Adminstration, Planning and Gener-
al Support Services
Health Services",Land Policy Formulation,404776651.0,,False,,"Public Finance Management
Economic Planning and Policy
Formulation
Finance and Economic Planning
Physical planning services
Land Policy and Planning
Housing Development and Human
Settlement
Lands, Physical Planning, Housing
and Urbanization
Adminstration, Planning and Gener-
al Support Services
Health Services",Land Policy Formulation
nyeri,2019_20,1,"Public Finance Management
Economic Planning and Policy
Formulation
Finance and Economic Planning
Physical planning services
Land Policy and Planning
Housing Development and Human
Settlement
Lands, Physical Planning, Housing
and Urbanization
Adminstration, Planning and Gener-
al Support Services
Health Services",Government Building,4920290.0,,False,,"Public Finance Management
Economic Planning and Policy
Formulation
Finance and Economic Planning
Physical planning services
Land Policy and Planning
Housing Development and Human
Settlement
Lands, Physical Planning, Housing
and Urbanization
Adminstration, Planning and Gener-
al Support Services
Health Services",Government Building
nyeri,2019_20,1,"Public Finance Management
Economic Planning and Policy
Formulation
Finance and Economic Planning
Physical planning services
Land Policy and Planning
Housing Development and Human
Settlement
Lands, Physical Planning, Housing
and Urbanization
Adminstration, Planning and Gener-
al Support Services
Health Services",,447561612.0,10312257.0,False,,"Public Finance Management
Economic Planning and Policy
Formulation
Finance and Economic Planning
Physical planning services
Land Policy and Planning
Housing Development and Human
Settlement
Lands, Physical Planning, Housing
and Urbanization
Adminstration, Planning and Gener-
al Support Services
Health Services",
nyeri,2019_20,1,"Public Finance Management
Economic Planning and Policy
Formulation
Finance and Economic Planning
Physical planning services
Land Policy and Planning
Housing Development and Human
Settlement
Lands, Physical Planning, Housing
and Urbanization
Adminstration, Planning and Gener-
al Support Services
Health Services","Adminstration, Planning and
General Support Services",2695241891.0,571473233.0,False,,"Public Finance Management
Economic Planning and Policy
Formulation
Finance and Economic Planning
Physical planning services
Land Policy and Planning
Housing Development and Human
Settlement
Lands, Physical Planning, Housing
and Urbanization
Adminstration, Planning and Gener-
al Support Services
Health Services","Adminstration, Planning and
General Support Services"
nyeri,2019_20,1,"Public Finance Management
Economic Planning and Policy
Formulation
Finance and Economic Planning
Physical planning services
Land Policy and Planning
Housing Development and Human
Settlement
Lands, Physical Planning, Housing
and Urbanization
Adminstration, Planning and Gener-
al Support Services
Health Services",Health Services,174110480.0,36074990.0,False,,"Public Finance Management
Economic Planning and Policy
Formulation
Finance and Economic Planning
Physical planning services
Land Policy and Planning
Housing Development and Human
Settlement
Lands, Physical Planning, Housing
and Urbanization
Adminstration, Planning and Gener-
al Support Services
Health Services",Health Services
nyeri,2019_20,1,"Public Finance Management
Economic Planning and Policy
Formulation
Finance and Economic Planning
Physical planning services
Land Policy and Planning
Housing Development and Human
Settlement
Lands, Physical Planning, Housing
and Urbanization
Adminstration, Planning and Gener-
al Support Services
Health Services",,2869352371.0,607548223.0,False,,"Public Finance Management
Economic Planning and Policy
Formulation
Finance and Economic Planning
Physical planning services
Land Policy and Planning
Housing Development and Human
Settlement
Lands, Physical Planning, Housing
and Urbanization
Adminstration, Planning and Gener-
al Support Services
Health Services",
samburu,2019_20,1,"MEDICAL SERVICES, PUBLIC HEALTH & SANITATION",,,,False,,"MEDICAL SERVICES, PUBLIC HEALTH & SANITATION",
samburu,2019_20,1,"Preventive and
Promotive Health
Services",Environmental & Health promotion,74608471.5,31502258.0,False,,"Preventive and
Promotive Health
Services",Environmental & Health promotion
samburu,2019_20,1,"Preventive and
Promotive Health
Services",Nutrition,14144518.0,123231.0,False,,"Preventive and
Promotive Health
Services",Nutrition
samburu,2019_20,1,"Preventive and
Promotive Health
Services",Communicable Disease Control,83111734.0,40254375.0,False,,"Preventive and
Promotive Health
Services",Communicable Disease Control
samburu,2019_20,1,"Preventive and
Promotive Health
Services","Non-communicable Disease Preven-
tion & Control",35870935.63,12351646.0,False,,"Preventive and
Promotive Health
Services","Non-communicable Disease Preven-
tion & Control"
samburu,2019_20,1,"Preventive and
Promotive Health
Services","Reproductive, Maternal, Neonatal,
child and Adolescent Health",61112750.25,17515106.0,False,,"Preventive and
Promotive Health
Services","Reproductive, Maternal, Neonatal,
child and Adolescent Health"
samburu,2019_20,1,Curative Health,Hospital and Referral Services,344950857.98,121023476.0,False,,Curative Health,Hospital and Referral Services
samburu,2019_20,1,Curative Health,Free Primary Health Services,136200280.25,8103200.0,False,,Curative Health,Free Primary Health Services
samburu,2019_20,1,"General Administra-
tion Planning and
Support Services",Health Infrastructure development,9049174.0,17800.0,False,,"General Administra-
tion Planning and
Support Services",Health Infrastructure development
samburu,2019_20,1,"General Administra-
tion Planning and
Support Services","Health Policy, Planning & Financing",59409298.75,2248365.0,False,,"General Administra-
tion Planning and
Support Services","Health Policy, Planning & Financing"
samburu,2019_20,1,"General Administra-
tion Planning and
Support Services","Health standards and quality assur-
ance Services",57090371.0,1131599.0,False,,"General Administra-
tion Planning and
Support Services","Health standards and quality assur-
ance Services"
turkana,2019_20,1,Veterinary Services,Livestock Health management,47204345.0,,False,,Veterinary Services,Livestock Health management
turkana,2019_20,1,Veterinary Services,Veterinary public health,2200000.0,,False,,Veterinary Services,Veterinary public health
turkana,2019_20,1,"Youth Affairs Devel-
opment",Health Services and Sanitation,,,False,,"Youth Affairs Devel-
opment",Health Services and Sanitation
turkana,2019_20,1,"General Administra-
tion and Support
Services","General Administration, Planning
and support - Health",424004284.0,33652000.0,False,,"General Administra-
tion and Support
Services","General Administration, Planning
and support - Health"
turkana,2019_20,1,"General Administra-
tion and Support
Services",Additional Works- Health Facilities,139014968.0,,False,,"General Administra-
tion and Support
Services",Additional Works- Health Facilities
turkana,2019_20,1,"Preventive and Pro-
motive Health care
Services",,152382986.0,,False,,"Preventive and Pro-
motive Health care
Services",
turkana,2019_20,1,"Preventive and Pro-
motive Health care
Services",Family Health,89487314.0,,False,,"Preventive and Pro-
motive Health care
Services",Family Health
turkana,2019_20,1,"Preventive and Pro-
motive Health care
Services",Public Health,49610832.0,,False,,"Preventive and Pro-
motive Health care
Services",Public Health
turkana,2019_20,1,"Preventive and Pro-
motive Health care
Services","Health Promotion and Disease
Control",13284840.0,,False,,"Preventive and Pro-
motive Health care
Services","Health Promotion and Disease
Control"
turkana,2019_20,1,Medical Services,,22450000.0,,False,,Medical Services,
turkana,2019_20,1,Medical Services,Laboratory Services,2250000.0,,False,,Medical Services,Laboratory Services
turkana,2019_20,1,Medical Services,Blood Transfusion Services,2400000.0,,False,,Medical Services,Blood Transfusion Services
turkana,2019_20,1,Medical Services,Rehabilitative Services,2500000.0,,False,,Medical Services,Rehabilitative Services
turkana,2019_20,1,Medical Services,Referrals & Emergency Services,2500000.0,,False,,Medical Services,Referrals & Emergency Services
turkana,2019_20,1,Medical Services,Radiology Services,2300000.0,,False,,Medical Services,Radiology Services
turkana,2019_20,1,Medical Services,Dental Services,2100000.0,,False,,Medical Services,Dental Services
turkana,2019_20,1,Medical Services,Clinical Services,2000000.0,,False,,Medical Services,Clinical Services
turkana,2019_20,1,Medical Services,Nursing Services,2000000.0,,False,,Medical Services,Nursing Services
turkana,2019_20,1,Medical Services,Rural Health Facility Support,2400000.0,,False,,Medical Services,Rural Health Facility Support
turkana,2019_20,1,Medical Services,"Sub county Health Facilities
Support",2000000.0,,False,,Medical Services,"Sub county Health Facilities
Support"
turkana,2019_20,1,"Lodwar County and
Referral Hospital",,16700000.0,,False,,"Lodwar County and
Referral Hospital",
turkana,2019_20,1,"Lodwar County and
Referral Hospital","LCRH Operations and Support
Services",7700000.0,,False,,"Lodwar County and
Referral Hospital","LCRH Operations and Support
Services"
turkana,2019_20,1,"Lodwar County and
Referral Hospital",LCRH Infrastructure Development,9000000.0,,False,,"Lodwar County and
Referral Hospital",LCRH Infrastructure Development
turkana,2019_20,1,Medical Supplies,,411282467.0,,False,,Medical Supplies,
turkana,2019_20,1,Medical Supplies,Medical Supplies,409282467.0,,False,,Medical Supplies,Medical Supplies
turkana,2019_20,1,Medical Supplies,Health Commodities management,2000000.0,,False,,Medical Supplies,Health Commodities management
turkana,2019_20,1,"Policy, Planning, Mon-
itoring and Evaluation",Health Information & Management,6328287.0,,False,,"Policy, Planning, Mon-
itoring and Evaluation",Health Information & Management
turkana,2019_20,1,"Policy, Planning, Mon-
itoring and Evaluation",Universal Health Care,37175822.0,,False,,"Policy, Planning, Mon-
itoring and Evaluation",Universal Health Care
uasin,2019_20,1,Curative Health Services,County Health Referral Hospital,40982446.0,,False,,Curative Health Services,County Health Referral Hospital
uasin,2019_20,1,Curative Health Services,"Medical/Diagnostic Equipment &
Supplies",71775961.0,,False,,Curative Health Services,"Medical/Diagnostic Equipment &
Supplies"
uasin,2019_20,1,Health Infrastructure,Health Infrastructure,408113176.0,,False,,Health Infrastructure,Health Infrastructure
vihiga,2019_20,1,"Administration, Planning
and Support Service",Healthcare Financing,56235510.0,,False,,"Administration, Planning
and Support Service",Healthcare Financing
vihiga,2019_20,1,"Promotive and Preventive
Healthcare Services",Public Health Services,25700000.0,,False,,"Promotive and Preventive
Healthcare Services",Public Health Services
vihiga,2019_20,1,"Promotive and Preventive
Healthcare Services","Community Health
Strategy",6240000.0,,False,,"Promotive and Preventive
Healthcare Services","Community Health
Strategy"
vihiga,2019_20,1,"Promotive and Preventive
Healthcare Services",Health Promotion,3795284.0,,False,,"Promotive and Preventive
Healthcare Services",Health Promotion
vihiga,2019_20,1,"Promotive and Preventive
Healthcare Services",Reproductive Healthcare,340000.0,,False,,"Promotive and Preventive
Healthcare Services",Reproductive Healthcare
vihiga,2019_20,1,"Promotive and Preventive
Healthcare Services","Disease Surveillance and
Emergency",490000.0,,False,,"Promotive and Preventive
Healthcare Services","Disease Surveillance and
Emergency"
vihiga,2019_20,1,"Curative And
Rehabilitative Health
Services",Medical services,211600000.0,,False,,"Curative And
Rehabilitative Health
Services",Medical services
vihiga,2019_20,1,"Curative And
Rehabilitative Health
Services",County referral services,240000.0,,False,,"Curative And
Rehabilitative Health
Services",County referral services
vihiga,2019_20,1,"Curative And
Rehabilitative Health
Services","Drugs and Other Medical
Supplies",140000.0,,False,,"Curative And
Rehabilitative Health
Services","Drugs and Other Medical
Supplies"
vihiga,2019_20,1,"Child and Maternal Health
Care","Antenatal and Post Natal
healthcare",1800000.0,,False,,"Child and Maternal Health
Care","Antenatal and Post Natal
healthcare"
vihiga,2019_20,1,"Child and Maternal Health
Care","Antenatal and Post Natal
Healthcare",1440000.0,,False,,"Child and Maternal Health
Care","Antenatal and Post Natal
Healthcare"
vihiga,2019_20,1,"Child and Maternal Health
Care",Maternity Services,41368276.0,,False,,"Child and Maternal Health
Care",Maternity Services
vihiga,2019_20,1,"Child and Maternal Health
Care","New-born, Child and
Adolescent Health",1140000.0,,False,,"Child and Maternal Health
Care","New-born, Child and
Adolescent Health"
vihiga,2019_20,1,"Child and Maternal Health
Care",Nutrition Services,440000.0,,False,,"Child and Maternal Health
Care",Nutrition Services
wajir,2019_20,1,"PUBLIC HEALTH , MEDICAL SER-
VICE AND SANITATION",,,,False,,"PUBLIC HEALTH , MEDICAL SER-
VICE AND SANITATION",
wajir,2019_20,1,"0401003360 P1 Curative, Rehabilitative and
Referral Services","0401003360 P1 Curative,
Rehabilitative and Referral
Services",258110000.0,,False,,"0401003360 P1 Curative, Rehabilitative and
Referral Services","0401003360 P1 Curative,
Rehabilitative and Referral
Services"
wajir,2019_20,1,"0402003360 P2 Preventive and promotive
services","0402003360 P2 Preventive
and promotive services",157575000.0,,False,,"0402003360 P2 Preventive and promotive
services","0402003360 P2 Preventive
and promotive services"
wajir,2019_20,1,0408003360 P8 Health Research Services,"0408003360 P8 Health
Research Services",9596000.0,,False,,0408003360 P8 Health Research Services,"0408003360 P8 Health
Research Services"
baringo,2019_20,2,"Curative and Rehabil-
itative Services","General administration, planning & support ser-
vices",40164034.0,,False,,"Curative and Rehabil-
itative Services","General administration, planning & support ser-
vices"
baringo,2019_20,2,"Curative and Rehabil-
itative Services",Support service,131914894.0,,False,,"Curative and Rehabil-
itative Services",Support service
baringo,2019_20,2,"Curative and Rehabil-
itative Services",Support to County Hospitals (FIF),80074047.0,63412633.0,False,,"Curative and Rehabil-
itative Services",Support to County Hospitals (FIF)
baringo,2019_20,2,"Preventive and
Promotive Health
Services",Infrastructure Development,46400000.0,,False,,"Preventive and
Promotive Health
Services",Infrastructure Development
baringo,2019_20,2,"Preventive and
Promotive Health
Services",Compensation for User fees Forgone,665007098.0,36492177.0,False,,"Preventive and
Promotive Health
Services",Compensation for User fees Forgone
baringo,2019_20,2,"Preventive and
Promotive Health
Services",Primary Health Care,28200000.0,4393070.0,False,,"Preventive and
Promotive Health
Services",Primary Health Care
bomet,2019_20,2,"MEDICAL SERVICES, PUBLIC HEALTH & SANITATION",,,,False,,"MEDICAL SERVICES, PUBLIC HEALTH & SANITATION",
bomet,2019_20,2,Curative Health Services,"Cash Transfers to Health
Facilities.",110953899.0,56841980.0,False,,Curative Health Services,"Cash Transfers to Health
Facilities."
bomet,2019_20,2,Curative Health Services,Health Programmes,495596909.0,148168799.0,False,,Curative Health Services,Health Programmes
bomet,2019_20,2,"World Bank Loan to for trans-
forming health systems for uni-
versal care project","Transformative Health Care
systems",35000000.0,21190561.0,False,,"World Bank Loan to for trans-
forming health systems for uni-
versal care project","Transformative Health Care
systems"
bungoma,2019_20,2,Health and Sanitation,,,,False,,Health and Sanitation,
bungoma,2019_20,2,Preventive and Promotive,Preventive services,332889500.0,,False,,Preventive and Promotive,Preventive services
bungoma,2019_20,2,Curative health care services,Curative health care services,315001345.0,,False,,Curative health care services,Curative health care services
bungoma,2019_20,2,"Reproductive, Maternal, New
born and Child health","Reproductive, Maternal, New
born and Child health",190613112.0,70334616.0,False,,"Reproductive, Maternal, New
born and Child health","Reproductive, Maternal, New
born and Child health"
busia,2019_20,2,Veterinary Health Services,Veterinary Disease Control,10585000.0,,False,,Veterinary Health Services,Veterinary Disease Control
busia,2019_20,2,Veterinary Health Services,AI Services,3500000.0,,False,,Veterinary Health Services,AI Services
busia,2019_20,2,Veterinary Health Services,Meat inspection services,2000000.0,,False,,Veterinary Health Services,Meat inspection services
busia,2019_20,2,Veterinary Health Services,Other Development Projects,188454000.0,6462586.0,False,,Veterinary Health Services,Other Development Projects
elgeyo,2019_20,2,"Preventive and Promotive
health",,80491967.0,0.0,False,,"Preventive and Promotive
health",
elgeyo,2019_20,2,"Preventive and Promotive
health",Community and Environmental Health,72291967.0,0.0,False,,"Preventive and Promotive
health",Community and Environmental Health
elgeyo,2019_20,2,"Preventive and Promotive
health","Communicable & Non-Communicable
Disease Prevention & Control",8200000.0,0.0,False,,"Preventive and Promotive
health","Communicable & Non-Communicable
Disease Prevention & Control"
elgeyo,2019_20,2,"Curative and Rehabilitative
Health",,1039657585.0,215841013.75,False,,"Curative and Rehabilitative
Health",
elgeyo,2019_20,2,"Curative and Rehabilitative
Health",Commodity management,95257103.0,24481195.1,False,,"Curative and Rehabilitative
Health",Commodity management
elgeyo,2019_20,2,"Curative and Rehabilitative
Health",County Hospitals,386716174.0,164015823.3,False,,"Curative and Rehabilitative
Health",County Hospitals
elgeyo,2019_20,2,"Curative and Rehabilitative
Health",Primary Care Units,546684308.0,27343995.35,False,,"Curative and Rehabilitative
Health",Primary Care Units
elgeyo,2019_20,2,"Curative and Rehabilitative
Health",Emergency Medical Services,11000000.0,0.0,False,,"Curative and Rehabilitative
Health",Emergency Medical Services
embu,2019_20,2,SP1.1: Primary Health Care,,1228076816.0,492642058.0,False,,SP1.1: Primary Health Care,
embu,2019_20,2,SP2.1: Health Promotion & Disease Control,,453511964.0,201833741.0,False,,SP2.1: Health Promotion & Disease Control,
embu,2019_20,2,SP1.1: Primary Health Care,,259931469.0,77817656.0,False,,SP1.1: Primary Health Care,
embu,2019_20,2,SP2.1: Health Promotion & Disease Control,,53386955.0,17549224.0,False,,SP2.1: Health Promotion & Disease Control,
homa,2019_20,2,"Livestock Development Pro-
gramme","Livestock Health and Disease Man-
agement",5613000.0,,False,,"Livestock Development Pro-
gramme","Livestock Health and Disease Man-
agement"
homa,2019_20,2,Department of Health Services,,,,False,,Department of Health Services,
homa,2019_20,2,"Preventive and promotive
health services",Community health services,77400000.0,,False,,"Preventive and promotive
health services",Community health services
homa,2019_20,2,"Preventive and promotive
health services",Disease control services,47500000.0,,False,,"Preventive and promotive
health services",Disease control services
homa,2019_20,2,"Curative and rehabilitative
health services",Routine medical health services,268017729.0,170427917.0,False,,"Curative and rehabilitative
health services",Routine medical health services
homa,2019_20,2,"Curative and rehabilitative
health services","Medical emergency response ser-
vices",12000000.0,,False,,"Curative and rehabilitative
health services","Medical emergency response ser-
vices"
homa,2019_20,2,"Curative and rehabilitative
health services","Facility infrastructure improvement
services",323247690.0,55332918.0,False,,"Curative and rehabilitative
health services","Facility infrastructure improvement
services"
isiolo,2019_20,2,401003000.0,"Preventive and Promotive Health Ser-
vices",144322002.0,4916000.0,False,,401003000.0,"Preventive and Promotive Health Ser-
vices"
isiolo,2019_20,2,402003000.0,"SP4 Administration Support services(
Medical Services)",20000000.0,0.0,False,,402003000.0,"SP4 Administration Support services(
Medical Services)"
isiolo,2019_20,2,402003000.0,Preventive and Promotive Services,214047141.0,0.0,False,,402003000.0,Preventive and Promotive Services
isiolo,2019_20,2,403003000.0,"Curative and Rehabilitative Health Ser-
vices",112471350.0,6710300.0,False,,403003000.0,"Curative and Rehabilitative Health Ser-
vices"
isiolo,2019_20,2,403003000.0,Curative Infrastructure Support,48597509.0,1777250.0,False,,403003000.0,Curative Infrastructure Support
kajiado,2019_20,2,"General Administration, Planning
and Support Services","Health Policy, Planning & Fi-
nancing",,,False,,"General Administration, Planning
and Support Services","Health Policy, Planning & Fi-
nancing"
kajiado,2019_20,2,Curative Health Services,,312834835.0,140922660.0,False,,Curative Health Services,
kajiado,2019_20,2,Curative Health Services,Medical Services,312834835.0,140922660.0,False,,Curative Health Services,Medical Services
kajiado,2019_20,2,Curative Health Services,Ambulance Services,,,False,,Curative Health Services,Ambulance Services
kajiado,2019_20,2,Curative and Rehabilitative,,10059700.0,3979230.0,False,,Curative and Rehabilitative,
kajiado,2019_20,2,Curative and Rehabilitative,Medical Supplies,,,False,,Curative and Rehabilitative,Medical Supplies
kajiado,2019_20,2,Curative and Rehabilitative,Ambulance services,10059700.0,3979230.0,False,,Curative and Rehabilitative,Ambulance services
kajiado,2019_20,2,Public Health and Sanitation,,229558695.0,37994058.0,False,,Public Health and Sanitation,
kajiado,2019_20,2,Public Health and Sanitation,Preventive and Promotive,209568093.0,31562986.0,False,,Public Health and Sanitation,Preventive and Promotive
kajiado,2019_20,2,Public Health and Sanitation,"Licensing and control of under-
taking",10358518.0,3679388.0,False,,Public Health and Sanitation,"Licensing and control of under-
taking"
kajiado,2019_20,2,Public Health and Sanitation,Sanitation,4526166.0,1423039.0,False,,Public Health and Sanitation,Sanitation
kajiado,2019_20,2,Public Health and Sanitation,Mobile Clinics,5105918.0,1328645.0,False,,Public Health and Sanitation,Mobile Clinics
kakamega,2019_20,2,"Construction of Kakamega County Teaching
and Referral Hospital",,350000000.0,182820911.0,False,,"Construction of Kakamega County Teaching
and Referral Hospital",
kakamega,2019_20,2,Level 5 hospital grant,,427283237.0,151101524.0,False,,Level 5 hospital grant,
kakamega,2019_20,2,World Bank Universal Health Care Fund-THS,,61794598.0,13543500.0,False,,World Bank Universal Health Care Fund-THS,
kakamega,2019_20,2,Health Data Management,,5000000.0,4215509.0,False,,Health Data Management,
kakamega,2019_20,2,"Completion of Hospitals-Shamakhubu and
Mumias Level 4 Hospital",,30000000.0,2965833.0,False,,"Completion of Hospitals-Shamakhubu and
Mumias Level 4 Hospital",
kakamega,2019_20,2,Equipping other Health facilities,,30000000.0,2953000.0,False,,Equipping other Health facilities,
kericho,2019_20,2,Curative Health,Administration and Planning,933514854.0,365905984.0,False,,Curative Health,Administration and Planning
kericho,2019_20,2,Curative Health,Hospital(curative)Services,140537188.0,28544666.0,False,,Curative Health,Hospital(curative)Services
kericho,2019_20,2,Curative Health,Preventive Medicine and Promotive Health,1552398221.0,648785379.0,False,,Curative Health,Preventive Medicine and Promotive Health
kiambu,2019_20,2,"401004060 Curative
and preventive health
care services",General administration and support services,20000000.0,0.0,False,,"401004060 Curative
and preventive health
care services",General administration and support services
kiambu,2019_20,2,"401004060 Curative
and preventive health
care services",Health curative services,818716765.0,216812884.0,False,,"401004060 Curative
and preventive health
care services",Health curative services
kiambu,2019_20,2,"403004060 Preventive
Health Services",Community Health Services,64400000.0,33154388.0,False,,"403004060 Preventive
Health Services",Community Health Services
kiambu,2019_20,2,"404004060 Curative
and Rehabilitative
Health Services",County Hospital Infrastructure,533000000.0,270495660.0,False,,"404004060 Curative
and Rehabilitative
Health Services",County Hospital Infrastructure
kilifi,2019_20,2,Medical Services,Curative and rehabilitative,108269413.27,825564.0,False,,Medical Services,Curative and rehabilitative
kilifi,2019_20,2,Medical Services,"General Administration, Planning & Support Services",2235644788.44,1033862846.65,False,,Medical Services,"General Administration, Planning & Support Services"
kilifi,2019_20,2,Medical Services,.Maternal and Child Health,35321228.95,1384355.0,False,,Medical Services,.Maternal and Child Health
kilifi,2019_20,2,Public Health,Health Promotion & Non combative prevention,355298457.36,124049805.0,False,,Public Health,Health Promotion & Non combative prevention
kilifi,2019_20,2,Public Health,General Administration,82345935.0,13098419.85,False,,Public Health,General Administration
kirinyaga,2019_20,2,"Curative and Rehabilita-
tive Services","Curative and Rehabilitative
Services",2533092065.0,874517099.0,False,,"Curative and Rehabilita-
tive Services","Curative and Rehabilitative
Services"
kisii,2019_20,2,Health services,Medical services,4057930441.0,1485115092.0,False,,Health services,Medical services
kisii,2019_20,2,Health services,Public health,35950000.0,3121300.0,False,,Health services,Public health
kisumu,2019_20,2,"Preventive and promotive
health services",Environmental health and sanitation,140234053.0,50214163.0,False,,"Preventive and promotive
health services",Environmental health and sanitation
kisumu,2019_20,2,"Preventive and promotive
health services",Community health strategy,880000.0,140000.0,False,,"Preventive and promotive
health services",Community health strategy
kisumu,2019_20,2,"Preventive and promotive
health services",Disease surveillance,3200000.0,883160.0,False,,"Preventive and promotive
health services",Disease surveillance
kisumu,2019_20,2,"Preventive and promotive
health services",Health promotion services,98005269.0,43124177.0,False,,"Preventive and promotive
health services",Health promotion services
kisumu,2019_20,2,Health curative services,"Elimination of communicable and non
– communicable diseases",69864355.0,3943594.0,False,,Health curative services,"Elimination of communicable and non
– communicable diseases"
kisumu,2019_20,2,Health curative services,Reproductive health,350000.0,329900.0,False,,Health curative services,Reproductive health
kisumu,2019_20,2,"General administration,
operational research and
planning services",Human resource for health,2348978658.0,1478990262.0,False,,"General administration,
operational research and
planning services",Human resource for health
kisumu,2019_20,2,"General administration,
operational research and
planning services",Health promotion services,1100000.0,167600.0,False,,"General administration,
operational research and
planning services",Health promotion services
kisumu,2019_20,2,"Jaramogi Oginga Odin-
ga Teaching and Referral
Hospital",J.O.O Teaching and referral hospital,296524395.0,98262199.0,False,,"Jaramogi Oginga Odin-
ga Teaching and Referral
Hospital",J.O.O Teaching and referral hospital
kisumu,2019_20,2,"Kisumu county referral
hospital",Kisumu county referral hospital,32574850.0,13219000.0,False,,"Kisumu county referral
hospital",Kisumu county referral hospital
kisumu,2019_20,2,"County and Sub – county
hospital services","County and Sub – county hospital
services",239898439.0,10703992.0,False,,"County and Sub – county
hospital services","County and Sub – county hospital
services"
kitui,2019_20,2,HEALTH AND SANITATION,,,,False,,HEALTH AND SANITATION,
kitui,2019_20,2,Maternal and child health,Maternal and child health,175766976.0,18765815.0,False,,Maternal and child health,Maternal and child health
kitui,2019_20,2,Preventive and promotive health services,"Preventive and promotive health ser-
vices",472522647.0,236348198.0,False,,Preventive and promotive health services,"Preventive and promotive health ser-
vices"
kitui,2019_20,2,Curative health services,Curative health services,2231651374.0,1121599292.0,False,,Curative health services,Curative health services
kwale,2019_20,2,Health Services,,,,False,,Health Services,
kwale,2019_20,2,Medical Drugs,,108266964.0,29961398.0,False,,Medical Drugs,
kwale,2019_20,2,Msambweni Hospital,,7554000.0,1589095.0,False,,Msambweni Hospital,
kwale,2019_20,2,Kinango Hospital,,11647500.0,1114367.0,False,,Kinango Hospital,
kwale,2019_20,2,Kwale Hospital,,13987400.0,735646.0,False,,Kwale Hospital,
kwale,2019_20,2,Tiwi Rural Health Facility,,7810000.0,,False,,Tiwi Rural Health Facility,
kwale,2019_20,2,Samburu Hospital,,620000.0,,False,,Samburu Hospital,
kwale,2019_20,2,Lungalunga Hospital,,14950000.0,,False,,Lungalunga Hospital,
kwale,2019_20,2,Public Health,,21875000.0,,False,,Public Health,
kwale,2019_20,2,Rural Health Facilities,,137242298.0,18142087.0,False,,Rural Health Facilities,
kwale,2019_20,2,Diani Health Centre,,300000.0,,False,,Diani Health Centre,
laikipia,2019_20,2,General Administration & Planning,"Essential Health Institutions &
Services",88228490.0,17761594.0,False,,General Administration & Planning,"Essential Health Institutions &
Services"
laikipia,2019_20,2,General Administration & Planning,"Community Health Strategy,
Advocacy & Surveillance",18413700.0,11461589.0,False,,General Administration & Planning,"Community Health Strategy,
Advocacy & Surveillance"
laikipia,2019_20,2,"Curative & Rehabilitative Health
Programme",Strategic Health Interventions,2701874.0,,False,,"Curative & Rehabilitative Health
Programme",Strategic Health Interventions
laikipia,2019_20,2,"Curative & Rehabilitative Health
Programme","Emergency Referral and Reha-
bilitative Services",56037483.0,,False,,"Curative & Rehabilitative Health
Programme","Emergency Referral and Reha-
bilitative Services"
laikipia,2019_20,2,"Curative & Rehabilitative Health
Programme",Use of goods & Services,3403748.0,1669500.0,False,,"Curative & Rehabilitative Health
Programme",Use of goods & Services
laikipia,2019_20,2,"Curative & Rehabilitative Health
Programme","Community Health Strategy,
Advocacy & Surveillance",12608746.0,2371098.0,False,,"Curative & Rehabilitative Health
Programme","Community Health Strategy,
Advocacy & Surveillance"
laikipia,2019_20,2,Preventive Health Services,Strategic Health Interventions,3800000.0,1636200.0,False,,Preventive Health Services,Strategic Health Interventions
laikipia,2019_20,2,Preventive Health Services,"Emergency Referral and Reha-
bilitative Services",940154.0,626820.0,False,,Preventive Health Services,"Emergency Referral and Reha-
bilitative Services"
laikipia,2019_20,2,Preventive Health Services,Use of goods & Services,30083881.0,17346276.0,False,,Preventive Health Services,Use of goods & Services
laikipia,2019_20,2,Preventive Health Services,"Participatory Budgeting Sup-
port",750000.0,709200.0,False,,Preventive Health Services,"Participatory Budgeting Sup-
port"
laikipia,2019_20,2,"Nanyuki Referral Hospital General
Administrative & Planning Services","Emergency Referral and Reha-
bilitative Services",112640834.0,19267864.0,False,,"Nanyuki Referral Hospital General
Administrative & Planning Services","Emergency Referral and Reha-
bilitative Services"
laikipia,2019_20,2,"Nyahururu Hospital General Ad-
ministrative & Planning Services","Emergency Referral and Reha-
bilitative Services",96699071.0,12272958.0,False,,"Nyahururu Hospital General Ad-
ministrative & Planning Services","Emergency Referral and Reha-
bilitative Services"
laikipia,2019_20,2,Livestock Resources Management,"Animal Health and Disease
Management and Control",248081388.0,5628367.0,False,,Livestock Resources Management,"Animal Health and Disease
Management and Control"
lamu,2019_20,2,Medical Services,Headquarters,714.63,171.5,False,,Medical Services,Headquarters
lamu,2019_20,2,Medical Services,Curative & Rehabilitative Health Dept,141.98,1.96,False,,Medical Services,Curative & Rehabilitative Health Dept
lamu,2019_20,2,Medical Services,Preventive & Promotive Health Dept,57.72,5.3,False,,Medical Services,Preventive & Promotive Health Dept
lamu,2019_20,2,"Public Health Sanitation
& Environment",Headquarter,86.27,13.2,False,,"Public Health Sanitation
& Environment",Headquarter
machakos,2019_20,2,"public health and commu-
nity outreach","public health and community out-
reach",108557389.0,7792883.0,False,,"public health and commu-
nity outreach","public health and community out-
reach"
makueni,2019_20,2,Programme 2: Curative health care services,,,,False,,Programme 2: Curative health care services,
makueni,2019_20,2,SP2. 1:Curative health care services,,312333333.0,99949690.0,False,,SP2. 1:Curative health care services,
makueni,2019_20,2,Programme 3; Preventive and promotive health care services,,,,False,,Programme 3; Preventive and promotive health care services,
makueni,2019_20,2,SP3. 1Preventive and promotive health care services,,54862332.0,13985366.0,False,,SP3. 1Preventive and promotive health care services,
mandera,2019_20,2,County Health Services,,1059478397.0,544671862.0,False,,County Health Services,
mandera,2019_20,2,County Health Services,"Administration & Support Ser-
vices",1059478397.0,544671862.0,False,,County Health Services,"Administration & Support Ser-
vices"
mandera,2019_20,2,Medical Services,,965350210.0,443502977.0,False,,Medical Services,
mandera,2019_20,2,Medical Services,Health care Infrastructure,478584458.0,115677229.0,False,,Medical Services,Health care Infrastructure
mandera,2019_20,2,Medical Services,"Administration & Support Ser-
vices",486765752.0,327825748.0,False,,Medical Services,"Administration & Support Ser-
vices"
mandera,2019_20,2,"Public health and sani-
tation",,439558271.0,64523631.0,False,,"Public health and sani-
tation",
mandera,2019_20,2,"Public health and sani-
tation",Health care Infrastructure,389820771.0,64523631.0,False,,"Public health and sani-
tation",Health care Infrastructure
mandera,2019_20,2,"Public health and sani-
tation","Administration & Support Ser-
vices",49737500.0,,False,,"Public health and sani-
tation","Administration & Support Ser-
vices"
meru,2019_20,2,HEALTH SERVICE,,,,False,,HEALTH SERVICE,
meru,2019_20,2,"Preventive and Promotive Health
Care Services",Preventive Services,25652122.0,,False,,"Preventive and Promotive Health
Care Services",Preventive Services
meru,2019_20,2,"Preventive and Promotive Health
Care Services",Promotive health care,,,False,,"Preventive and Promotive Health
Care Services",Promotive health care
meru,2019_20,2,Curative Health,Curative health care services,721075173.0,1141042255.0,False,,Curative Health,Curative health care services
meru,2019_20,2,Curative Health,Tertiary care,,,False,,Curative Health,Tertiary care
migori,2019_20,2,HEALTH,,,,False,,HEALTH,
migori,2019_20,2,"Planning and ad-
ministrative support
services",Health Management Informative System,1500000.0,416250.0,False,,"Planning and ad-
ministrative support
services",Health Management Informative System
migori,2019_20,2,"Preventive And Pro-
motive Health Ser-
vices",Community Health Services,44860680.0,,False,,"Preventive And Pro-
motive Health Ser-
vices",Community Health Services
migori,2019_20,2,"Preventive And Pro-
motive Health Ser-
vices","Sanitation And Environmental Health Ser-
vices",1000000.0,,False,,"Preventive And Pro-
motive Health Ser-
vices","Sanitation And Environmental Health Ser-
vices"
migori,2019_20,2,"Preventive And Pro-
motive Health Ser-
vices",Human Nutrition And Dietetics,2000000.0,1115500.0,False,,"Preventive And Pro-
motive Health Ser-
vices",Human Nutrition And Dietetics
migori,2019_20,2,"Preventive And Pro-
motive Health Ser-
vices",Communicable Disease Control,1000000.0,,False,,"Preventive And Pro-
motive Health Ser-
vices",Communicable Disease Control
migori,2019_20,2,"Preventive And Pro-
motive Health Ser-
vices",HIV And Aids Management,2000000.0,,False,,"Preventive And Pro-
motive Health Ser-
vices",HIV And Aids Management
migori,2019_20,2,"Preventive And Pro-
motive Health Ser-
vices",Disease Surveillance/,1500000.0,,False,,"Preventive And Pro-
motive Health Ser-
vices",Disease Surveillance/
migori,2019_20,2,"Preventive And Pro-
motive Health Ser-
vices",Emergency Preparedness And Response,1000000.0,57600.0,False,,"Preventive And Pro-
motive Health Ser-
vices",Emergency Preparedness And Response
migori,2019_20,2,"Preventive And Pro-
motive Health Ser-
vices",Health Promotion,1500000.0,,False,,"Preventive And Pro-
motive Health Ser-
vices",Health Promotion
migori,2019_20,2,"Preventive And Pro-
motive Health Ser-
vices",Family& Reproductive Health,17000000.0,689000.0,False,,"Preventive And Pro-
motive Health Ser-
vices",Family& Reproductive Health
migori,2019_20,2,"Curative , Rehabil-
itative and Referral
services","Pharmaceutical And Non –Pharmaceutical
Commodities",316638857.0,90116325.7,False,,"Curative , Rehabil-
itative and Referral
services","Pharmaceutical And Non –Pharmaceutical
Commodities"
migori,2019_20,2,"Curative , Rehabil-
itative and Referral
services",Diagnostic Services,2500000.0,,False,,"Curative , Rehabil-
itative and Referral
services",Diagnostic Services
migori,2019_20,2,Veterinary services,Veterinary public health management,2920000.0,,False,,Veterinary services,Veterinary public health management
mombasa,2019_20,2,Health Services,Administration Unit,2551268459.0,1288394509.0,False,,Health Services,Administration Unit
mombasa,2019_20,2,Health Services,Curative/Clinical Health Services,266500326.0,,False,,Health Services,Curative/Clinical Health Services
mombasa,2019_20,2,Health Services,"Preventive and Promotive Services
Unit",205120131.0,,False,,Health Services,"Preventive and Promotive Services
Unit"
mombasa,2019_20,2,Health Services,Special Programs,22588394.0,,False,,Health Services,Special Programs
muranga,2019_20,2,"Livestock and fisher-
ies Development",Curative health care services,5000000.0,,False,,"Livestock and fisher-
ies Development",Curative health care services
muranga,2019_20,2,"Curative Health Ser-
vices",Forensic and Diagnostics,3000000.0,784365.0,False,,"Curative Health Ser-
vices",Forensic and Diagnostics
muranga,2019_20,2,"Curative Health Ser-
vices",Free Primary Healthcare,288924209.0,104999835.0,False,,"Curative Health Ser-
vices",Free Primary Healthcare
muranga,2019_20,2,"Trade Development
and Promotion",Free Primary Healthcare,288924209.0,104999835.0,False,,"Trade Development
and Promotion",Free Primary Healthcare
nairobi,2019_20,2,Preventive & Promotive Health Services,"0401115310 HIV/
AIDS Prevention &
Control Unit",4440402.0,75000.0,False,,Preventive & Promotive Health Services,"0401115310 HIV/
AIDS Prevention &
Control Unit"
nairobi,2019_20,2,Preventive & Promotive Health Services,"0401125310 TB
Control",2200000.0,,False,,Preventive & Promotive Health Services,"0401125310 TB
Control"
nairobi,2019_20,2,Preventive & Promotive Health Services,"0401135310 Malaria
Control & Other
Communicable
Diseases",1400000.0,,False,,Preventive & Promotive Health Services,"0401135310 Malaria
Control & Other
Communicable
Diseases"
nairobi,2019_20,2,Preventive & Promotive Health Services,"0401145310 Re-
productive Health
& Maternal Health
(RMNCAH)",148661321.0,25083827.0,False,,Preventive & Promotive Health Services,"0401145310 Re-
productive Health
& Maternal Health
(RMNCAH)"
nairobi,2019_20,2,Preventive & Promotive Health Services,"0401155310 Envi-
ronmental / Public
Health",96300000.0,14334000.0,False,,Preventive & Promotive Health Services,"0401155310 Envi-
ronmental / Public
Health"
nairobi,2019_20,2,Curative care,"0402065310 sp.2.6
County Referral
Hospitals",732450000.0,35831723.0,False,,Curative care,"0402065310 sp.2.6
County Referral
Hospitals"
nairobi,2019_20,2,Curative care,"0402075310 sp.2.7
Health Canters &
dispensaries",305338679.0,1663018.0,False,,Curative care,"0402075310 sp.2.7
Health Canters &
dispensaries"
nairobi,2019_20,2,"General administration, planning and sup-
port services","0404015310 Sp4.1
Administration/
Human Resource for
Health",5324566646.0,2077732937.0,False,,"General administration, planning and sup-
port services","0404015310 Sp4.1
Administration/
Human Resource for
Health"
nairobi,2019_20,2,"General administration, planning and sup-
port services","0404025310 Sp4.2
Health Policy, Plan-
ning & Financing",49900000.0,2067909.0,False,,"General administration, planning and sup-
port services","0404025310 Sp4.2
Health Policy, Plan-
ning & Financing"
nairobi,2019_20,2,"General administration, planning and sup-
port services","0404035310 sp 4.3
Health Commodities",651957500.0,41384130.0,False,,"General administration, planning and sup-
port services","0404035310 sp 4.3
Health Commodities"
nairobi,2019_20,2,HEALTH,,7377215048.0,2198726900.0,False,,HEALTH,
nairobi,2019_20,2,"Animal Health, Safety and Quality Assur-
ance","0116015310 sp 10.1
Animal Research,
Diseases, Pest Control
& Quality Assuarance",55152413.0,,False,,"Animal Health, Safety and Quality Assur-
ance","0116015310 sp 10.1
Animal Research,
Diseases, Pest Control
& Quality Assuarance"
nakuru,2019_20,2,County Health Services Administration,"Health infrastructure de-
velopment",56308823.0,4138962.0,False,,County Health Services Administration,"Health infrastructure de-
velopment"
nakuru,2019_20,2,County Health Services Administration,"Human resources for
health",3858828925.0,1395544124.0,False,,County Health Services Administration,"Human resources for
health"
nakuru,2019_20,2,Medical Services Headquarters,"Provision of essential ser-
vices in all levels",1337124324.0,348472271.0,False,,Medical Services Headquarters,"Provision of essential ser-
vices in all levels"
nakuru,2019_20,2,Medical Services Headquarters,Reseat,128981784.0,,False,,Medical Services Headquarters,Reseat
nakuru,2019_20,2,Primary Health Headquarters,health promotive services,643191439.0,79614577.0,False,,Primary Health Headquarters,health promotive services
nandi,2019_20,2,Health and Sanitation,,,,False,,Health and Sanitation,
nandi,2019_20,2,"Health Service Delivery
Administration Services","Health Service Delivery Adminis-
tration Services",1216884321.0,575147007.0,False,,"Health Service Delivery
Administration Services","Health Service Delivery Adminis-
tration Services"
nandi,2019_20,2,"Health Service Delivery
Administration Services",Construction of building,415563515.0,17625434.0,False,,"Health Service Delivery
Administration Services",Construction of building
nandi,2019_20,2,"Preventive & Promotive
Health Services",Community Health Services,553721800.0,264544759.0,False,,"Preventive & Promotive
Health Services",Community Health Services
nandi,2019_20,2,Curative Health Services,"Curative Health Management
Services",411942186.0,167414745.0,False,,Curative Health Services,"Curative Health Management
Services"
nandi,2019_20,2,"Health Sector Pro-
gramme Support
(DANIDA FUNDS)","County Health Facilities Support
(DANIDA)",16031250.0,7946597.0,False,,"Health Sector Pro-
gramme Support
(DANIDA FUNDS)","County Health Facilities Support
(DANIDA)"
nandi,2019_20,2,"Health Sector Pro-
gramme Support
(DANIDA FUNDS)",,,,False,,"Health Sector Pro-
gramme Support
(DANIDA FUNDS)",
narok,2019_20,2,"Preventive &Promo-
tive Health Services",,,182200000.0,False,,"Preventive &Promo-
tive Health Services",
narok,2019_20,2,"Curative Health Ser-
vices",,187053885.0,250500437.0,False,,"Curative Health Ser-
vices",
nyamira,2019_20,2,"Livestock Promotion
ans Development","Animal Health Disease and Man-
agement",6500000.0,144000.0,False,,"Livestock Promotion
ans Development","Animal Health Disease and Man-
agement"
nyamira,2019_20,2,DEPARTMENT: HEALTH SERVICES,,,,False,,DEPARTMENT: HEALTH SERVICES,
nyamira,2019_20,2,"Preventive and Pro-
motive Health Ser-
vices",Health Promotion,407522327.0,185505089.0,False,,"Preventive and Pro-
motive Health Ser-
vices",Health Promotion
nyamira,2019_20,2,"Preventive and Pro-
motive Health Ser-
vices",Communicable Disease Control,108831076.0,17095070.0,False,,"Preventive and Pro-
motive Health Ser-
vices",Communicable Disease Control
nyamira,2019_20,2,"Curative Health Ser-
vices",Medical services,1046188766.0,546251992.0,False,,"Curative Health Ser-
vices",Medical services
nyamira,2019_20,2,"Curative Health Ser-
vices",Facility infrastructural services,121055000.0,1808527.0,False,,"Curative Health Ser-
vices",Facility infrastructural services
nyamira,2019_20,2,"Curative Health Ser-
vices",,1813703586.0,808312946.0,False,,"Curative Health Ser-
vices",
nyandarua,2019_20,2,Human Resource Management,"Human Resource Management
(Including employee gratuity,
pension and medical insurance)",108650100.0,1586300.0,False,,Human Resource Management,"Human Resource Management
(Including employee gratuity,
pension and medical insurance)"
nyeri,2019_20,2,"Administration, Plan-
ning and General Sup-
port Services",Health Services,519098172.0,84402052.0,False,,"Administration, Plan-
ning and General Sup-
port Services",Health Services
samburu,2019_20,2,"Medical Services, Public Health & Sanitation",,,,False,,"Medical Services, Public Health & Sanitation",
samburu,2019_20,2,"0401004210 P1
Preventive and
Promotive Health
Services","0401044210 SP2 Environmental &
Health Promotion",74608471.0,36268307.0,False,,"0401004210 P1
Preventive and
Promotive Health
Services","0401044210 SP2 Environmental &
Health Promotion"
samburu,2019_20,2,"0401004210 P1
Preventive and
Promotive Health
Services",0402014210 SP1 Nutrition,14144518.0,6713890.0,False,,"0401004210 P1
Preventive and
Promotive Health
Services",0402014210 SP1 Nutrition
samburu,2019_20,2,"0401004210 P1
Preventive and
Promotive Health
Services","0401054210 SP3 Communicable
Disease Control",83111734.0,41098598.0,False,,"0401004210 P1
Preventive and
Promotive Health
Services","0401054210 SP3 Communicable
Disease Control"
samburu,2019_20,2,"0401004210 P1
Preventive and
Promotive Health
Services","0401064210 SP4 Non-communica-
ble Disease Prevention & Control",36870936.0,11585329.0,False,,"0401004210 P1
Preventive and
Promotive Health
Services","0401064210 SP4 Non-communica-
ble Disease Prevention & Control"
samburu,2019_20,2,"0401004210 P1
Preventive and
Promotive Health
Services","0401074210 SP5 Reproductive,
Maternal, Neonatal, child and Ad-
olescent Health",61112750.0,30493180.0,False,,"0401004210 P1
Preventive and
Promotive Health
Services","0401074210 SP5 Reproductive,
Maternal, Neonatal, child and Ad-
olescent Health"
samburu,2019_20,2,"0402004210 P2
Curative Health","0402044210 SP1 County Hospital
and Referral Services",362609585.0,166983937.0,False,,"0402004210 P2
Curative Health","0402044210 SP1 County Hospital
and Referral Services"
samburu,2019_20,2,"0402004210 P2
Curative Health","0402054210 SP2 Free Primary
Health Services",136200280.0,51290954.0,False,,"0402004210 P2
Curative Health","0402054210 SP2 Free Primary
Health Services"
samburu,2019_20,2,"0403004210 P3
General Admin-
istration Planning
and Support Ser-
vices","0403014210 SP1 Health Infrastruc-
ture Development",9049174.0,4418300.0,False,,"0403004210 P3
General Admin-
istration Planning
and Support Ser-
vices","0403014210 SP1 Health Infrastruc-
ture Development"
samburu,2019_20,2,"0403004210 P3
General Admin-
istration Planning
and Support Ser-
vices","0403054210 SP4 Health Policy,
Planning & Financing",440620345.0,28333689.0,False,,"0403004210 P3
General Admin-
istration Planning
and Support Ser-
vices","0403054210 SP4 Health Policy,
Planning & Financing"
samburu,2019_20,2,"0403004210 P3
General Admin-
istration Planning
and Support Ser-
vices","0403064210 SP5 Health Standards
and Quality Assurance Services",57090371.0,18545619.0,False,,"0403004210 P3
General Admin-
istration Planning
and Support Ser-
vices","0403064210 SP5 Health Standards
and Quality Assurance Services"
siaya,2019_20,2,COUNTY HEALTH SERVICES,,,,False,,COUNTY HEALTH SERVICES,
siaya,2019_20,2,Curative and Rehabilitative Health Care Services,"Curative and Re-
habilitative Health
Care Services",845207036.0,263732006.0,False,,Curative and Rehabilitative Health Care Services,"Curative and Re-
habilitative Health
Care Services"
siaya,2019_20,2,Preventive and Promotive Health Services,"Preventive and Pro-
motive Health Ser-
vices",173199992.0,88350360.0,False,,Preventive and Promotive Health Services,"Preventive and Pro-
motive Health Ser-
vices"
siaya,2019_20,2,Preventive and Promotive Health Services,,,,False,,Preventive and Promotive Health Services,
taita,2019_20,2,402003260.0,Health Development Programme,375136653.0,2813325.0,False,,402003260.0,Health Development Programme
taita,2019_20,2,402003260.0,Health Development Programme,375136653.0,2813325.0,False,,402003260.0,Health Development Programme
trans,2019_20,2,Health,,,,False,,Health,
trans,2019_20,2,"Administrative and support
services","Preventive & Promotive
Health Services",59600295.0,105800.0,False,,"Administrative and support
services","Preventive & Promotive
Health Services"
trans,2019_20,2,Medical health,"Health Research and Devel-
opment",1037244.0,,False,,Medical health,"Health Research and Devel-
opment"
trans,2019_20,2,"Administrative and support
services","Preventive & Promotive
Health Services",1616150453.0,744083810.0,False,,"Administrative and support
services","Preventive & Promotive
Health Services"
trans,2019_20,2,"Administrative and support
services","Health Research and Devel-
opment",539829575.0,85466055.0,False,,"Administrative and support
services","Health Research and Devel-
opment"
uasin,2019_20,2,Administration- Health Services,Curative Health Services,52758407.0,5262920.0,False,,Administration- Health Services,Curative Health Services
uasin,2019_20,2,Administration- Health Services,Health Infrastructure,408113176.0,17760768.0,False,,Administration- Health Services,Health Infrastructure
uasin,2019_20,2,Administration- Health Services,"Administration And Support
Services",1694496825.0,783711668.0,False,,Administration- Health Services,"Administration And Support
Services"
uasin,2019_20,2,Administration- Health Services,,2155368408.0,806735356.0,False,,Administration- Health Services,
uasin,2019_20,2,Administration- Health Services,,,,False,,Administration- Health Services,
uasin,2019_20,2,Clinical Services,Curative Health Services,60000000.0,,False,,Clinical Services,Curative Health Services
uasin,2019_20,2,Prevention and Health Promotion,"Administration And Support
Services",7978111.0,303180.0,False,,Prevention and Health Promotion,"Administration And Support
Services"
uasin,2019_20,2,Prevention and Health Promotion,,7978111.0,303180.0,False,,Prevention and Health Promotion,
uasin,2019_20,2,Prevention and Health Promotion,,,,False,,Prevention and Health Promotion,
vihiga,2019_20,2,"Administration, Planning, and
Support Service",Healthcare Financing,56205211.0,3976322.0,False,,"Administration, Planning, and
Support Service",Healthcare Financing
vihiga,2019_20,2,"Promotive and Preventive
Healthcare Services","Promotive and Preventive Healthcare Ser-
vices",27565284.0,730656.0,False,,"Promotive and Preventive
Healthcare Services","Promotive and Preventive Healthcare Ser-
vices"
vihiga,2019_20,2,"Promotive and Preventive
Healthcare Services",Public Health Services,16700000.0,192256.0,False,,"Promotive and Preventive
Healthcare Services",Public Health Services
vihiga,2019_20,2,"Promotive and Preventive
Healthcare Services",Community Health Strategy,6240000.0,469200.0,False,,"Promotive and Preventive
Healthcare Services",Community Health Strategy
vihiga,2019_20,2,"Promotive and Preventive
Healthcare Services",Health Promotion,3795284.0,44400.0,False,,"Promotive and Preventive
Healthcare Services",Health Promotion
vihiga,2019_20,2,"Promotive and Preventive
Healthcare Services",Reproductive Healthcare,340000.0,,False,,"Promotive and Preventive
Healthcare Services",Reproductive Healthcare
vihiga,2019_20,2,"Promotive and Preventive
Healthcare Services",Disease Surveillance and Emergency,490000.0,24800.0,False,,"Promotive and Preventive
Healthcare Services",Disease Surveillance and Emergency
vihiga,2019_20,2,"Curative And Rehabilitative
Health Services","Curative And Rehabilitative Health Ser-
vices",280394894.0,665800.0,False,,"Curative And Rehabilitative
Health Services","Curative And Rehabilitative Health Ser-
vices"
vihiga,2019_20,2,"Curative And Rehabilitative
Health Services",Medical services,280014894.0,665800.0,False,,"Curative And Rehabilitative
Health Services",Medical services
vihiga,2019_20,2,"Curative And Rehabilitative
Health Services",County referral services,240000.0,,False,,"Curative And Rehabilitative
Health Services",County referral services
vihiga,2019_20,2,"Curative And Rehabilitative
Health Services",Drugs and Other Medical Supplies,140000.0,,False,,"Curative And Rehabilitative
Health Services",Drugs and Other Medical Supplies
vihiga,2019_20,2,"Child and Maternal Health
Care",Child and Maternal Health Care,46188276.0,,False,,"Child and Maternal Health
Care",Child and Maternal Health Care
vihiga,2019_20,2,"Child and Maternal Health
Care",Antenatal and Post Natal healthcare,1800000.0,,False,,"Child and Maternal Health
Care",Antenatal and Post Natal healthcare
vihiga,2019_20,2,"Child and Maternal Health
Care",Antenatal and Post Natal Healthcare,1440000.0,,False,,"Child and Maternal Health
Care",Antenatal and Post Natal Healthcare
vihiga,2019_20,2,"Child and Maternal Health
Care",Maternity Services,41368276.0,,False,,"Child and Maternal Health
Care",Maternity Services
vihiga,2019_20,2,"Child and Maternal Health
Care","New-born, Child and Adolescent Health",1140000.0,,False,,"Child and Maternal Health
Care","New-born, Child and Adolescent Health"
vihiga,2019_20,2,"Child and Maternal Health
Care",Nutrition Services,440000.0,,False,,"Child and Maternal Health
Care",Nutrition Services
wajir,2019_20,2,"PUBLIC HEALTH , MEDICAL SER-
VICE AND SANITATION",,,,False,,"PUBLIC HEALTH , MEDICAL SER-
VICE AND SANITATION",
wajir,2019_20,2,"Curative, Rehabilitative and Referral Ser-
vices","Curative, Rehabilitative and
Referral Services",258110000.0,57104896.0,False,,"Curative, Rehabilitative and Referral Ser-
vices","Curative, Rehabilitative and
Referral Services"
wajir,2019_20,2,Preventive and promotive services,"Preventive and promotive
services",157575000.0,,False,,Preventive and promotive services,"Preventive and promotive
services"
wajir,2019_20,2,P8 Health Research Services,P8 Health Research Services,9596000.0,,False,,P8 Health Research Services,P8 Health Research Services
baringo,2019_20,3,Health /Preventive services,"General Administration, Planning & Support
Services",,28606170.0,False,,Health /Preventive services,"General Administration, Planning & Support
Services"
baringo,2019_20,3,Health /Preventive services,Support Service,,,False,,Health /Preventive services,Support Service
baringo,2019_20,3,"Curative and Rehabilitative
Services","General administration, planning & support
services",40164034.0,,False,,"Curative and Rehabilitative
Services","General administration, planning & support
services"
baringo,2019_20,3,"Curative and Rehabilitative
Services",Support Service,131914894.0,,False,,"Curative and Rehabilitative
Services",Support Service
baringo,2019_20,3,"Curative and Rehabilitative
Services",Support to County Hospitals (FIF),80074047.0,76283435.0,False,,"Curative and Rehabilitative
Services",Support to County Hospitals (FIF)
baringo,2019_20,3,"Preventive and Promotive
Health Services",Infrastructure Development,46400000.0,3224867.0,False,,"Preventive and Promotive
Health Services",Infrastructure Development
baringo,2019_20,3,"Preventive and Promotive
Health Services",Compensation for User fees Forgone,665007098.0,69296221.0,False,,"Preventive and Promotive
Health Services",Compensation for User fees Forgone
baringo,2019_20,3,"Preventive and Promotive
Health Services",Primary Health Care,28200000.0,6434620.0,False,,"Preventive and Promotive
Health Services",Primary Health Care
bomet,2019_20,3,"Infrastructure Develop-
ment","Non-Residential Buildings (offices,
schools, hospitals, etc..)",3000000.0,,False,,"Infrastructure Develop-
ment","Non-Residential Buildings (offices,
schools, hospitals, etc..)"
bomet,2019_20,3,"MEDICAL SERVICES
AND PUBLIC HEALTH",,,,False,,"MEDICAL SERVICES
AND PUBLIC HEALTH",
bomet,2019_20,3,Programmes 4,Transformative Health Care systems,87100000.0,30790681.0,False,,Programmes 4,Transformative Health Care systems
bomet,2019_20,3,Programmes 4,Cash Transfers to Health Facilities.,58853899.0,58837980.0,False,,Programmes 4,Cash Transfers to Health Facilities.
bomet,2019_20,3,Programmes 4,Medical Drugs,160770000.0,107401075.0,False,,Programmes 4,Medical Drugs
bomet,2019_20,3,Programmes 4,"Dressings and Other Non- Pharmaceu-
tical Medical Items -(gloves, linen, etc)",10000000.0,4687450.0,False,,Programmes 4,"Dressings and Other Non- Pharmaceu-
tical Medical Items -(gloves, linen, etc)"
bomet,2019_20,3,Programmes 4,"Community and health facility based
interventions",60329352.0,,False,,Programmes 4,"Community and health facility based
interventions"
bomet,2019_20,3,Programmes 4,Community maternal and child health,8981552.0,,False,,Programmes 4,Community maternal and child health
bomet,2019_20,3,P5. DEVELOPMENT,"Non-Residential Buildings (Hospitals,
Health centers, dispensaries)",185000000.0,5099298.0,False,,P5. DEVELOPMENT,"Non-Residential Buildings (Hospitals,
Health centers, dispensaries)"
bomet,2019_20,3,P5. DEVELOPMENT,"Purchase of Medical and Dental Equip-
ment -",25820000.0,9641489.0,False,,P5. DEVELOPMENT,"Purchase of Medical and Dental Equip-
ment -"
bomet,2019_20,3,P5. DEVELOPMENT,Leasing of medical equipment,131914894.0,,False,,P5. DEVELOPMENT,Leasing of medical equipment
bomet,2019_20,3,"P.2Crop development and
management","Non-Residential Buildings (offices,
schools, hospitals, etc.- Satellite ATCs",4900000.0,3338236.0,False,,"P.2Crop development and
management","Non-Residential Buildings (offices,
schools, hospitals, etc.- Satellite ATCs"
bomet,2019_20,3,"P.2Crop development and
management","Policy development on animal health
and production",1000000.0,,False,,"P.2Crop development and
management","Policy development on animal health
and production"
bungoma,2019_20,3,"Preventive and Promotive Health
Services","Preventive and Promotive
Health Services",332889500.0,105238923.0,False,,"Preventive and Promotive Health
Services","Preventive and Promotive
Health Services"
bungoma,2019_20,3,"Curative and Rehabilitative Health
Services","Curative and Rehabilitative
Health Services",315001345.0,,False,,"Curative and Rehabilitative Health
Services","Curative and Rehabilitative
Health Services"
bungoma,2019_20,3,"Reproductive, Maternal, New
Born and Child Health","Reproductive, Maternal, New
Born and Child Health",190613112.0,,False,,"Reproductive, Maternal, New
Born and Child Health","Reproductive, Maternal, New
Born and Child Health"
bungoma,2019_20,3,Public Health Department,Public health Department,8008550.0,,False,,Public Health Department,Public health Department
elgeyo,2019_20,3,Department of Health Services,,,,False,,Department of Health Services,
elgeyo,2019_20,3,Preventive and Promotive health,,55410481.0,,False,,Preventive and Promotive health,
elgeyo,2019_20,3,Preventive and Promotive health,"Community and Environmental
Health",47210481.0,,False,,Preventive and Promotive health,"Community and Environmental
Health"
elgeyo,2019_20,3,Preventive and Promotive health,"Communicable & Non-Communi-
cable",8200000.0,,False,,Preventive and Promotive health,"Communicable & Non-Communi-
cable"
elgeyo,2019_20,3,Preventive and Promotive health,Disease Prevention & Control,,,False,,Preventive and Promotive health,Disease Prevention & Control
elgeyo,2019_20,3,Curative and Rehabilitative Health,,849602746.0,,False,,Curative and Rehabilitative Health,
elgeyo,2019_20,3,Curative and Rehabilitative Health,Commodity management,95257103.0,,False,,Curative and Rehabilitative Health,Commodity management
elgeyo,2019_20,3,Curative and Rehabilitative Health,County Hospitals,390431202.0,,False,,Curative and Rehabilitative Health,County Hospitals
elgeyo,2019_20,3,Curative and Rehabilitative Health,Primary Care Units,352914441.0,,False,,Curative and Rehabilitative Health,Primary Care Units
elgeyo,2019_20,3,Curative and Rehabilitative Health,Emergency Medical Services,11000000.0,,False,,Curative and Rehabilitative Health,Emergency Medical Services
embu,2019_20,3,Primary Health Care,,1228076816.0,763247757.0,False,,Primary Health Care,
embu,2019_20,3,"Health Promotion & Disease
Control",,453511964.0,313443166.0,False,,"Health Promotion & Disease
Control",
embu,2019_20,3,Primary Health Care,,259931469.0,139694880.0,False,,Primary Health Care,
embu,2019_20,3,"Health Promotion & Disease
Control",,53386955.0,38840665.0,False,,"Health Promotion & Disease
Control",
garissa,2019_20,3,HEALTH,"Curative and Emergency Services Depart-
ment",,,False,,HEALTH,"Curative and Emergency Services Depart-
ment"
garissa,2019_20,3,HEALTH,Curative Services,,,False,,HEALTH,Curative Services
garissa,2019_20,3,HEALTH,Preventive and Promotive Health,711013649.0,117348176.0,False,,HEALTH,Preventive and Promotive Health
garissa,2019_20,3,HEALTH,Preventive and Promotive Services,22718750.0,8600783.0,False,,HEALTH,Preventive and Promotive Services
garissa,2019_20,3,HEALTH,Curative Services,497414894.0,97792400.0,False,,HEALTH,Curative Services
garissa,2019_20,3,HEALTH,"General Administration and Support Ser-
vices",190880005.0,10954993.0,False,,HEALTH,"General Administration and Support Ser-
vices"
garissa,2019_20,3,HEALTH,Administration Finance and HR,2161075806.0,1725059544.0,False,,HEALTH,Administration Finance and HR
garissa,2019_20,3,HEALTH,Preventive and Promotive Services,49638369.0,38247239.0,False,,HEALTH,Preventive and Promotive Services
garissa,2019_20,3,HEALTH,Curative Services,68320000.0,0.0,False,,HEALTH,Curative Services
garissa,2019_20,3,HEALTH,"General Administration and Support Ser-
vices",2043117437.0,1686812305.0,False,,HEALTH,"General Administration and Support Ser-
vices"
homa,2019_20,3,"Livestock Development Pro-
gramme","Livestock Health and Disease
Management",5613000.0,,False,,"Livestock Development Pro-
gramme","Livestock Health and Disease
Management"
homa,2019_20,3,Department of Health Services,,,,False,,Department of Health Services,
homa,2019_20,3,"Preventive and promotive health
services",Community health services,77400000.0,31100000.0,False,,"Preventive and promotive health
services",Community health services
homa,2019_20,3,"Preventive and promotive health
services",Disease control services,47500000.0,17579017.0,False,,"Preventive and promotive health
services",Disease control services
homa,2019_20,3,"Curative and rehabilitative
health services",Routine medical health services,268017729.0,217356330.0,False,,"Curative and rehabilitative
health services",Routine medical health services
homa,2019_20,3,"Curative and rehabilitative
health services","Medical emergency response
services",12000000.0,,False,,"Curative and rehabilitative
health services","Medical emergency response
services"
homa,2019_20,3,"Curative and rehabilitative
health services","Facility infrastructure improve-
ment services",323247690.0,81173378.0,False,,"Curative and rehabilitative
health services","Facility infrastructure improve-
ment services"
kajiado,2019_20,3,"General Administration,
Planning and Support Ser-
vices","Health Policy, Planning & Financing",,,False,,"General Administration,
Planning and Support Ser-
vices","Health Policy, Planning & Financing"
kajiado,2019_20,3,Curative Health Services,Medical Services,312834835.0,110430616.0,False,,Curative Health Services,Medical Services
kajiado,2019_20,3,Curative Health Services,Ambulance Services,,,False,,Curative Health Services,Ambulance Services
kajiado,2019_20,3,Curative and Rehabilitative,Medical Supplies,,,False,,Curative and Rehabilitative,Medical Supplies
kajiado,2019_20,3,Curative and Rehabilitative,Ambulance services,10059700.0,4912655.0,False,,Curative and Rehabilitative,Ambulance services
kajiado,2019_20,3,Public Health and Sanitation,Preventive and Promotive,209568093.0,79523275.0,False,,Public Health and Sanitation,Preventive and Promotive
kajiado,2019_20,3,Public Health and Sanitation,Licensing and control of undertaking,10358518.0,2187520.0,False,,Public Health and Sanitation,Licensing and control of undertaking
kajiado,2019_20,3,Public Health and Sanitation,Sanitation,4526166.0,1353080.0,False,,Public Health and Sanitation,Sanitation
kajiado,2019_20,3,Public Health and Sanitation,Mobile Clinics,5105918.0,1200000.0,False,,Public Health and Sanitation,Mobile Clinics
kakamega,2019_20,3,Preventive and promotive services,,172247625.0,20502575.0,False,,Preventive and promotive services,
kakamega,2019_20,3,Preventive and promotive services,Community Health Strategy,48000000.0,12318240.0,False,,Preventive and promotive services,Community Health Strategy
kakamega,2019_20,3,Preventive and promotive services,Diseases surveillance & Emergency response,5000000.0,1383635.0,False,,Preventive and promotive services,Diseases surveillance & Emergency response
kakamega,2019_20,3,Preventive and promotive services,Nutrition service Promotion,2000000.0,126000.0,False,,Preventive and promotive services,Nutrition service Promotion
kakamega,2019_20,3,Preventive and promotive services,HIV /AIDS Control,2000000.0,366000.0,False,,Preventive and promotive services,HIV /AIDS Control
kakamega,2019_20,3,Preventive and promotive services,Maternal and child healthcare promotion,107321625.0,1955500.0,False,,Preventive and promotive services,Maternal and child healthcare promotion
kakamega,2019_20,3,Preventive and promotive services,TB Control,2000000.0,879900.0,False,,Preventive and promotive services,TB Control
kakamega,2019_20,3,Preventive and promotive services,Malaria control,1926000.0,,False,,Preventive and promotive services,Malaria control
kakamega,2019_20,3,Preventive and promotive services,Promotion of family planning,4000000.0,3473300.0,False,,Preventive and promotive services,Promotion of family planning
kakamega,2019_20,3,Curative services,,1874042224.0,1158534114.0,False,,Curative services,
kakamega,2019_20,3,Curative services,Curative services,973967631.0,667072881.0,False,,Curative services,Curative services
kakamega,2019_20,3,Curative services,Community Health Strategy,885074593.0,476461233.0,False,,Curative services,Community Health Strategy
kakamega,2019_20,3,Curative services,Disease Surveillance and Response,15000000.0,15000000.0,False,,Curative services,Disease Surveillance and Response
kakamega,2019_20,3,"Administrative, planning and support services",Health Data and Information Management,16074000.0,5930100.0,False,,"Administrative, planning and support services",Health Data and Information Management
kericho,2019_20,3,DEPARTMENT: HEALTH SERVICES,,,,False,,DEPARTMENT: HEALTH SERVICES,
kericho,2019_20,3,Curative Health,"Administration and Plan-
ning",967643829.0,,False,,Curative Health,"Administration and Plan-
ning"
kericho,2019_20,3,Curative Health,Hospital(curative)Services,140537188.0,,False,,Curative Health,Hospital(curative)Services
kericho,2019_20,3,Preventive and Promotive Health,"Preventive Medicine and
Promotive Health",1518269245.0,,False,,Preventive and Promotive Health,"Preventive Medicine and
Promotive Health"
kericho,2019_20,3,Preventive and Promotive Health,,2626450263.0,,False,,Preventive and Promotive Health,
kiambu,2019_20,3,Health Services,,,,False,,Health Services,
kiambu,2019_20,3,"0401004060 Curative and pre-
ventive health care services","Health curative ser-
vices",1826018923.0,935999633.0,False,,"0401004060 Curative and pre-
ventive health care services","Health curative ser-
vices"
kiambu,2019_20,3,"0403004060 Preventive Health
Services","Community Health
Services",153335906.0,43863218.0,False,,"0403004060 Preventive Health
Services","Community Health
Services"
kilifi,2019_20,3,Medical Services,Gen Medical Services,2000000000.0,1693894768.95,False,,Medical Services,Gen Medical Services
kilifi,2019_20,3,Medical Services,Gen Public Service,489123063.0,160863274.0,False,,Medical Services,Gen Public Service
kilifi,2019_20,3,Medical Services,Development,994666654.0,192051720.3,False,,Medical Services,Development
kilifi,2019_20,3,Public Health,"Health Promotion & Non com-
bative prevention",665624896.0,137898056.0,False,,Public Health,"Health Promotion & Non com-
bative prevention"
kirinyaga,2019_20,3,"Curative and Rehabilitative
Services",040301 Curative and Rehabilitative Services,2423221282.0,1378633600.0,False,,"Curative and Rehabilitative
Services",040301 Curative and Rehabilitative Services
kisii,2019_20,3,County Health Services,Medical services,4080255441.0,2364312879.0,False,,County Health Services,Medical services
kisii,2019_20,3,County Health Services,Public health,14950000.0,5551978.0,False,,County Health Services,Public health
kisumu,2019_20,3,"County planning & development coordination ser-
vices",Health Sector Support Program [DANIDA],,,False,,"County planning & development coordination ser-
vices",Health Sector Support Program [DANIDA]
kisumu,2019_20,3,"County planning & development coordination ser-
vices",Kisumu County Referal hospital,,,False,,"County planning & development coordination ser-
vices",Kisumu County Referal hospital
kisumu,2019_20,3,"County planning & development coordination ser-
vices",Health curative services,,,False,,"County planning & development coordination ser-
vices",Health curative services
kisumu,2019_20,3,"County planning & development coordination ser-
vices",Preventive & promotive health services,,,False,,"County planning & development coordination ser-
vices",Preventive & promotive health services
kisumu,2019_20,3,"County planning & development coordination ser-
vices",Jaramogi Oginga Odinga Teaching & Referal Hospital,,,False,,"County planning & development coordination ser-
vices",Jaramogi Oginga Odinga Teaching & Referal Hospital
kisumu,2019_20,3,"County planning & development coordination ser-
vices",Medical and Bio – Medical services,,,False,,"County planning & development coordination ser-
vices",Medical and Bio – Medical services
kisumu,2019_20,3,"County planning & development coordination ser-
vices",Preventive and Promotive health services,,,False,,"County planning & development coordination ser-
vices",Preventive and Promotive health services
kitui,2019_20,3,Health & Sanitation,,,,False,,Health & Sanitation,
kitui,2019_20,3,Public Health,403013710,32634788.0,35070974.0,False,,Public Health,403013710
kitui,2019_20,3,Medical Services,402013710,1785773305.0,1602650229.0,False,,Medical Services,402013710
kitui,2019_20,3,Rural Health Services,402013710,212494501.0,163030131.0,False,,Rural Health Services,402013710
kitui,2019_20,3,Public Health,403033710,3625129.0,2560026.0,False,,Public Health,403033710
kitui,2019_20,3,Medical Services,403023710,446896946.0,304067368.0,False,,Medical Services,403023710
kitui,2019_20,3,Rural Health Services,402033710,295960939.0,169765274.0,False,,Rural Health Services,402033710
kitui,2019_20,3,Health Promotion & Disease Control,404013710,1678948.0,902072.0,False,,Health Promotion & Disease Control,404013710
kitui,2019_20,3,Public Health,403023710,2282640.0,1174033.0,False,,Public Health,403023710
kitui,2019_20,3,Rural Health Services,404023710,146059341.0,74968339.0,False,,Rural Health Services,404023710
kitui,2019_20,3,Medical Services,402023710,11204218.0,3092068.0,False,,Medical Services,402023710
kitui,2019_20,3,Rural Health Services,404043710,22499906.0,,False,,Rural Health Services,404043710
kitui,2019_20,3,Medical Services,404033710,26062500.0,,False,,Medical Services,404033710
kwale,2019_20,3,Medical and Public Health Services,,,,False,,Medical and Public Health Services,
kwale,2019_20,3,Medical Drugs(0402043060)),,216533928.0,144700848.0,False,,Medical Drugs(0402043060)),
kwale,2019_20,3,Msambweni Hospital (0405013060),,26976000.0,2756722.0,False,,Msambweni Hospital (0405013060),
kwale,2019_20,3,Kinango Hospital(0406013060),,23395000.0,1733807.0,False,,Kinango Hospital(0406013060),
kwale,2019_20,3,Kwale Hospital(0407013060),,23974800.0,1271901.0,False,,Kwale Hospital(0407013060),
kwale,2019_20,3,Tiwi Rural Health Facility(0408013060),,4820000.0,74200.0,False,,Tiwi Rural Health Facility(0408013060),
kwale,2019_20,3,Samburu Hospital(0409013060),,1240000.0,,False,,Samburu Hospital(0409013060),
kwale,2019_20,3,Lungalunga Hospital(0410013060),,20100000.0,470550.0,False,,Lungalunga Hospital(0410013060),
kwale,2019_20,3,Public Health(0401053060),,43750000.0,1176059.0,False,,Public Health(0401053060),
kwale,2019_20,3,Rural Health Facilities(0412013060),,290633634.0,20844582.0,False,,Rural Health Facilities(0412013060),
kwale,2019_20,3,Diani Health Center (0413013060),,600000.0,,False,,Diani Health Center (0413013060),
lamu,2019_20,3,Medical Services,Headquarters,714628305.0,513944489.0,False,,Medical Services,Headquarters
lamu,2019_20,3,Medical Services,Curative & Rehabilitative Health Dept,141980020.0,48889924.0,False,,Medical Services,Curative & Rehabilitative Health Dept
lamu,2019_20,3,Medical Services,Preventive & Promotive Health Dept,57724264.0,5796875.0,False,,Medical Services,Preventive & Promotive Health Dept
lamu,2019_20,3,"Public Health Sanitation
and Environment",Headquarter,86274460.0,47844900.0,False,,"Public Health Sanitation
and Environment",Headquarter
lamu,2019_20,3,Medical Services,Headquarters,,,False,,Medical Services,Headquarters
lamu,2019_20,3,Medical Services,Curative & Rehabilitative Health Dept,350000.0,,False,,Medical Services,Curative & Rehabilitative Health Dept
lamu,2019_20,3,Medical Services,Preventive & Promotive Health Dept,335891284.0,13065500.0,False,,Medical Services,Preventive & Promotive Health Dept
machakos,2019_20,3,Health and Emergency Services,,,,False,,Health and Emergency Services,
machakos,2019_20,3,Preventive and Promotive Services,Preventive and Promotive Services,926013550.0,94292517.0,False,,Preventive and Promotive Services,Preventive and Promotive Services
machakos,2019_20,3,"public health and community out-
reach","public health and community out-
reach",168619502.0,9833240.0,False,,"public health and community out-
reach","public health and community out-
reach"
marsabit,2019_20,3,Health Services,Curative Health Services,207000000.0,127494155.0,False,,Health Services,Curative Health Services
marsabit,2019_20,3,Health Services,"General Administration, Planning
and Support Services",1809065412.0,1079914945.0,False,,Health Services,"General Administration, Planning
and Support Services"
marsabit,2019_20,3,Health Services,Maternal and child health,10000000.0,9979491.0,False,,Health Services,Maternal and child health
meru,2019_20,3,Preventive and Promotive,,,,False,,Preventive and Promotive,
meru,2019_20,3,Health Care Services,Preventive health care,25652122.0,,False,,Health Care Services,Preventive health care
meru,2019_20,3,Curative Health,Curative health care services,722700419.0,243093446.0,False,,Curative Health,Curative health care services
migori,2019_20,3,HEALTH,,,,False,,HEALTH,
migori,2019_20,3,"Planning and administra-
tive support services","Health Management Informative
System",1500000.0,1210910.0,False,,"Planning and administra-
tive support services","Health Management Informative
System"
migori,2019_20,3,"Preventive And Promotive
Health Services",Community Health Services,44860680.0,25730232.0,False,,"Preventive And Promotive
Health Services",Community Health Services
migori,2019_20,3,"Preventive And Promotive
Health Services","Sanitation And Environmental
Health Services",1000000.0,,False,,"Preventive And Promotive
Health Services","Sanitation And Environmental
Health Services"
migori,2019_20,3,"Preventive And Promotive
Health Services",Human Nutrition And Dietetics,2000000.0,1115500.0,False,,"Preventive And Promotive
Health Services",Human Nutrition And Dietetics
migori,2019_20,3,"Preventive And Promotive
Health Services",Communicable Disease Control,1000000.0,,False,,"Preventive And Promotive
Health Services",Communicable Disease Control
migori,2019_20,3,"Preventive And Promotive
Health Services",Hiv And Aids Management,2000000.0,,False,,"Preventive And Promotive
Health Services",Hiv And Aids Management
migori,2019_20,3,"Preventive And Promotive
Health Services",Disease Surveillance/,1500000.0,1141500.0,False,,"Preventive And Promotive
Health Services",Disease Surveillance/
migori,2019_20,3,"Preventive And Promotive
Health Services","Emergency Preparedness And Re-
sponse",1000000.0,57600.0,False,,"Preventive And Promotive
Health Services","Emergency Preparedness And Re-
sponse"
migori,2019_20,3,"Preventive And Promotive
Health Services",Health Promotion,1500000.0,1014200.0,False,,"Preventive And Promotive
Health Services",Health Promotion
migori,2019_20,3,"Preventive And Promotive
Health Services",Family& Reproductive Health,17000000.0,2313500.0,False,,"Preventive And Promotive
Health Services",Family& Reproductive Health
migori,2019_20,3,"Curative , Rehabilitative
and Referral services","Pharmaceutical And Non –Phar-
maceutical Commodities",316638857.0,103561306.0,False,,"Curative , Rehabilitative
and Referral services","Pharmaceutical And Non –Phar-
maceutical Commodities"
migori,2019_20,3,"Curative , Rehabilitative
and Referral services",Diagnostic Services,2500000.0,1404450.0,False,,"Curative , Rehabilitative
and Referral services",Diagnostic Services
migori,2019_20,3,Veterinary services,"Veterinary public health manage-
ment",2920000.0,,False,,Veterinary services,"Veterinary public health manage-
ment"
mombasa,2019_20,3,3017 Health Services,Administration Unit,,,False,,3017 Health Services,Administration Unit
mombasa,2019_20,3,3017 Health Services,"Curative/Clinical Health Ser-
vices",,,False,,3017 Health Services,"Curative/Clinical Health Ser-
vices"
mombasa,2019_20,3,3017 Health Services,"Preventive and Promotive Ser-
vices Unit",,,False,,3017 Health Services,"Preventive and Promotive Ser-
vices Unit"
mombasa,2019_20,3,3017 Health Services,Special Programs,,,False,,3017 Health Services,Special Programs
muranga,2019_20,3,Curative Health Services,Forensic and Diagnostics,3000000.0,701205.0,False,,Curative Health Services,Forensic and Diagnostics
muranga,2019_20,3,Curative Health Services,Free Primary Healthcare,288924209.0,144538654.0,False,,Curative Health Services,Free Primary Healthcare
nairobi,2019_20,3,"0401000 P.1 Preventive & Pro-
motive Health Services","0401115310 HIV/AIDS
Prevention & Control Unit",4440402.0,75000.0,False,,"0401000 P.1 Preventive & Pro-
motive Health Services","0401115310 HIV/AIDS
Prevention & Control Unit"
nairobi,2019_20,3,"0401000 P.1 Preventive & Pro-
motive Health Services",0401125310 TB Control,2200000.0,,False,,"0401000 P.1 Preventive & Pro-
motive Health Services",0401125310 TB Control
nairobi,2019_20,3,"0401000 P.1 Preventive & Pro-
motive Health Services","0401135310 Malaria Con-
trol & Other Communica-
ble Diseases",1400000.0,117600.0,False,,"0401000 P.1 Preventive & Pro-
motive Health Services","0401135310 Malaria Con-
trol & Other Communica-
ble Diseases"
nairobi,2019_20,3,"0401000 P.1 Preventive & Pro-
motive Health Services","0401145310 Reproductive
Health & Maternal Health
(RMNCAH)",148661321.0,26874517.0,False,,"0401000 P.1 Preventive & Pro-
motive Health Services","0401145310 Reproductive
Health & Maternal Health
(RMNCAH)"
nairobi,2019_20,3,"0401000 P.1 Preventive & Pro-
motive Health Services","0401155310 Environmen-
tal / Public Health",96300000.0,16672800.0,False,,"0401000 P.1 Preventive & Pro-
motive Health Services","0401155310 Environmen-
tal / Public Health"
nairobi,2019_20,3,0402005310 Curative care,"0402065310 sp.2.6 County
Referral Hospitals",231416000.0,19054866.0,False,,0402005310 Curative care,"0402065310 sp.2.6 County
Referral Hospitals"
nairobi,2019_20,3,0402005310 Curative care,,218544000.0,29042325.0,False,,0402005310 Curative care,
nairobi,2019_20,3,0402005310 Curative care,,191266000.0,14443324.0,False,,0402005310 Curative care,
nairobi,2019_20,3,0402005310 Curative care,,91224000.0,921000.0,False,,0402005310 Curative care,
nairobi,2019_20,3,0402005310 Curative care,"0402075310 sp.2.7 Health
Centres & dispensaries",305338679.0,18509418.0,False,,0402005310 Curative care,"0402075310 sp.2.7 Health
Centres & dispensaries"
nairobi,2019_20,3,"0404005310 General adminis-
tration, planning and support
services","0404015310 Sp4.1 Admin-
istration/Human Resource
for Health",5324566646.0,3065151239.0,False,,"0404005310 General adminis-
tration, planning and support
services","0404015310 Sp4.1 Admin-
istration/Human Resource
for Health"
nairobi,2019_20,3,"0404005310 General adminis-
tration, planning and support
services","0404025310 Sp4.2 Health
Policy,Planning & Financ-
ing",49900000.0,2067909.0,False,,"0404005310 General adminis-
tration, planning and support
services","0404025310 Sp4.2 Health
Policy,Planning & Financ-
ing"
nairobi,2019_20,3,"0404005310 General adminis-
tration, planning and support
services","0404035310 sp 4.3 Health
Commodities",651957500.0,237542176.0,False,,"0404005310 General adminis-
tration, planning and support
services","0404035310 sp 4.3 Health
Commodities"
nairobi,2019_20,3,"0116005310 P.10:Animal
Health, Safety and Quality
Assurance","0116015310 sp 10.1 An-
imal Research, Diseases,
Pest Control & Quality As-
surance",55152413.0,,False,,"0116005310 P.10:Animal
Health, Safety and Quality
Assurance","0116015310 sp 10.1 An-
imal Research, Diseases,
Pest Control & Quality As-
surance"
nakuru,2019_20,3,Health Promotive Services,Health Promotive Services,658704271.0,214270777.0,False,,Health Promotive Services,Health Promotive Services
nakuru,2019_20,3,"Provision of Essential Health
Services in all
the Levels.","Provision of Essential Health
Services in all
the Levels.",2221962276.0,633801029.0,False,,"Provision of Essential Health
Services in all
the Levels.","Provision of Essential Health
Services in all
the Levels."
nakuru,2019_20,3,"Health Infrastructure Develop-
ment","Health Infrastructure Develop-
ment",41308823.0,6442542.0,False,,"Health Infrastructure Develop-
ment","Health Infrastructure Develop-
ment"
nakuru,2019_20,3,Human Resources for health,Human Resources for health,3671481897.0,1572013380.0,False,,Human Resources for health,Human Resources for health
nandi,2019_20,3,Health and Sanitation,,,,False,,Health and Sanitation,
nandi,2019_20,3,Health Service Delivery Administration Services,"Health Service De-
livery Administra-
tion Services",1401929007.0,1146474057.0,False,,Health Service Delivery Administration Services,"Health Service De-
livery Administra-
tion Services"
nandi,2019_20,3,Health Service Delivery Administration Services,"Construction of
building",397901930.0,27494524.0,False,,Health Service Delivery Administration Services,"Construction of
building"
nandi,2019_20,3,Preventive & Promotive Health Services,"Community Health
Services",554221800.0,451571316.0,False,,Preventive & Promotive Health Services,"Community Health
Services"
nandi,2019_20,3,Curative Health Services,"Curative Health
Management Ser-
vices",423642186.0,313664854.0,False,,Curative Health Services,"Curative Health
Management Ser-
vices"
nandi,2019_20,3,"Health Sector Programme Support
(DANIDA FUNDS)","County Health Fa-
cilities Support
(DANIDA)",41692835.0,16988558.0,False,,"Health Sector Programme Support
(DANIDA FUNDS)","County Health Fa-
cilities Support
(DANIDA)"
nyamira,2019_20,3,"Agriculture, Livestock
and Fisheries","Animal Health Disease and Man-
agement",1900000.0,512000.0,False,,"Agriculture, Livestock
and Fisheries","Animal Health Disease and Man-
agement"
nyamira,2019_20,3,Health Services,Health Promotion,427522327.0,247134806.0,False,,Health Services,Health Promotion
nyamira,2019_20,3,Health Services,Communicable Disease Control,162021613.0,41020497.0,False,,Health Services,Communicable Disease Control
nyamira,2019_20,3,Health Services,Administration support services,177301155.0,110837429.0,False,,Health Services,Administration support services
nyamira,2019_20,3,Health Services,Medical services,1090125247.0,822979874.0,False,,Health Services,Medical services
nyamira,2019_20,3,Health Services,Facility infrastructural services,41055000.0,12084186.0,False,,Health Services,Facility infrastructural services
nyeri,2019_20,3,"Administration, Plan-
ning and General Sup-
port Services",Health Services,519098172.0,1699143711.0,False,,"Administration, Plan-
ning and General Sup-
port Services",Health Services
samburu,2019_20,3,"MEDICAL SERVICES, PUBLIC HEALTH & SANITATION",,,,False,,"MEDICAL SERVICES, PUBLIC HEALTH & SANITATION",
samburu,2019_20,3,"0401004210 P1 Pre-
ventive and Promotive
Health Services",0401044210 SP2 Environmental & Health promotion,85748104.0,,False,,"0401004210 P1 Pre-
ventive and Promotive
Health Services",0401044210 SP2 Environmental & Health promotion
samburu,2019_20,3,"0401004210 P1 Pre-
ventive and Promotive
Health Services",0402014210 SP1 Nutrition,14144518.0,,False,,"0401004210 P1 Pre-
ventive and Promotive
Health Services",0402014210 SP1 Nutrition
samburu,2019_20,3,"0401004210 P1 Pre-
ventive and Promotive
Health Services",0401054210 SP3 Communicable Disease Control,82991734.0,,False,,"0401004210 P1 Pre-
ventive and Promotive
Health Services",0401054210 SP3 Communicable Disease Control
samburu,2019_20,3,"0401004210 P1 Pre-
ventive and Promotive
Health Services","0401064210 SP4 Non-communicable Disease Prevention
& Control",38870936.0,,False,,"0401004210 P1 Pre-
ventive and Promotive
Health Services","0401064210 SP4 Non-communicable Disease Prevention
& Control"
samburu,2019_20,3,"0401004210 P1 Pre-
ventive and Promotive
Health Services","0401074210 SP5 Reproductive, Maternal, Neonatal, child
and Adolescent Health",61112750.0,,False,,"0401004210 P1 Pre-
ventive and Promotive
Health Services","0401074210 SP5 Reproductive, Maternal, Neonatal, child
and Adolescent Health"
samburu,2019_20,3,"0402004210 P2 Curative
Health",0402044210 SP1 County Hospital and Referral Services,360109585.0,,False,,"0402004210 P2 Curative
Health",0402044210 SP1 County Hospital and Referral Services
samburu,2019_20,3,"0402004210 P2 Curative
Health",0402054210 SP2 Free Primary Health Services,158200280.0,,False,,"0402004210 P2 Curative
Health",0402054210 SP2 Free Primary Health Services
samburu,2019_20,3,"0403004210 P3 General
Administration Planning
and Support Services",0403014210 SP1 Health Infrastructure development,368462715.0,,False,,"0403004210 P3 General
Administration Planning
and Support Services",0403014210 SP1 Health Infrastructure development
samburu,2019_20,3,"0403004210 P3 General
Administration Planning
and Support Services","0403054210 SP4 Health Policy, Planning & Financing",45009299.0,,False,,"0403004210 P3 General
Administration Planning
and Support Services","0403054210 SP4 Health Policy, Planning & Financing"
samburu,2019_20,3,"0403004210 P3 General
Administration Planning
and Support Services","0403064210 SP5 Health standards and quality assurance
Services",57090371.0,,False,,"0403004210 P3 General
Administration Planning
and Support Services","0403064210 SP5 Health standards and quality assurance
Services"
siaya,2019_20,3,COUNTY HEALTH SERVICES,,,,False,,COUNTY HEALTH SERVICES,
siaya,2019_20,3,"Curative and Rehabilitative Health Care
Services","Curative and Reha-
bilitative Health Care
Services",,91825653.0,False,,"Curative and Rehabilitative Health Care
Services","Curative and Reha-
bilitative Health Care
Services"
siaya,2019_20,3,Preventive and Promotive Health Services,"Preventive and Promo-
tive Health Services",,122481234.0,False,,Preventive and Promotive Health Services,"Preventive and Promo-
tive Health Services"
taita,2019_20,3,402003260.0,Health Development Programme,301036653.0,38865550.0,False,,402003260.0,Health Development Programme
taita,2019_20,3,402003260.0,Health Development Programme,301036653.0,38865550.0,False,,402003260.0,Health Development Programme
tana,2019_20,3,"Construction and rehabilitation of
Health Facilities",,148200000.0,,False,,"Construction and rehabilitation of
Health Facilities",
tana,2019_20,3,Curative and Rehabilitative,,197316864.0,35896272.0,False,,Curative and Rehabilitative,
tana,2019_20,3,Medical Supplies,,162120000.0,23017372.0,False,,Medical Supplies,
tana,2019_20,3,Medical Services,,20480864.0,12233900.0,False,,Medical Services,
tana,2019_20,3,Preventive and Promotive,,18927600.0,2730440.0,False,,Preventive and Promotive,
tana,2019_20,3,Preventive and Promotive,,14190800.0,1604870.0,False,,Preventive and Promotive,
trans,2019_20,3,Health,,,,False,,Health,
trans,2019_20,3,Administrative and support services,"Preventive & Promotive Health Ser-
vices",53768230.0,105800.0,False,,Administrative and support services,"Preventive & Promotive Health Ser-
vices"
trans,2019_20,3,Medical health,Health Research and Development,1037244.0,,False,,Medical health,Health Research and Development
trans,2019_20,3,"Preventive & Promotive Health Ser-
vices","Preventive & Promotive Health Ser-
vices",1566650453.0,1360998138.0,False,,"Preventive & Promotive Health Ser-
vices","Preventive & Promotive Health Ser-
vices"
trans,2019_20,3,Health Research and Development,Health Research and Development,529759194.0,182032527.0,False,,Health Research and Development,Health Research and Development
turkana,2019_20,3,401074110.0,Health Facilities,26500000.0,,False,,401074110.0,Health Facilities
turkana,2019_20,3,401074110.0,Support to Health Programs,149622386.0,96271751.0,False,,401074110.0,Support to Health Programs
turkana,2019_20,3,402114110.0,Health promotion,89486714.0,70595186.0,False,,402114110.0,Health promotion
turkana,2019_20,3,410094110.0,Rural Health Facility Support,2400000.0,390000.0,False,,410094110.0,Rural Health Facility Support
turkana,2019_20,3,410104110.0,Sub county Health Facilities Support,3300600.0,,False,,410104110.0,Sub county Health Facilities Support
turkana,2019_20,3,412014110.0,Medical Supplies,406782467.0,30814055.0,False,,412014110.0,Medical Supplies
turkana,2019_20,3,412024110.0,Health mgt,4500000.0,147342.0,False,,412024110.0,Health mgt
turkana,2019_20,3,413014110.0,Health Information & Mgt,6328287.0,976500.0,False,,413014110.0,Health Information & Mgt
turkana,2019_20,3,413034110.0,Universal Health Care,37175822.0,,False,,413034110.0,Universal Health Care
vihiga,2019_20,3,"Administration, Planning
and Support Service",Healthcare Financing,,,False,,"Administration, Planning
and Support Service",Healthcare Financing
vihiga,2019_20,3,"Promotive and Preventive
Healthcare Services","Promotive and Preventive Healthcare Ser-
vices",,,False,,"Promotive and Preventive
Healthcare Services","Promotive and Preventive Healthcare Ser-
vices"
vihiga,2019_20,3,"Promotive and Preventive
Healthcare Services",Public Health Services,,,False,,"Promotive and Preventive
Healthcare Services",Public Health Services
vihiga,2019_20,3,"Promotive and Preventive
Healthcare Services",Community Health Strategy,,,False,,"Promotive and Preventive
Healthcare Services",Community Health Strategy
vihiga,2019_20,3,"Promotive and Preventive
Healthcare Services",Health Promotion,,,False,,"Promotive and Preventive
Healthcare Services",Health Promotion
vihiga,2019_20,3,"Promotive and Preventive
Healthcare Services",Reproductive Healthcare,,,False,,"Promotive and Preventive
Healthcare Services",Reproductive Healthcare
vihiga,2019_20,3,"Promotive and Preventive
Healthcare Services",Disease Surveillance and Emergency,,,False,,"Promotive and Preventive
Healthcare Services",Disease Surveillance and Emergency
vihiga,2019_20,3,"Curative And Rehabilita-
tive Health Services",Curative And Rehabilitative Health Services,,,False,,"Curative And Rehabilita-
tive Health Services",Curative And Rehabilitative Health Services
vihiga,2019_20,3,"Curative And Rehabilita-
tive Health Services",Medical services,,,False,,"Curative And Rehabilita-
tive Health Services",Medical services
vihiga,2019_20,3,"Curative And Rehabilita-
tive Health Services",County referral services,,,False,,"Curative And Rehabilita-
tive Health Services",County referral services
vihiga,2019_20,3,"Curative And Rehabilita-
tive Health Services",Drugs and Other Medical Supplies,,,False,,"Curative And Rehabilita-
tive Health Services",Drugs and Other Medical Supplies
vihiga,2019_20,3,"Child and Maternal
Health Care",Child and Maternal Health Care,,,False,,"Child and Maternal
Health Care",Child and Maternal Health Care
vihiga,2019_20,3,"Child and Maternal
Health Care",Antenatal and Post Natal healthcare,,,False,,"Child and Maternal
Health Care",Antenatal and Post Natal healthcare
vihiga,2019_20,3,"Child and Maternal
Health Care",Antenatal and Post Natal Healthcare,,,False,,"Child and Maternal
Health Care",Antenatal and Post Natal Healthcare
vihiga,2019_20,3,"Child and Maternal
Health Care",Maternity Services,,,False,,"Child and Maternal
Health Care",Maternity Services
vihiga,2019_20,3,"Child and Maternal
Health Care","Newborne, Child and Adolescent Health",,,False,,"Child and Maternal
Health Care","Newborne, Child and Adolescent Health"
vihiga,2019_20,3,"Child and Maternal
Health Care",Nutrition Services,,,False,,"Child and Maternal
Health Care",Nutrition Services
wajir,2019_20,3,"PUBLIC HEALTH , MEDICAL
SERVICE AND SANITATION",,,,False,,"PUBLIC HEALTH , MEDICAL
SERVICE AND SANITATION",
wajir,2019_20,3,"0401003360 P1 Curative, Reha-
bilitative and Referral Services","0401003360 P1 Curative, Rehabilita-
tive and Referral Services",392142699.0,57104896.0,False,,"0401003360 P1 Curative, Reha-
bilitative and Referral Services","0401003360 P1 Curative, Rehabilita-
tive and Referral Services"
wajir,2019_20,3,"0402003360 P2 Preventive and
promotive services","0402003360 P2 Preventive and pro-
motive services",291607699.0,,False,,"0402003360 P2 Preventive and
promotive services","0402003360 P2 Preventive and pro-
motive services"
wajir,2019_20,3,"0408003360 P8 Health Research
Services","0408003360 P8 Health Research
Services",9596000.0,,False,,"0408003360 P8 Health Research
Services","0408003360 P8 Health Research
Services"
west,2019_20,3,"Health, Sanitation and Emergencies",,,,False,,"Health, Sanitation and Emergencies",
west,2019_20,3,"Health, Sanitation
and Emergencies","SP 1(General Administration ,planning and Support Services",1271360134.0,942858990.0,False,,"Health, Sanitation
and Emergencies","SP 1(General Administration ,planning and Support Services"
west,2019_20,3,"Health, Sanitation
and Emergencies",SP 2-(Preventive Health Services),103194287.0,67211674.0,False,,"Health, Sanitation
and Emergencies",SP 2-(Preventive Health Services)
west,2019_20,3,"Health, Sanitation
and Emergencies",SP 3-(Kapenguria Referral Hospital),177005477.0,74604941.0,False,,"Health, Sanitation
and Emergencies",SP 3-(Kapenguria Referral Hospital)
west,2019_20,3,"Health, Sanitation
and Emergencies",SP 4-(Kacheliba Sub county hospital),17860000.0,8372490.0,False,,"Health, Sanitation
and Emergencies",SP 4-(Kacheliba Sub county hospital)
west,2019_20,3,"Health, Sanitation
and Emergencies",SP 5-(Sigor Sub county hospital),16860000.0,7867825.0,False,,"Health, Sanitation
and Emergencies",SP 5-(Sigor Sub county hospital)
west,2019_20,3,"Health, Sanitation
and Emergencies",SP 6-(Chepareria Sub county hospital),19890000.0,7814080.0,False,,"Health, Sanitation
and Emergencies",SP 6-(Chepareria Sub county hospital)
west,2019_20,3,"Health, Sanitation
and Emergencies",SP 8(Ward Specific),142807368.0,25386109.0,False,,"Health, Sanitation
and Emergencies",SP 8(Ward Specific)
baringo,2019_20,4,Health/preventive services,,,38890490.0,False,,Health/preventive services,
baringo,2019_20,4,Health/preventive services,"General administration, plan-
ning & support services",,38890490.0,False,,Health/preventive services,"General administration, plan-
ning & support services"
baringo,2019_20,4,Health/preventive services,Support service,,,False,,Health/preventive services,Support service
baringo,2019_20,4,"Curative and Rehabilitative
Services",,300152975.0,81740447.0,False,,"Curative and Rehabilitative
Services",
baringo,2019_20,4,"Curative and Rehabilitative
Services","General administration, plan-
ning & support services",88164034.0,3055602.0,False,,"Curative and Rehabilitative
Services","General administration, plan-
ning & support services"
baringo,2019_20,4,"Curative and Rehabilitative
Services",Support service,131914894.0,,False,,"Curative and Rehabilitative
Services",Support service
baringo,2019_20,4,"Curative and Rehabilitative
Services","Support to County Hospitals
(FIF)",80074047.0,78684845.0,False,,"Curative and Rehabilitative
Services","Support to County Hospitals
(FIF)"
baringo,2019_20,4,"Preventive and Promotive
Health Services",,366806717.0,210782503.0,False,,"Preventive and Promotive
Health Services",
baringo,2019_20,4,"Preventive and Promotive
Health Services",Infrastructure Development,38900000.0,16109187.0,False,,"Preventive and Promotive
Health Services",Infrastructure Development
baringo,2019_20,4,"Preventive and Promotive
Health Services","Compensation for User fees
Forgone",305506717.0,184902402.0,False,,"Preventive and Promotive
Health Services","Compensation for User fees
Forgone"
baringo,2019_20,4,"Preventive and Promotive
Health Services",Primary Health Care,22400000.0,9770914.0,False,,"Preventive and Promotive
Health Services",Primary Health Care
bomet,2019_20,4,"Infrastructure Devel-
opment","Non-Residential Build-
ings (offices, schools,
hospitals)",3000000.0,,False,,"Infrastructure Devel-
opment","Non-Residential Build-
ings (offices, schools,
hospitals)"
bomet,2019_20,4,Programmes 4,"Transformative Health
Care systems",88329983.0,55370813.0,False,,Programmes 4,"Transformative Health
Care systems"
bomet,2019_20,4,Programmes 4,"Cash Transfers to Health
Facilities.",11660690.0,10996000.0,False,,Programmes 4,"Cash Transfers to Health
Facilities."
bomet,2019_20,4,Programmes 4,Medical Drugs,22204000.0,21788636.0,False,,Programmes 4,Medical Drugs
bomet,2019_20,4,Programmes 4,"Dressings and Other
Non- Pharmaceutical
Medical Items -(gloves,
linen, etc)",40791637.0,39985354.0,False,,Programmes 4,"Dressings and Other
Non- Pharmaceutical
Medical Items -(gloves,
linen, etc)"
bomet,2019_20,4,Programmes 4,"Community and health
facility based interven-
tions",8259185.0,7841850.0,False,,Programmes 4,"Community and health
facility based interven-
tions"
bomet,2019_20,4,Programmes 4,"Non-Residential Build-
ings (Hospitals, Health
centres, dispensaries)",33452703.0,11860645.0,False,,Programmes 4,"Non-Residential Build-
ings (Hospitals, Health
centres, dispensaries)"
bomet,2019_20,4,Programmes 4,"Purchase of Medical and
Dental Equipment -",22171489.0,20221489.0,False,,Programmes 4,"Purchase of Medical and
Dental Equipment -"
bomet,2019_20,4,Programmes 4,"Leasing of medical
equipment",60972095.0,26833614.0,False,,Programmes 4,"Leasing of medical
equipment"
bomet,2019_20,4,"Operation and main-
tenance","Non-Residential Build-
ings (offices, schools,
hospitals, etc.- Satellite
ATCs",4900000.0,3338236.0,False,,"Operation and main-
tenance","Non-Residential Build-
ings (offices, schools,
hospitals, etc.- Satellite
ATCs"
bungoma,2019_20,4,Health and Sanitation,,,,False,,Health and Sanitation,
bungoma,2019_20,4,"Preventive and Promotive Health
Services","Preventive and Promotive Health
Services",379654848.0,155238923.0,False,,"Preventive and Promotive Health
Services","Preventive and Promotive Health
Services"
bungoma,2019_20,4,"Curative and Rehabilitative
Health Services","Curative and Rehabilitative
Health Services",361766693.0,100000000.0,False,,"Curative and Rehabilitative
Health Services","Curative and Rehabilitative
Health Services"
bungoma,2019_20,4,"Reproductive, Maternal, New
Born and Child Health","Reproductive, Maternal, New
Born and Child Health",190613112.0,24008466.0,False,,"Reproductive, Maternal, New
Born and Child Health","Reproductive, Maternal, New
Born and Child Health"
bungoma,2019_20,4,Public health Department,Public health Department,8008550.0,,False,,Public health Department,Public health Department
busia,2019_20,4,"Cp 9: Veterinary Health
Services",Csp 9.1: Veterinary Disease Control,22562191.0,15872717.0,False,,"Cp 9: Veterinary Health
Services",Csp 9.1: Veterinary Disease Control
busia,2019_20,4,"Cp 9: Veterinary Health
Services",Csp 9.2: Ai Services,,,False,,"Cp 9: Veterinary Health
Services",Csp 9.2: Ai Services
busia,2019_20,4,"Cp 9: Veterinary Health
Services",Csp 9.3: Meat Inspection Services,2000000.0,2000000.0,False,,"Cp 9: Veterinary Health
Services",Csp 9.3: Meat Inspection Services
busia,2019_20,4,Department Of Health And Sanitation,,,,False,,Department Of Health And Sanitation,
busia,2019_20,4,"Cp 55: Curative Health
Services",Csp 55.1: Infrastructure Development,406622903.0,188120174.0,False,,"Cp 55: Curative Health
Services",Csp 55.1: Infrastructure Development
busia,2019_20,4,"Cp 55: Curative Health
Services",Csp 55.2: Hospital Equipment,25957238.0,8815517.0,False,,"Cp 55: Curative Health
Services",Csp 55.2: Hospital Equipment
embu,2019_20,4,Health,,,,False,,Health,
embu,2019_20,4,Curative Health Services,Primary Health Care,1303684649.0,1147976656.0,False,,Curative Health Services,Primary Health Care
embu,2019_20,4,"Preventive and Promotive
Health Services","Health Promotion & Disease
Control",481432902.0,423932071.0,False,,"Preventive and Promotive
Health Services","Health Promotion & Disease
Control"
embu,2019_20,4,Embu Level 5 Hospital,,,,False,,Embu Level 5 Hospital,
embu,2019_20,4,Curative Health Services,Primary Health Care,,313181286.0,False,,Curative Health Services,Primary Health Care
embu,2019_20,4,"Preventive and Promotive
Health Services","Health Promotion & Disease
Control",,64323859.0,False,,"Preventive and Promotive
Health Services","Health Promotion & Disease
Control"
garissa,2019_20,4,Health,"Curative and Emergency Services Depart-
ment",,,False,,Health,"Curative and Emergency Services Depart-
ment"
garissa,2019_20,4,Health,Curative Services,,,False,,Health,Curative Services
garissa,2019_20,4,Sp1,Preventive and Promotive Health,667013649.0,246154290.0,False,,Sp1,Preventive and Promotive Health
garissa,2019_20,4,Sp1,Preventive and Promotive Services,22718750.0,19890716.0,False,,Sp1,Preventive and Promotive Services
garissa,2019_20,4,Sp1,Curative Services,453414894.0,190064788.0,False,,Sp1,Curative Services
garissa,2019_20,4,Sp2,Preventive and Promotive Services,49638369.0,47359830.0,False,,Sp2,Preventive and Promotive Services
garissa,2019_20,4,Sp2,Curative Services,68320000.0,21540460.0,False,,Sp2,Curative Services
homa,2019_20,4,"Livestock Development
Programme","Livestock Health and Dis-
ease Management",3813000.0,,False,,"Livestock Development
Programme","Livestock Health and Dis-
ease Management"
homa,2019_20,4,Department of Health Services,,,,False,,Department of Health Services,
homa,2019_20,4,"Preventive and promotive
health services",Community health services,77400000.0,68000000.0,False,,"Preventive and promotive
health services",Community health services
homa,2019_20,4,"Preventive and promotive
health services",Disease control services,47500000.0,40500000.0,False,,"Preventive and promotive
health services",Disease control services
homa,2019_20,4,"Curative and rehabilitative
health services","Routine medical health ser-
vices",268017729.0,240395531.0,False,,"Curative and rehabilitative
health services","Routine medical health ser-
vices"
homa,2019_20,4,"Curative and rehabilitative
health services","Medical emergency re-
sponse services",12000000.0,12000000.0,False,,"Curative and rehabilitative
health services","Medical emergency re-
sponse services"
homa,2019_20,4,"Curative and rehabilitative
health services","Facility infrastructure im-
provement services",167046785.0,119913500.0,False,,"Curative and rehabilitative
health services","Facility infrastructure im-
provement services"
isiolo,2019_20,4,401003000,"Community Health
Strategy",,,False,,401003000,"Community Health
Strategy"
isiolo,2019_20,4,401003000,"Preventive and Promo-
tive Health Services",129522002.0,109847499.0,False,,401003000,"Preventive and Promo-
tive Health Services"
isiolo,2019_20,4,401003000,"Health communication,
Promotive Services &
health promotion",,,False,,401003000,"Health communication,
Promotive Services &
health promotion"
isiolo,2019_20,4,402003000,"Provision Of Essential
Health products In all
The Level",,,False,,402003000,"Provision Of Essential
Health products In all
The Level"
isiolo,2019_20,4,402003000,"Preventive and Promo-
tive Services",218422141.0,145017492.0,False,,402003000,"Preventive and Promo-
tive Services"
isiolo,2019_20,4,403003000,"Curative and Rehabil-
itative Health Services",86411350.0,66124073.0,False,,403003000,"Curative and Rehabil-
itative Health Services"
isiolo,2019_20,4,403003000,"Health Information
System",,,False,,403003000,"Health Information
System"
isiolo,2019_20,4,403003000,"Human Resources for
health",,,False,,403003000,"Human Resources for
health"
isiolo,2019_20,4,403003000,"Curative Infrastructure
Support",7362876.0,6686074.0,False,,403003000,"Curative Infrastructure
Support"
isiolo,2019_20,4,404003000,"World Bank Loan for
Transforming Health
System for Universal
Car",,,False,,404003000,"World Bank Loan for
Transforming Health
System for Universal
Car"
kajiado,2019_20,4,"General Administra-
tion, Planning and Sup-
port Services","Health Policy, Planning & Fi-
nancing",,,False,,"General Administra-
tion, Planning and Sup-
port Services","Health Policy, Planning & Fi-
nancing"
kajiado,2019_20,4,"Preventive & Promo-
tive Health Services",,,,False,,"Preventive & Promo-
tive Health Services",
kajiado,2019_20,4,"Preventive & Promo-
tive Health Services","Promotion of Primary Health
Care",,,False,,"Preventive & Promo-
tive Health Services","Promotion of Primary Health
Care"
kajiado,2019_20,4,"Preventive & Promo-
tive Health Services","Licencing and Control Undertak-
ing",,,False,,"Preventive & Promo-
tive Health Services","Licencing and Control Undertak-
ing"
kajiado,2019_20,4,"Preventive & Promo-
tive Health Services","Cemetric Funeral Parlour and
Crematoria",,,False,,"Preventive & Promo-
tive Health Services","Cemetric Funeral Parlour and
Crematoria"
kajiado,2019_20,4,"Curative Health Ser-
vices",Medical Services,380262635.0,288666524.0,False,,"Curative Health Ser-
vices",Medical Services
kajiado,2019_20,4,"Curative Health Ser-
vices",Ambulance Services,,,False,,"Curative Health Ser-
vices",Ambulance Services
kajiado,2019_20,4,"Curative and Rehabili-
tative",Medical Supplies,,,False,,"Curative and Rehabili-
tative",Medical Supplies
kajiado,2019_20,4,"Curative and Rehabili-
tative",Ambulance services,10059700.0,7526785.0,False,,"Curative and Rehabili-
tative",Ambulance services
kajiado,2019_20,4,"Public Health and San-
itation",,242721919.0,186806097.0,False,,"Public Health and San-
itation",
kajiado,2019_20,4,"Public Health and San-
itation",Preventive and Promotive,221331317.0,173537456.0,False,,"Public Health and San-
itation",Preventive and Promotive
kajiado,2019_20,4,"Public Health and San-
itation","Licensing and control of under-
taking",11358518.0,7549670.0,False,,"Public Health and San-
itation","Licensing and control of under-
taking"
kajiado,2019_20,4,"Public Health and San-
itation",Sanitation,4926166.0,3850142.0,False,,"Public Health and San-
itation",Sanitation
kajiado,2019_20,4,"Public Health and San-
itation",Mobile Clinics,5105918.0,1868829.0,False,,"Public Health and San-
itation",Mobile Clinics
kakamega,2019_20,4,Preventive And Promotive Services,,158106525.0,145700688.0,False,,Preventive And Promotive Services,
kakamega,2019_20,4,Preventive And Promotive Services,"Preventive and promo-
tive services",,,False,,Preventive And Promotive Services,"Preventive and promo-
tive services"
kakamega,2019_20,4,Preventive And Promotive Services,"Community Health
Strategy",73858900.0,71627600.0,False,,Preventive And Promotive Services,"Community Health
Strategy"
kakamega,2019_20,4,Preventive And Promotive Services,"Diseases surveillance &
Emergency response",5000000.0,3383635.0,False,,Preventive And Promotive Services,"Diseases surveillance &
Emergency response"
kakamega,2019_20,4,Preventive And Promotive Services,"Nutrition service Pro-
motion",2000000.0,1458160.0,False,,Preventive And Promotive Services,"Nutrition service Pro-
motion"
kakamega,2019_20,4,Preventive And Promotive Services,HIV /AIDS Control,2000000.0,1111500.0,False,,Preventive And Promotive Services,HIV /AIDS Control
kakamega,2019_20,4,Preventive And Promotive Services,"Maternal and child
healthcare promotion",67321625.0,62700193.0,False,,Preventive And Promotive Services,"Maternal and child
healthcare promotion"
kakamega,2019_20,4,Preventive And Promotive Services,TB Control,2000000.0,1780300.0,False,,Preventive And Promotive Services,TB Control
kakamega,2019_20,4,Preventive And Promotive Services,Malaria control,1926000.0,166000.0,False,,Preventive And Promotive Services,Malaria control
kakamega,2019_20,4,Preventive And Promotive Services,"Promotion of family
planning",4000000.0,3473300.0,False,,Preventive And Promotive Services,"Promotion of family
planning"
kakamega,2019_20,4,Curative Services,,2174322218.0,1841853368.0,False,,Curative Services,
kakamega,2019_20,4,Curative Services,Curative services,936967631.0,767951248.0,False,,Curative Services,Curative services
kakamega,2019_20,4,Curative Services,"Community Health
Strategy",1222354587.0,1058902120.0,False,,Curative Services,"Community Health
Strategy"
kakamega,2019_20,4,Curative Services,"Disease Surveillance
and Response",15000000.0,15000000.0,False,,Curative Services,"Disease Surveillance
and Response"
kakamega,2019_20,4,Curative Services,"Primary Medical Health
Services",,,False,,Curative Services,"Primary Medical Health
Services"
kakamega,2019_20,4,"Administrative, Planning And Support
Services","Health Data and Infor-
mation Management",16074000.0,9436750.0,False,,"Administrative, Planning And Support
Services","Health Data and Infor-
mation Management"
kericho,2019_20,4,Health Services,,,,False,,Health Services,
kericho,2019_20,4,Curative Health,Administration and Planning,1019777428.0,984493780.0,False,,Curative Health,Administration and Planning
kericho,2019_20,4,Curative Health,Hospital(curative)Services,125537188.0,129770517.0,False,,Curative Health,Hospital(curative)Services
kericho,2019_20,4,"Preventive And Pro-
motive Health","Preventive Medicine and Promo-
tive Health",1541590204.0,1369226783.0,False,,"Preventive And Pro-
motive Health","Preventive Medicine and Promo-
tive Health"
kericho,2019_20,4,"Preventive And Pro-
motive Health",,2686904820.0,2483491079.0,False,,"Preventive And Pro-
motive Health",
kericho,2019_20,4,"Preventive And Pro-
motive Health",,,,False,,"Preventive And Pro-
motive Health",
kilifi,2019_20,4,Medical Services,Gen Medical Services,2000000000.0,1993894769.0,False,,Medical Services,Gen Medical Services
kilifi,2019_20,4,Medical Services,Gen Public Service,1070544550.0,447158076.0,False,,Medical Services,Gen Public Service
kilifi,2019_20,4,Medical Services,Development,560768227.0,286075912.0,False,,Medical Services,Development
kirinyaga,2019_20,4,"Curative and Re-
habilitative Ser-
vices","040301 Curative and Rehabilitative
Services",2423221282.0,2070053217.0,False,,"Curative and Re-
habilitative Ser-
vices","040301 Curative and Rehabilitative
Services"
kisumu,2019_20,4,"Preventive And
Promotive Health
Services","Environmental Health And San-
itation",140100399.0,117091414.0,False,,"Preventive And
Promotive Health
Services","Environmental Health And San-
itation"
kisumu,2019_20,4,"Preventive And
Promotive Health
Services",Community Health Strategy,560000.0,276600.0,False,,"Preventive And
Promotive Health
Services",Community Health Strategy
kisumu,2019_20,4,"Preventive And
Promotive Health
Services",Disease Surveillance,161814000.0,161205935.0,False,,"Preventive And
Promotive Health
Services",Disease Surveillance
kisumu,2019_20,4,"Preventive And
Promotive Health
Services",Health Promotion Services,92822884.0,88766327.0,False,,"Preventive And
Promotive Health
Services",Health Promotion Services
kisumu,2019_20,4,"Health Curative
Services","Elimination Of Communicable
And Non – Communicable Dis-
eases",40227900.0,11745347.0,False,,"Health Curative
Services","Elimination Of Communicable
And Non – Communicable Dis-
eases"
kisumu,2019_20,4,"Health Curative
Services",Reproductive Health,2206583.0,698800.0,False,,"Health Curative
Services",Reproductive Health
kisumu,2019_20,4,"General Administra-
tion, Operational Re-
search And Planning
Services",Human Resource For Health,2656826706.0,2541971152.0,False,,"General Administra-
tion, Operational Re-
search And Planning
Services",Human Resource For Health
kisumu,2019_20,4,"Health Sector Support
Program",Health Promotion Services,500000.0,232940.0,False,,"Health Sector Support
Program",Health Promotion Services
kisumu,2019_20,4,"Jaramogi Oginga
Odinga Teaching And
Referral Hospital","J.O.O Teaching And Referral
Hospital",435679954.0,331886465.0,False,,"Jaramogi Oginga
Odinga Teaching And
Referral Hospital","J.O.O Teaching And Referral
Hospital"
kisumu,2019_20,4,"Kisumu County Refer-
ral Hospital","Kisumu County Referral Hos-
pital",26574850.0,26574850.0,False,,"Kisumu County Refer-
ral Hospital","Kisumu County Referral Hos-
pital"
kisumu,2019_20,4,"County And Sub
– County Hospital
Services","County And Sub – County Hos-
pital Services",179302887.0,51156859.0,False,,"County And Sub
– County Hospital
Services","County And Sub – County Hos-
pital Services"
kitui,2019_20,4,Vote 3716 - Health and Sanitation,,,,False,,Vote 3716 - Health and Sanitation,
kitui,2019_20,4,"Health Promotion and Disease Con-
trol",,1586148.0,1432628.0,False,,"Health Promotion and Disease Con-
trol",
kitui,2019_20,4,Medical Services,,2118882429.0,1945233606.0,False,,Medical Services,
kitui,2019_20,4,Medical Services,,11204218.0,10157895.0,False,,Medical Services,
kitui,2019_20,4,Medical Services,,446896946.0,446793974.0,False,,Medical Services,
kitui,2019_20,4,Medical Services,,26062500.0,25588472.0,False,,Medical Services,
kitui,2019_20,4,Public Health,,32224927.0,38108674.0,False,,Public Health,
kitui,2019_20,4,Public Health,,1799113.0,1724756.0,False,,Public Health,
kitui,2019_20,4,Public Health,,4716833.0,4696304.0,False,,Public Health,
kitui,2019_20,4,Rural Health Services,,295960939.0,294535452.0,False,,Rural Health Services,
kitui,2019_20,4,Rural Health Services,,146059341.0,136079388.0,False,,Rural Health Services,
kitui,2019_20,4,Rural Health Services,,22499906.0,17750137.0,False,,Rural Health Services,
kwale,2019_20,4,"Medical And Public Health
Services",,,,False,,"Medical And Public Health
Services",
kwale,2019_20,4,"Medical And Public Health
Services","General Administra-
tion(0403013060)",976259375.0,571035709.0,False,,"Medical And Public Health
Services","General Administra-
tion(0403013060)"
kwale,2019_20,4,"Medical And Public Health
Services","M e d i c a l
Drugs(0402043060))",189752097.0,185495792.0,False,,"Medical And Public Health
Services","M e d i c a l
Drugs(0402043060))"
kwale,2019_20,4,"Medical And Public Health
Services",Hmis(0403043060),5500000.0,5403940.0,False,,"Medical And Public Health
Services",Hmis(0403043060)
kwale,2019_20,4,"Medical And Public Health
Services","Personnel Ser-
vices(0403053060)",1511572240.0,1511565623.0,False,,"Medical And Public Health
Services","Personnel Ser-
vices(0403053060)"
kwale,2019_20,4,"Medical And Public Health
Services","Msambweni Hospital
(0405013060)",179433000.0,15730266.0,False,,"Medical And Public Health
Services","Msambweni Hospital
(0405013060)"
kwale,2019_20,4,"Medical And Public Health
Services","Kinango Hospi-
tal(0406013060)",21495000.0,3123777.0,False,,"Medical And Public Health
Services","Kinango Hospi-
tal(0406013060)"
kwale,2019_20,4,"Medical And Public Health
Services","Kwale Hospi-
tal(0407013060)",31324800.0,2608692.0,False,,"Medical And Public Health
Services","Kwale Hospi-
tal(0407013060)"
kwale,2019_20,4,"Medical And Public Health
Services","Tiwi Rural Health Facili-
ty(0408013060)",4620000.0,90600.0,False,,"Medical And Public Health
Services","Tiwi Rural Health Facili-
ty(0408013060)"
kwale,2019_20,4,"Medical And Public Health
Services","Samburu Hospi-
tal(0409013060)",940000.0,313230.0,False,,"Medical And Public Health
Services","Samburu Hospi-
tal(0409013060)"
kwale,2019_20,4,"Medical And Public Health
Services","Lungalunga Hospi-
tal(0410013060)",15200000.0,918380.0,False,,"Medical And Public Health
Services","Lungalunga Hospi-
tal(0410013060)"
kwale,2019_20,4,"Medical And Public Health
Services",Public Health(0401053060),16950000.0,5503059.0,False,,"Medical And Public Health
Services",Public Health(0401053060)
kwale,2019_20,4,"Medical And Public Health
Services","Rural Health Facili-
ties(0412013060)",309368636.0,83076316.0,False,,"Medical And Public Health
Services","Rural Health Facili-
ties(0412013060)"
kwale,2019_20,4,"Medical And Public Health
Services","Diani Health Cen-
ter(0413013060)",600000.0,79510.0,False,,"Medical And Public Health
Services","Diani Health Cen-
ter(0413013060)"
kwale,2019_20,4,"Medical And Public Health
Services","Other Current Trans-
fers(0401023060)",232432564.0,86990319.0,False,,"Medical And Public Health
Services","Other Current Trans-
fers(0401023060)"
laikipia,2019_20,4,County Health Services,,,,False,,County Health Services,
laikipia,2019_20,4,"General Administration & Plan-
ning","Essential Health Institutions &
Services",88228490.0,85958700.0,False,,"General Administration & Plan-
ning","Essential Health Institutions &
Services"
laikipia,2019_20,4,"General Administration & Plan-
ning","Health infrastructure develop-
ment",29644630.0,4275690.0,False,,"General Administration & Plan-
ning","Health infrastructure develop-
ment"
laikipia,2019_20,4,Curative & Rehabilitative Services,Strategic Health Interventions,2701874.0,1630014.0,False,,Curative & Rehabilitative Services,Strategic Health Interventions
laikipia,2019_20,4,Curative & Rehabilitative Services,"Emergency Referral & Reha-
bilitative Services",56037483.0,51185544.0,False,,Curative & Rehabilitative Services,"Emergency Referral & Reha-
bilitative Services"
laikipia,2019_20,4,Curative & Rehabilitative Services,Use of Goods & Services,3403748.0,3395950.0,False,,Curative & Rehabilitative Services,Use of Goods & Services
laikipia,2019_20,4,Curative & Rehabilitative Services,"Community Health Strategy,
Advocacy, and Surveillance",12608746.0,11887061.0,False,,Curative & Rehabilitative Services,"Community Health Strategy,
Advocacy, and Surveillance"
laikipia,2019_20,4,Preventive Health Services,Strategic Health Interventions,3800000.0,3792890.0,False,,Preventive Health Services,Strategic Health Interventions
laikipia,2019_20,4,Preventive Health Services,"Emergency Referral & Reha-
bilitative Services",940154.0,626820.0,False,,Preventive Health Services,"Emergency Referral & Reha-
bilitative Services"
laikipia,2019_20,4,Preventive Health Services,"Administrative project plan-
ning and implementation ser-
vices",30083881.0,29164414.0,False,,Preventive Health Services,"Administrative project plan-
ning and implementation ser-
vices"
laikipia,2019_20,4,Preventive Health Services,"Community Health Strategy,
Advocacy, and Surveillance",54654000.0,53409410.0,False,,Preventive Health Services,"Community Health Strategy,
Advocacy, and Surveillance"
laikipia,2019_20,4,Preventive Health Services,"Participatory Budgeting Sup-
port Services",750000.0,761300.0,False,,Preventive Health Services,"Participatory Budgeting Sup-
port Services"
laikipia,2019_20,4,Nanyuki Referral Hospital,"Emergency Referral & Reha-
bilitative Services",111757133.0,103170677.0,False,,Nanyuki Referral Hospital,"Emergency Referral & Reha-
bilitative Services"
laikipia,2019_20,4,Nyahururu Referral Hospital,"Emergency Referral & Reha-
bilitative Services",99395883.0,82216435.0,False,,Nyahururu Referral Hospital,"Emergency Referral & Reha-
bilitative Services"
laikipia,2019_20,4,"Livestock Resources Management
& Development","Animal Health and Disease
Management and Control",243640271.0,95276050.0,False,,"Livestock Resources Management
& Development","Animal Health and Disease
Management and Control"
lamu,2019_20,4,Medical Services,,,,False,,Medical Services,
lamu,2019_20,4,Medical Services,Headquarters,719778305.0,702874795.0,False,,Medical Services,Headquarters
lamu,2019_20,4,Medical Services,"Curative and Rehabilitative
Health Dept",137180020.0,122096645.0,False,,Medical Services,"Curative and Rehabilitative
Health Dept"
lamu,2019_20,4,Medical Services,"Preventive and Promotive Health
Dept",393615548.0,201931654.0,False,,Medical Services,"Preventive and Promotive Health
Dept"
lamu,2019_20,4,Public Health Sanitation and Environment,,,,False,,Public Health Sanitation and Environment,
lamu,2019_20,4,Public Health Sanitation and Environment,Headquarters,117855850.0,80708882.0,False,,Public Health Sanitation and Environment,Headquarters
machakos,2019_20,4,Health and Emergency Services,,,,False,,Health and Emergency Services,
machakos,2019_20,4,"Preventive and Promotive
Services","Preventive and Promotive
Services",926013550.0,188306299.0,False,,"Preventive and Promotive
Services","Preventive and Promotive
Services"
machakos,2019_20,4,"public health and communi-
ty outreach","public health and commu-
nity outreach",168619502.0,10678640.0,False,,"public health and communi-
ty outreach","public health and commu-
nity outreach"
makueni,2019_20,4,"Programme 2: Curative health
care services",,,,False,,"Programme 2: Curative health
care services",
makueni,2019_20,4,"SP2. 1:Curative health care ser-
vices",,310833333.0,259651194.0,False,,"SP2. 1:Curative health care ser-
vices",
makueni,2019_20,4,"Programme 3; Preventive and
promotive health care services",,,,False,,"Programme 3; Preventive and
promotive health care services",
makueni,2019_20,4,"SP3. 1Preventive and promotive
health care services",,70662182.0,31729836.0,False,,"SP3. 1Preventive and promotive
health care services",
marsabit,2019_20,4,Health Services,Curative Health Services,207000000.0,193349316.0,False,,Health Services,Curative Health Services
marsabit,2019_20,4,Health Services,"General Administration,
Planning and Support Ser-
vices",1698045412.0,1549835996.0,False,,Health Services,"General Administration,
Planning and Support Ser-
vices"
marsabit,2019_20,4,Health Services,Maternal and child health,10000000.0,9979491.0,False,,Health Services,Maternal and child health
meru,2019_20,4,Health Services,,,,False,,Health Services,
meru,2019_20,4,Preventive and Promotive,Preventive services,25652122.0,25652122.0,False,,Preventive and Promotive,Preventive services
meru,2019_20,4,Health Care Services,Promotive health care,,,False,,Health Care Services,Promotive health care
meru,2019_20,4,Curative Health,Curative health care services,722700419.0,494788513.0,False,,Curative Health,Curative health care services
meru,2019_20,4,Curative Health,,,,False,,Curative Health,
migori,2019_20,4,"Preventive and Promo-
tive Health Services",,43860680.0,36318390.0,False,,"Preventive and Promo-
tive Health Services",
migori,2019_20,4,"Preventive and Promo-
tive Health Services",,1000000.0,427320.0,False,,"Preventive and Promo-
tive Health Services",
migori,2019_20,4,"Preventive and Promo-
tive Health Services",,2000000.0,1115500.0,False,,"Preventive and Promo-
tive Health Services",
migori,2019_20,4,"Preventive and Promo-
tive Health Services",,1000000.0,,False,,"Preventive and Promo-
tive Health Services",
migori,2019_20,4,"Preventive and Promo-
tive Health Services",,2000000.0,,False,,"Preventive and Promo-
tive Health Services",
migori,2019_20,4,"Preventive and Promo-
tive Health Services",,257101000.0,122304802.0,False,,"Preventive and Promo-
tive Health Services",
migori,2019_20,4,"Preventive and Promo-
tive Health Services",,31000000.0,16213894.0,False,,"Preventive and Promo-
tive Health Services",
migori,2019_20,4,"Preventive and Promo-
tive Health Services",,1500000.0,1014200.0,False,,"Preventive and Promo-
tive Health Services",
migori,2019_20,4,"Preventive and Promo-
tive Health Services",,17000000.0,3965032.0,False,,"Preventive and Promo-
tive Health Services",
migori,2019_20,4,"Preventive and Promo-
tive Health Services",,242731680.0,181359138.0,False,,"Preventive and Promo-
tive Health Services",
migori,2019_20,4,"Curative, Rehabilitative
and Referral services",,395368857.0,119778715.0,False,,"Curative, Rehabilitative
and Referral services",
migori,2019_20,4,"Curative, Rehabilitative
and Referral services",,2500000.0,1404450.0,False,,"Curative, Rehabilitative
and Referral services",
migori,2019_20,4,"Curative, Rehabilitative
and Referral services",,397868857.0,121183165.0,False,,"Curative, Rehabilitative
and Referral services",
mombasa,2019_20,4,3017 Health Services,Administration Unit,3154266976.0,3821625324.0,False,,3017 Health Services,Administration Unit
mombasa,2019_20,4,3017 Health Services,"Curative/Clinical Health
Services",89460505.0,158614802.0,False,,3017 Health Services,"Curative/Clinical Health
Services"
mombasa,2019_20,4,3017 Health Services,"Preventive and Promo-
tive Services Unit",83062125.0,86416380.0,False,,3017 Health Services,"Preventive and Promo-
tive Services Unit"
mombasa,2019_20,4,3017 Health Services,Special Programs,940000.0,70393611.0,False,,3017 Health Services,Special Programs
nairobi,2019_20,4,"0401000 P.1 Preventive &
Promotive Health Services",,240501723.0,185332552.0,False,,"0401000 P.1 Preventive &
Promotive Health Services",
nairobi,2019_20,4,"0401145310 Reproductive
Health & Maternal Health
(Rmncah)",,147860421.0,145312152.0,False,,"0401145310 Reproductive
Health & Maternal Health
(Rmncah)",
nairobi,2019_20,4,"0401155310 Environmental /
Public Health",,86908100.0,39827800.0,False,,"0401155310 Environmental /
Public Health",
nairobi,2019_20,4,0402005310 Curative Care,,567788679.0,131394898.0,False,,0402005310 Curative Care,
nairobi,2019_20,4,"0402065310 Sp.2.6 County
Referral Hospitals",,360202000.0,102086656.0,False,,"0402065310 Sp.2.6 County
Referral Hospitals",
nairobi,2019_20,4,"0402075310 Sp.2.7 Health
Centres & Dispensaries",,207586679.0,29308242.0,False,,"0402075310 Sp.2.7 Health
Centres & Dispensaries",
nairobi,2019_20,4,"0404015310 Sp4.1 Adminis-
tration/Human Resource For
Health",,5180642446.0,4699776808.0,False,,"0404015310 Sp4.1 Adminis-
tration/Human Resource For
Health",
nairobi,2019_20,4,"0404025310 Sp4.2 Health Poli-
cy, Planning & Financing",,26358900.0,2276509.0,False,,"0404025310 Sp4.2 Health Poli-
cy, Planning & Financing",
nairobi,2019_20,4,"0404035310 Sp 4.3 Health
Commodities",,480263800.0,275048376.0,False,,"0404035310 Sp 4.3 Health
Commodities",
nairobi,2019_20,4,"0404035310 Sp 4.3 Health
Commodities",,,,False,,"0404035310 Sp 4.3 Health
Commodities",
nairobi,2019_20,4,"0116005310 P.10:Animal
Health, Safety And Quality
Assurance",,55152413.0,35741403.0,False,,"0116005310 P.10:Animal
Health, Safety And Quality
Assurance",
nakuru,2019_20,4,"Community Health
Strategy",Community Health Strategy,,,False,,"Community Health
Strategy",Community Health Strategy
nakuru,2019_20,4,"Environmental Health
and Sanitation Program","Environmental Health and Sanita-
tion Program",,,False,,"Environmental Health
and Sanitation Program","Environmental Health and Sanita-
tion Program"
nakuru,2019_20,4,"Health Promotive Ser-
vices",Health Promotive Services,663199771.0,421340721.0,False,,"Health Promotive Ser-
vices",Health Promotive Services
nakuru,2019_20,4,"Provision of Essential
Health Services in all
the Levels.","Provision of Essential Health Ser-
vices in all the Levels.",2618493744.0,1075904585.0,False,,"Provision of Essential
Health Services in all
the Levels.","Provision of Essential Health Ser-
vices in all the Levels."
nakuru,2019_20,4,"Health Infrastructure
Development",Health Infrastructure Development,74308823.0,57225702.0,False,,"Health Infrastructure
Development",Health Infrastructure Development
nakuru,2019_20,4,"Human Resources for
health",Human Resources for health,3588527931.0,3359364423.0,False,,"Human Resources for
health",Human Resources for health
nandi,2019_20,4,Health and Sanitation,,,,False,,Health and Sanitation,
nandi,2019_20,4,"Health Service Delivery Admin-
istration Services","Health Service Delivery
Administration Services",1401929007.0,1333150139.0,False,,"Health Service Delivery Admin-
istration Services","Health Service Delivery
Administration Services"
nandi,2019_20,4,"Health Service Delivery Admin-
istration Services",Construction of building,397901930.0,97003773.0,False,,"Health Service Delivery Admin-
istration Services",Construction of building
nandi,2019_20,4,"Preventive & Promotive Health
Services","Community Health Ser-
vices",558221800.0,513705545.0,False,,"Preventive & Promotive Health
Services","Community Health Ser-
vices"
nandi,2019_20,4,Curative Health Services,"Curative Health Manage-
ment Services",541968186.0,352648259.0,False,,Curative Health Services,"Curative Health Manage-
ment Services"
nandi,2019_20,4,"Health Sector Programme
Support
(DANIDA FUNDS)","County Health Faculties
Support (DANIDA)",47677835.0,29379543.0,False,,"Health Sector Programme
Support
(DANIDA FUNDS)","County Health Faculties
Support (DANIDA)"
narok,2019_20,4,112004610.0,"Health- Medical
Services",2797823937.0,2759537747.0,False,,112004610.0,"Health- Medical
Services"
narok,2019_20,4,401004610.0,"Preventive &Promotive
Health Services",657512500.0,657338124.0,False,,401004610.0,"Preventive &Promotive
Health Services"
narok,2019_20,4,401004610.0,Public Health,195827943.0,157647255.0,False,,401004610.0,Public Health
narok,2019_20,4,402004610.0,"Curative Health Ser-
vices",195827943.0,157647255.0,False,,402004610.0,"Curative Health Ser-
vices"
nyamira,2019_20,4,"Livestock Promotion and
Development","Animal Health Disease
and Management",1900000.0,1411000.0,False,,"Livestock Promotion and
Development","Animal Health Disease
and Management"
nyamira,2019_20,4,Department: Health Services,,,,False,,Department: Health Services,
nyamira,2019_20,4,"Preventive and Promotive
Health Services",Health Promotion,425022327.0,422241760.0,False,,"Preventive and Promotive
Health Services",Health Promotion
nyamira,2019_20,4,"Preventive and Promotive
Health Services","Communicable Disease
Control",162021613.0,111304813.0,False,,"Preventive and Promotive
Health Services","Communicable Disease
Control"
nyamira,2019_20,4,Curative Health Services,Medical services,1088525247.0,1068758068.0,False,,Curative Health Services,Medical services
nyamira,2019_20,4,Curative Health Services,"Facility infrastructural
services",38655000.0,30503578.0,False,,Curative Health Services,"Facility infrastructural
services"
nyandarua,2019_20,4,"Preventive and Promotive
Services","Preventive and Promotive Ser-
vices",12150000.0,11791467.0,False,,"Preventive and Promotive
Services","Preventive and Promotive Ser-
vices"
nyandarua,2019_20,4,Curative Services,"Curative Services (includ-
ing universal health care and
grants)",627247365.0,395144792.0,False,,Curative Services,"Curative Services (includ-
ing universal health care and
grants)"
samburu,2019_20,4,"Medical Services, Public Health & Sanitation",,,,False,,"Medical Services, Public Health & Sanitation",
samburu,2019_20,4,"0401004210 P1 Preventive
And Promotive Health Ser-
vices","0401044210 SP2 Envi-
ronmental & Health Pro-
motion",121441604.0,92707192.0,False,,"0401004210 P1 Preventive
And Promotive Health Ser-
vices","0401044210 SP2 Envi-
ronmental & Health Pro-
motion"
samburu,2019_20,4,"0401004210 P1 Preventive
And Promotive Health Ser-
vices","0402014210 SP1 Nutri-
tion",14039518.0,14025207.0,False,,"0401004210 P1 Preventive
And Promotive Health Ser-
vices","0402014210 SP1 Nutri-
tion"
samburu,2019_20,4,"0401004210 P1 Preventive
And Promotive Health Ser-
vices","0401054210 SP3 Com-
municable Disease Con-
trol",82983434.0,82548946.0,False,,"0401004210 P1 Preventive
And Promotive Health Ser-
vices","0401054210 SP3 Com-
municable Disease Con-
trol"
samburu,2019_20,4,"0401004210 P1 Preventive
And Promotive Health Ser-
vices","0401064210 SP4
Non-communicable Dis-
ease Prevention & Control",38795768.0,37420343.0,False,,"0401004210 P1 Preventive
And Promotive Health Ser-
vices","0401064210 SP4
Non-communicable Dis-
ease Prevention & Control"
samburu,2019_20,4,"0401004210 P1 Preventive
And Promotive Health Ser-
vices","0401074210 SP5 Repro-
ductive, Maternal, Neona-
tal, child and Adolescent
Health",60775090.0,58268827.0,False,,"0401004210 P1 Preventive
And Promotive Health Ser-
vices","0401074210 SP5 Repro-
ductive, Maternal, Neona-
tal, child and Adolescent
Health"
samburu,2019_20,4,"0402004210 P2 Curative
Health","0402044210 SP1 County
Hospital and Referral Ser-
vices",409645320.0,339455234.0,False,,"0402004210 P2 Curative
Health","0402044210 SP1 County
Hospital and Referral Ser-
vices"
samburu,2019_20,4,"0402004210 P2 Curative
Health","0402054210 SP2 Free Pri-
mary Health Services",158200280.0,131933815.0,False,,"0402004210 P2 Curative
Health","0402054210 SP2 Free Pri-
mary Health Services"
samburu,2019_20,4,"0403004210 P3 General Ad-
ministration Planning And
Support Services","0403014210 SP1 Health
Infrastructure Develop-
ment",296466715.0,70409002.0,False,,"0403004210 P3 General Ad-
ministration Planning And
Support Services","0403014210 SP1 Health
Infrastructure Develop-
ment"
samburu,2019_20,4,"0403004210 P3 General Ad-
ministration Planning And
Support Services","0403054210 SP4 Health
Policy, Planning & Fi-
nancing",44911541.0,36542323.0,False,,"0403004210 P3 General Ad-
ministration Planning And
Support Services","0403054210 SP4 Health
Policy, Planning & Fi-
nancing"
samburu,2019_20,4,"0403004210 P3 General Ad-
ministration Planning And
Support Services","0403064210 SP5 Health
Standards and Quality As-
surance Services",57090371.0,57090371.0,False,,"0403004210 P3 General Ad-
ministration Planning And
Support Services","0403064210 SP5 Health
Standards and Quality As-
surance Services"
siaya,2019_20,4,COUNTY HEALTH SERVICES,,,,False,,COUNTY HEALTH SERVICES,
siaya,2019_20,4,"Curative and Rehabilitative
Health Care Services","Curative and Rehabilitative
Health Care Services",,,False,,"Curative and Rehabilitative
Health Care Services","Curative and Rehabilitative
Health Care Services"
siaya,2019_20,4,"Preventive and Promotive
Health Services","Preventive and Promotive
Health Services",,,False,,"Preventive and Promotive
Health Services","Preventive and Promotive
Health Services"
taita,2019_20,4,401013260,Health Development Programme,181767406.0,101579780.0,False,,401013260,Health Development Programme
taita,2019_20,4,402013260,Health Development Programme,181767406.0,101579780.0,False,,402013260,Health Development Programme
tana,2019_20,4,Medical Services,Health Services Programme,,,False,,Medical Services,Health Services Programme
tana,2019_20,4,Medical Services,Curative and Rehabilitative,207657159.0,170113659.0,False,,Medical Services,Curative and Rehabilitative
tana,2019_20,4,Medical Services,Medical Supllies,172228020.0,152576400.0,False,,Medical Services,Medical Supllies
tana,2019_20,4,Medical Services,Medical Services,16965439.0,10610133.0,False,,Medical Services,Medical Services
tana,2019_20,4,Medical Services,Ambulance Services,18463700.0,6927126.0,False,,Medical Services,Ambulance Services
tana,2019_20,4,Medical Services,Preventive and Promotive,53871665.0,13252522.0,False,,Medical Services,Preventive and Promotive
tana,2019_20,4,Medical Services,Preventive and Promotive,47704020.0,9712450.0,False,,Medical Services,Preventive and Promotive
tana,2019_20,4,Medical Services,"Licensing and Control of Under-
taking",6167645.0,3540072.0,False,,Medical Services,"Licensing and Control of Under-
taking"
tana,2019_20,4,Medical Services,Mobile Clinics,,,False,,Medical Services,Mobile Clinics
turkana,2019_20,4,Health Facilities,,1500000.0,0.0,False,,Health Facilities,
turkana,2019_20,4,Support to Health Programs,,148823618.0,81843214.0,False,,Support to Health Programs,
turkana,2019_20,4,Health promotion,,89120752.0,43857522.0,False,,Health promotion,
turkana,2019_20,4,Rural Health Facility Support,,2158896.0,1105800.0,False,,Rural Health Facility Support,
turkana,2019_20,4,Subcounty Health Facilities Support,,2856700.0,724828.0,False,,Subcounty Health Facilities Support,
turkana,2019_20,4,Subcounty Health Facilities Support,,10134192.0,5314292.0,False,,Subcounty Health Facilities Support,
turkana,2019_20,4,Subcounty Health Facilities Support,,10134192.0,5314292.0,False,,Subcounty Health Facilities Support,
turkana,2019_20,4,Subcounty Health Facilities Support,,389808440.0,149531340.0,False,,Subcounty Health Facilities Support,
turkana,2019_20,4,Medical Supplies,,385337760.0,149383998.0,False,,Medical Supplies,
turkana,2019_20,4,Health mgt,,4470680.0,147342.0,False,,Health mgt,
turkana,2019_20,4,Health mgt,,44780941.0,7208400.0,False,,Health mgt,
turkana,2019_20,4,Health Information & Mgt,,6239079.0,976500.0,False,,Health Information & Mgt,
turkana,2019_20,4,Universal Health Care,,36615822.0,5187500.0,False,,Universal Health Care,
turkana,2019_20,4,Universal Health Care,,2641450.0,570200.0,False,,Universal Health Care,
uasin,2019_20,4,"ICT Infrastructure
Development","Automation services:- health
facilities, county rates & reg-
istry",23439575.0,9550675.0,False,,"ICT Infrastructure
Development","Automation services:- health
facilities, county rates & reg-
istry"
uasin,2019_20,4,"Curative Health
Services",County health referral hospital,40982446.0,22665676.0,False,,"Curative Health
Services",County health referral hospital
uasin,2019_20,4,"Curative Health
Services","Medical/Diagnostic Equip-
ment’s Supplies",258150961.0,28698700.0,False,,"Curative Health
Services","Medical/Diagnostic Equip-
ment’s Supplies"
uasin,2019_20,4,"Curative Health
Services",,299133407.0,51364376.0,False,,"Curative Health
Services",
uasin,2019_20,4,"Health Infrastruc-
ture",Health Infrastructure,269627683.0,54225708.0,False,,"Health Infrastruc-
ture",Health Infrastructure
uasin,2019_20,4,"Health Infrastruc-
ture",,269627683.0,54225708.0,False,,"Health Infrastruc-
ture",
wajir,2019_20,4,"Public Health , Medical
Service And Sanitation",,,,False,,"Public Health , Medical
Service And Sanitation",
wajir,2019_20,4,"0401003360 P1 Curative,
Rehabilitative and Referral
Services","0401003360 P1 Curative,
Rehabilitative and Referral
Services",392142699.0,357104895.0,False,,"0401003360 P1 Curative,
Rehabilitative and Referral
Services","0401003360 P1 Curative,
Rehabilitative and Referral
Services"
wajir,2019_20,4,"0402003360 P2 Preventive
and promotive services","0402003360 P2 Preventive
and promotive services",291607699.0,291607699.0,False,,"0402003360 P2 Preventive
and promotive services","0402003360 P2 Preventive
and promotive services"
wajir,2019_20,4,"0408003360 P8 Health Re-
search Services","0408003360 P8 Health Re-
search Services",9596000.0,9596000.0,False,,"0408003360 P8 Health Re-
search Services","0408003360 P8 Health Re-
search Services"
west,2019_20,4,"Department Health, Sanitation and Emergencies",,,,False,,"Department Health, Sanitation and Emergencies",
west,2019_20,4,"Department Health, Sanitation and Emergencies",,1278761133.0,1264893236.0,False,,"Department Health, Sanitation and Emergencies",
west,2019_20,4,"Department Health, Sanitation and Emergencies",,102668287.0,96652941.0,False,,"Department Health, Sanitation and Emergencies",
west,2019_20,4,"Department Health, Sanitation and Emergencies",,171762694.0,138634476.0,False,,"Department Health, Sanitation and Emergencies",
west,2019_20,4,"Department Health, Sanitation and Emergencies",,16584561.0,15617041.0,False,,"Department Health, Sanitation and Emergencies",
west,2019_20,4,"Department Health, Sanitation and Emergencies",,16204696.0,14803478.0,False,,"Department Health, Sanitation and Emergencies",
west,2019_20,4,"Department Health, Sanitation and Emergencies",,20188527.0,19494530.0,False,,"Department Health, Sanitation and Emergencies",
west,2019_20,4,"Department Health, Sanitation and Emergencies",,,,False,,"Department Health, Sanitation and Emergencies",
west,2019_20,4,"Department Health, Sanitation and Emergencies",,142807368.0,53344096.0,False,,"Department Health, Sanitation and Emergencies",
west,2019_20,4,"Department Health, Sanitation and Emergencies",,1748977266.0,1603439798.0,False,,"Department Health, Sanitation and Emergencies",
baringo,2020_21,1,Health/preventive services,,,,False,,Health/preventive services,
baringo,2020_21,1,Health/preventive services,"General administration, planning
& support services",,,False,,Health/preventive services,"General administration, planning
& support services"
baringo,2020_21,1,Health/preventive services,Support service,,,False,,Health/preventive services,Support service
baringo,2020_21,1,"Curative and Rehabilitative Ser-
vices",,341543725.0,9080688.0,False,,"Curative and Rehabilitative Ser-
vices",
baringo,2020_21,1,"Curative and Rehabilitative Ser-
vices","General administration, planning
& support services",341543725.0,9080688.0,False,,"Curative and Rehabilitative Ser-
vices","General administration, planning
& support services"
baringo,2020_21,1,"Curative and Rehabilitative Ser-
vices",Support service,,,False,,"Curative and Rehabilitative Ser-
vices",Support service
baringo,2020_21,1,"Curative and Rehabilitative Ser-
vices",Support to County Hospitals (FIF),,,False,,"Curative and Rehabilitative Ser-
vices",Support to County Hospitals (FIF)
baringo,2020_21,1,"Preventive and Promotive Health
Services",,,,False,,"Preventive and Promotive Health
Services",
baringo,2020_21,1,"Preventive and Promotive Health
Services",Infrastructure Development,,,False,,"Preventive and Promotive Health
Services",Infrastructure Development
baringo,2020_21,1,"Preventive and Promotive Health
Services","Compensation for User fees For-
gone",,,False,,"Preventive and Promotive Health
Services","Compensation for User fees For-
gone"
baringo,2020_21,1,"Preventive and Promotive Health
Services",Primary Health Care,,,False,,"Preventive and Promotive Health
Services",Primary Health Care
baringo,2020_21,2,County Health Services,,2739322038.0,1097885054.0,False,,County Health Services,
baringo,2020_21,2,County Health Services,Curative and Rehabilitative Services,537750858.0,19543626.0,False,,County Health Services,Curative and Rehabilitative Services
baringo,2020_21,2,County Health Services,General administration,2201571180.0,1078341428.0,False,,County Health Services,General administration
baringo,2020_21,2,County Health Services,Health/preventive services,,,False,,County Health Services,Health/preventive services
baringo,2020_21,2,County Health Services,"Preventive and Promotive Health Ser-
vices",,,False,,County Health Services,"Preventive and Promotive Health Ser-
vices"
baringo,2020_21,2,"Promotion of Primary Health
care",,,,False,,"Promotion of Primary Health
care",
baringo,2020_21,2,"Promotion of Primary Health
care",General administration,,,False,,"Promotion of Primary Health
care",General administration
bungoma,2020_21,2,Health & Sanitation,,,,False,,Health & Sanitation,
bungoma,2020_21,2,"General Administration
and Planning, and Sup-
port Services","Health Administration Planning and
support services",501607010.0,86730608.0,False,,"General Administration
and Planning, and Sup-
port Services","Health Administration Planning and
support services"
bungoma,2020_21,2,"General Administration
and Planning, and Sup-
port Services",Health Infrastructure,172032460.0,,False,,"General Administration
and Planning, and Sup-
port Services",Health Infrastructure
bungoma,2020_21,2,"Preventive Promotive
and Rehabilitative","Communicable and non-communica-
ble",42676050.0,,False,,"Preventive Promotive
and Rehabilitative","Communicable and non-communica-
ble"
bungoma,2020_21,2,"Preventive Promotive
and Rehabilitative",Health Promotion services,5000000.0,,False,,"Preventive Promotive
and Rehabilitative",Health Promotion services
bungoma,2020_21,2,"Preventive Promotive
and Rehabilitative",Disease surveillance,1576051.0,,False,,"Preventive Promotive
and Rehabilitative",Disease surveillance
bungoma,2020_21,2,"Preventive Promotive
and Rehabilitative",Community health services,76800000.0,,False,,"Preventive Promotive
and Rehabilitative",Community health services
bungoma,2020_21,2,"Preventive Promotive
and Rehabilitative",Nutrition Management,10000000.0,,False,,"Preventive Promotive
and Rehabilitative",Nutrition Management
bungoma,2020_21,2,"Preventive Promotive
and Rehabilitative",HIV/AIDS awareness.,2000000.0,,False,,"Preventive Promotive
and Rehabilitative",HIV/AIDS awareness.
bungoma,2020_21,2,"Curative and Rehabilita-
tive Health Services",Routine Medical Services,551556410.0,,False,,"Curative and Rehabilita-
tive Health Services",Routine Medical Services
bungoma,2020_21,2,"Curative and Rehabilita-
tive Health Services",Blood Bank Services,10000000.0,,False,,"Curative and Rehabilita-
tive Health Services",Blood Bank Services
bungoma,2020_21,2,"Curative and Rehabilita-
tive Health Services",Maternity Services,61252101.0,,False,,"Curative and Rehabilita-
tive Health Services",Maternity Services
busia,2020_21,2,Cp 9: Veterinary Health Services,CSP 10.1: Veterinary Disease control,4201841.0,,False,,Cp 9: Veterinary Health Services,CSP 10.1: Veterinary Disease control
busia,2020_21,2,Cp 9: Veterinary Health Services,CSP 10.2:AI services,,,False,,Cp 9: Veterinary Health Services,CSP 10.2:AI services
busia,2020_21,2,Cp 9: Veterinary Health Services,CSP 10.3 Meat inspection services,,,False,,Cp 9: Veterinary Health Services,CSP 10.3 Meat inspection services
busia,2020_21,2,Cp 9: Veterinary Health Services,CSP 10.4 Veterinary Extension,2000000.0,,False,,Cp 9: Veterinary Health Services,CSP 10.4 Veterinary Extension
busia,2020_21,2,Health,,,,False,,Health,
busia,2020_21,2,Cp 55: Curative Health Services,CSP 55.1: Infrastructure development,52600000.0,,False,,Cp 55: Curative Health Services,CSP 55.1: Infrastructure development
busia,2020_21,2,Cp 55: Curative Health Services,CSP 55.2: Hospital equipment,32775000.0,,False,,Cp 55: Curative Health Services,CSP 55.2: Hospital equipment
embu,2020_21,2,Primary Health Care,,1198371306.0,438497221.0,False,,Primary Health Care,
embu,2020_21,2,Health Promotion & Disease Control,,493240945.0,180482279.0,False,,Health Promotion & Disease Control,
embu,2020_21,2,Primary Health Care,,253156973.0,42737466.0,False,,Primary Health Care,
embu,2020_21,2,Health Promotion & Disease Control,,70934873.0,11975087.0,False,,Health Promotion & Disease Control,
homa,2020_21,2,"Livestock Development Pro-
gramme","Livestock Health and Disease
Management",11809292.0,,False,,"Livestock Development Pro-
gramme","Livestock Health and Disease
Management"
homa,2020_21,2,Department of Health Services,,,,False,,Department of Health Services,
homa,2020_21,2,"Preventive and promotive
health services",Community health services,54500000.0,,False,,"Preventive and promotive
health services",Community health services
homa,2020_21,2,"Preventive and promotive
health services",Disease control services,5400000.0,,False,,"Preventive and promotive
health services",Disease control services
homa,2020_21,2,"Preventive and promotive
health services","Facility infrastructure im-
provement services",164500000.0,,False,,"Preventive and promotive
health services","Facility infrastructure im-
provement services"
homa,2020_21,2,"Curative and rehabilitative
health services","Routine medical health ser-
vices",172676139.0,53997860.0,False,,"Curative and rehabilitative
health services","Routine medical health ser-
vices"
homa,2020_21,2,"Curative and rehabilitative
health services","Medical emergency response
services",20687192.0,,False,,"Curative and rehabilitative
health services","Medical emergency response
services"
homa,2020_21,2,"Curative and rehabilitative
health services","Facility infrastructure im-
provement services",200320190.0,166381730.0,False,,"Curative and rehabilitative
health services","Facility infrastructure im-
provement services"
isiolo,2020_21,2,401023510.0,Preventive and Promotive Health Services,74207972.0,26685900.0,False,,401023510.0,Preventive and Promotive Health Services
isiolo,2020_21,2,403013510.0,Curative and Rehabilitative Health Services,81735675.0,12772514.0,False,,403013510.0,Curative and Rehabilitative Health Services
kakamega,2020_21,2,101004810.0,Health Services,1625293736.0,277249089.0,False,,101004810.0,Health Services
kakamega,2020_21,2,401004810.0,Preventive and promotive services,85400000.0,151200.0,False,,401004810.0,Preventive and promotive services
kakamega,2020_21,2,402004810.0,Curative services,1539893736.0,277097889.0,False,,402004810.0,Curative services
kakamega,2020_21,2,402004810.0,Public Health,78606750.0,22260000.0,False,,402004810.0,Public Health
kakamega,2020_21,2,401004810.0,Preventive and promotive services,72400000.0,22260000.0,False,,401004810.0,Preventive and promotive services
kakamega,2020_21,2,402004810.0,Curative services,25108212.0,1512417.0,False,,402004810.0,Curative services
kakamega,2020_21,2,402004810.0,Health centers,173873683.0,13787139.0,False,,402004810.0,Health centers
kakamega,2020_21,2,402004810.0,Curative services,173873683.0,13787139.0,False,,402004810.0,Curative services
kakamega,2020_21,2,402004810.0,Curative services,296836203.0,23885236.0,False,,402004810.0,Curative services
kericho,2020_21,2,Health Services,,,,False,,Health Services,
kericho,2020_21,2,Curative Health,Administration and Planning,1213146245.0,644383492.0,False,,Curative Health,Administration and Planning
kericho,2020_21,2,Curative Health,Hospital(curative)Services,,,False,,Curative Health,Hospital(curative)Services
kericho,2020_21,2,Preventive and Promotive Health,"Preventive Medicine and Promo-
tive Health",1281534216.0,220434953.0,False,,Preventive and Promotive Health,"Preventive Medicine and Promo-
tive Health"
kericho,2020_21,2,Preventive and Promotive Health,,2494680461.0,864818445.0,False,,Preventive and Promotive Health,
kiambu,2020_21,2,Health Services,,,,False,,Health Services,
kiambu,2020_21,2,"0401004060 Curative and pre-
ventive health care services",Health curative services,1641450485.0,,False,,"0401004060 Curative and pre-
ventive health care services",Health curative services
kiambu,2020_21,2,"0401004060 Curative and pre-
ventive health care services",,1641450485.0,,False,,"0401004060 Curative and pre-
ventive health care services",
kiambu,2020_21,2,"0403004060 Preventive Health
Services","Community Health Ser-
vices",81055329.0,,False,,"0403004060 Preventive Health
Services","Community Health Ser-
vices"
kiambu,2020_21,2,"0403004060 Preventive Health
Services",,81055329.0,,False,,"0403004060 Preventive Health
Services",
kilifi,2020_21,2,Health,Curative and rehabilitative,529781345.0,,False,,Health,Curative and rehabilitative
kilifi,2020_21,2,Health,"General Administration, Planning
& Support Services",2728128585.0,1056403930.0,False,,Health,"General Administration, Planning
& Support Services"
kilifi,2020_21,2,Health,Development,1187744033.0,64828551.0,False,,Health,Development
kisii,2020_21,2,"County Health Ser-
vices",Medical Services,4567670274.0,1507951023.0,False,,"County Health Ser-
vices",Medical Services
kisii,2020_21,2,"County Health Ser-
vices",Public Health,91450000.0,,False,,"County Health Ser-
vices",Public Health
kisumu,2020_21,2,"Preventive and Pro-
motive Health Ser-
vices",Environmental Health and Sanitation,1492586026.0,,False,,"Preventive and Pro-
motive Health Ser-
vices",Environmental Health and Sanitation
kisumu,2020_21,2,"Preventive and Pro-
motive Health Ser-
vices",Community Health Strategy,1100000.0,,False,,"Preventive and Pro-
motive Health Ser-
vices",Community Health Strategy
kisumu,2020_21,2,"Preventive and Pro-
motive Health Ser-
vices",Disease Surveillance,1200000.0,,False,,"Preventive and Pro-
motive Health Ser-
vices",Disease Surveillance
kisumu,2020_21,2,"Preventive and Pro-
motive Health Ser-
vices",Health Promotion Services,80511968.0,,False,,"Preventive and Pro-
motive Health Ser-
vices",Health Promotion Services
kisumu,2020_21,2,"Health Curative Ser-
vices","Elimination of Communicable and Non –
Communicable Diseases",3500000.0,,False,,"Health Curative Ser-
vices","Elimination of Communicable and Non –
Communicable Diseases"
kisumu,2020_21,2,"Health Curative Ser-
vices",Reproductive Health,137797510.0,,False,,"Health Curative Ser-
vices",Reproductive Health
kisumu,2020_21,2,"General Administra-
tion, Operational Re-
search and Planning
Services",Human Resource For Health,2899119895.0,,False,,"General Administra-
tion, Operational Re-
search and Planning
Services",Human Resource For Health
kisumu,2020_21,2,"Health Sector Support
Program",Health Promotion Services,202341389.0,,False,,"Health Sector Support
Program",Health Promotion Services
kisumu,2020_21,2,"Jaramogi Oginga
Odinga Teaching and
Referral Hospital",J.O.O Teaching and Referral Hospital,369070349.0,,False,,"Jaramogi Oginga
Odinga Teaching and
Referral Hospital",J.O.O Teaching and Referral Hospital
kisumu,2020_21,2,"Kisumu County Refer-
ral Hospital",Kisumu County Referral Hospital,26740133.0,,False,,"Kisumu County Refer-
ral Hospital",Kisumu County Referral Hospital
kisumu,2020_21,2,"Medical & Bio – Medi-
cal Services",County and Sub – County Hospital Services,338848000.0,,False,,"Medical & Bio – Medi-
cal Services",County and Sub – County Hospital Services
kitui,2020_21,2,Health and Sanitation,,,,False,,Health and Sanitation,
kitui,2020_21,2,Health Promotion and Disease Control,404013710.0,2725985.0,631753.0,False,,Health Promotion and Disease Control,404013710.0
kitui,2020_21,2,Health Promotion and Disease Control,404023710.0,53592106.0,10378163.0,False,,Health Promotion and Disease Control,404023710.0
kitui,2020_21,2,Medical Services,402013710.0,2606711494.0,1136459651.0,False,,Medical Services,402013710.0
kitui,2020_21,2,Medical Services,402023710.0,13610550.0,2048119.0,False,,Medical Services,402023710.0
kitui,2020_21,2,Medical Services,403023710.0,126707592.0,63352605.0,False,,Medical Services,403023710.0
kitui,2020_21,2,Medical Services,404033710.0,25542200.0,9580829.0,False,,Medical Services,404033710.0
kitui,2020_21,2,Public Health,403013710.0,7105912.0,2062880.0,False,,Public Health,403013710.0
kitui,2020_21,2,Public Health,403023710.0,1531796.0,704445.0,False,,Public Health,403023710.0
kitui,2020_21,2,Public Health,403033710.0,1982324.0,900600.0,False,,Public Health,403033710.0
kitui,2020_21,2,Rural Health Services,402033710.0,324380396.0,167599857.0,False,,Rural Health Services,402033710.0
kitui,2020_21,2,Rural Health Services,404023710.0,23238178.0,10197811.0,False,,Rural Health Services,404023710.0
kitui,2020_21,2,Rural Health Services,404033710.0,3714860.0,517200.0,False,,Rural Health Services,404033710.0
kitui,2020_21,2,Rural Health Services,404043710.0,22499905.0,12659937.0,False,,Rural Health Services,404043710.0
kwale,2020_21,2,Medical and Public Health Services,,,,False,,Medical and Public Health Services,
kwale,2020_21,2,Medical Drugs(0402043060)),,220000000.0,189972740.0,False,,Medical Drugs(0402043060)),
kwale,2020_21,2,Msambweni Hospital (0405013060),,44276733.0,22413701.0,False,,Msambweni Hospital (0405013060),
kwale,2020_21,2,Kinango Hospital(0406013060),,30125186.0,10630099.0,False,,Kinango Hospital(0406013060),
kwale,2020_21,2,Kwale Hospital(0407013060),,59030000.0,11050838.0,False,,Kwale Hospital(0407013060),
kwale,2020_21,2,Tiwi Rural Health Facility(0408013060),,5104000.0,1710595.0,False,,Tiwi Rural Health Facility(0408013060),
kwale,2020_21,2,Samburu Hospital(0409013060),,22045200.0,2827422.0,False,,Samburu Hospital(0409013060),
kwale,2020_21,2,Lungalunga Hospital(0410013060),,14898200.0,6832662.0,False,,Lungalunga Hospital(0410013060),
kwale,2020_21,2,Public Health(0401053060),,3350000.0,605565.0,False,,Public Health(0401053060),
kwale,2020_21,2,Rural Health Facilities(0412013060),,390343554.0,61293053.0,False,,Rural Health Facilities(0412013060),
lamu,2020_21,2,Department of Medical Services,,,,False,,Department of Medical Services,
lamu,2020_21,2,Medical Services,"P 1: General Adminis-
tration, Planning and
Support Services",809510000.0,387398827.0,False,,Medical Services,"P 1: General Adminis-
tration, Planning and
Support Services"
lamu,2020_21,2,Medical Services,P 2: Curative Services,144392668.0,17120501.0,False,,Medical Services,P 2: Curative Services
lamu,2020_21,2,Medical Services,"P 3: Preventive & Pro-
motive Services",332492841.0,59949782.0,False,,Medical Services,"P 3: Preventive & Pro-
motive Services"
lamu,2020_21,2,Sanitation & Environment,"P 2: Public Health and
Sanitation",9020260.0,377200.0,False,,Sanitation & Environment,"P 2: Public Health and
Sanitation"
machakos,2020_21,2,Sub-programme 5,Hospitality Services Section,14580000.0,6777743.0,False,,Sub-programme 5,Hospitality Services Section
machakos,2020_21,2,HEALTH AND EMERGENCY SERVICES,,,,False,,HEALTH AND EMERGENCY SERVICES,
machakos,2020_21,2,Sub-programme 7,Public Health and Comminity Outreach,91820163.0,1028250.0,False,,Sub-programme 7,Public Health and Comminity Outreach
makueni,2020_21,2,Programme 2: Curative health care services,,,,False,,Programme 2: Curative health care services,
makueni,2020_21,2,SP2. 1: Curative health care services,,255393727.0,44653681.0,False,,SP2. 1: Curative health care services,
makueni,2020_21,2,"Programme 3; Preventive and promotive
health care services",,,,False,,"Programme 3; Preventive and promotive
health care services",
makueni,2020_21,2,"SP3. 1 Preventive and promotive health care
services",,138388507.0,1645160.0,False,,"SP3. 1 Preventive and promotive health care
services",
marsabit,2020_21,2,Health Services,Curative Health Services,,,False,,Health Services,Curative Health Services
marsabit,2020_21,2,Health Services,"General Administration, Planning and
Support Services",2215731869.0,780170672.0,False,,Health Services,"General Administration, Planning and
Support Services"
marsabit,2020_21,2,Health Services,Maternal and child health,,,False,,Health Services,Maternal and child health
meru,2020_21,2,Health Service,,,,False,,Health Service,
meru,2020_21,2,Preventive and Promotive,Preventive services,137181996.0,54957816.0,False,,Preventive and Promotive,Preventive services
meru,2020_21,2,Health Care Services,Promotive health care,,,False,,Health Care Services,Promotive health care
meru,2020_21,2,Curative Health,Curative health care services,815052444.0,144601528.0,False,,Curative Health,Curative health care services
migori,2020_21,2,Veterinary services,"Veterinary public health man-
agement",986000.0,,False,,Veterinary services,"Veterinary public health man-
agement"
migori,2020_21,2,Veterinary services,"Veterinary public health man-
agement",9600000.0,,False,,Veterinary services,"Veterinary public health man-
agement"
migori,2020_21,2,Health,,,,False,,Health,
migori,2020_21,2,"Planning and administrative
support services(Medical ser-
vices)","Health Management Informa-
tive System(Medical services)",338052.0,,False,,"Planning and administrative
support services(Medical ser-
vices)","Health Management Informa-
tive System(Medical services)"
migori,2020_21,2,"Planning and administrative
support services(Medical ser-
vices)","Administrative And Support
Services(Medical services)",1366510756.56,707544856.32,False,,"Planning and administrative
support services(Medical ser-
vices)","Administrative And Support
Services(Medical services)"
migori,2020_21,2,Public health,"Health Management Informa-
tive System(Public Health)",338052.0,165250.0,False,,Public health,"Health Management Informa-
tive System(Public Health)"
migori,2020_21,2,Public health,"Administrative And Support
Services(Public Health)",16283080.09,4446374.0,False,,Public health,"Administrative And Support
Services(Public Health)"
migori,2020_21,2,"Medical services (Preventive And
Promotive Health Services)","Human Nutrition And Dietet-
ics(Medical services)",507079.0,,False,,"Medical services (Preventive And
Promotive Health Services)","Human Nutrition And Dietet-
ics(Medical services)"
migori,2020_21,2,"Medical services (Preventive And
Promotive Health Services)","Hiv And Aids Management(-
Medical services)",236637.0,,False,,"Medical services (Preventive And
Promotive Health Services)","Hiv And Aids Management(-
Medical services)"
migori,2020_21,2,"Medical services (Preventive And
Promotive Health Services)","Disease Surveillance/(Medical
services)",5000000.0,,False,,"Medical services (Preventive And
Promotive Health Services)","Disease Surveillance/(Medical
services)"
migori,2020_21,2,"Medical services (Preventive And
Promotive Health Services)","Emergency Preparedness And
Response(medical services)",1690268.0,,False,,"Medical services (Preventive And
Promotive Health Services)","Emergency Preparedness And
Response(medical services)"
migori,2020_21,2,"Medical services (Preventive And
Promotive Health Services)","Family& Reproductive Health
Medical services)",34738053.0,,False,,"Medical services (Preventive And
Promotive Health Services)","Family& Reproductive Health
Medical services)"
migori,2020_21,2,"Medical services (Preventive And
Promotive Health Services)","Family Planning & Adolescent
Health activities (Co funding)",7000000.0,,False,,"Medical services (Preventive And
Promotive Health Services)","Family Planning & Adolescent
Health activities (Co funding)"
migori,2020_21,2,Public health,"Community Health Services(-
Public health)",24338053.0,,False,,Public health,"Community Health Services(-
Public health)"
migori,2020_21,2,Public health,"Sanitation And Environmental
Health Services(Public health)",338053.0,,False,,Public health,"Sanitation And Environmental
Health Services(Public health)"
migori,2020_21,2,Public health,"Human Nutrition And Dietet-
ics(Public health)",507080.0,500000.0,False,,Public health,"Human Nutrition And Dietet-
ics(Public health)"
migori,2020_21,2,Public health,"Communicable Disease Con-
trol(Public health)",253540.0,60830.0,False,,Public health,"Communicable Disease Con-
trol(Public health)"
migori,2020_21,2,Public health,"Hiv And Aids Management(-
Public health)",709912.0,700000.0,False,,Public health,"Hiv And Aids Management(-
Public health)"
migori,2020_21,2,Public health,"Disease Surveillance/(Public
health)",89415132.0,1150000.0,False,,Public health,"Disease Surveillance/(Public
health)"
migori,2020_21,2,Public health,"Emergency Preparedness And
Response(Public health)",1490268.0,,False,,Public health,"Emergency Preparedness And
Response(Public health)"
migori,2020_21,2,Public health,"Health Promotion(Public
health)",338053.0,,False,,Public health,"Health Promotion(Public
health)"
migori,2020_21,2,Public health,"Family& Reproductive
Health(Public health)",7938053.0,,False,,Public health,"Family& Reproductive
Health(Public health)"
migori,2020_21,2,Public health,"Family & Adolescent Health
activities (Co funding)",10600000.0,,False,,Public health,"Family & Adolescent Health
activities (Co funding)"
migori,2020_21,2,Medical services,"Pharmaceutical And Non
–Pharmaceutical Commodi-
ties(Medical services)",189615655.0,18278957.5,False,,Medical services,"Pharmaceutical And Non
–Pharmaceutical Commodi-
ties(Medical services)"
migori,2020_21,2,Medical services,"Diagnostic Services(Medical
services)",2200000.0,,False,,Medical services,"Diagnostic Services(Medical
services)"
migori,2020_21,2,Public health,"Pharmaceutical And Non
–Pharmaceutical Commodi-
ties(Public health)",85291232.0,2935700.0,False,,Public health,"Pharmaceutical And Non
–Pharmaceutical Commodi-
ties(Public health)"
migori,2020_21,2,Pending Bills,Pending Bills Medical Services,152420410.52,19503042.0,False,,Pending Bills,Pending Bills Medical Services
migori,2020_21,2,Pending Bills,Pending Bills Public Health,17862301.0,,False,,Pending Bills,Pending Bills Public Health
migori,2020_21,2,Infrastructure Development,"Dispensaries and Health Cen-
tres",5340681.0,1523760.0,False,,Infrastructure Development,"Dispensaries and Health Cen-
tres"
migori,2020_21,2,Infrastructure Development,"Face lifting of Health Canters
and Dispensaries (Communi-
ty Projects)",110538690.0,698088.0,False,,Infrastructure Development,"Face lifting of Health Canters
and Dispensaries (Communi-
ty Projects)"
migori,2020_21,2,External Funding,"IDA (World Bank) credit:
Transforming Health Systems
for Universal Care Project",40295580.0,,False,,External Funding,"IDA (World Bank) credit:
Transforming Health Systems
for Universal Care Project"
mombasa,2020_21,2,3017 Health Services,Administration Unit,2695470096.0,1114441116.0,False,,3017 Health Services,Administration Unit
mombasa,2020_21,2,3017 Health Services,Curative/Clinical Health Services,200016500.0,,False,,3017 Health Services,Curative/Clinical Health Services
mombasa,2020_21,2,3017 Health Services,Preventive and Promotive Services Unit,703691515.0,,False,,3017 Health Services,Preventive and Promotive Services Unit
mombasa,2020_21,2,3017 Health Services,Special Programs,78123400.0,1170800.0,False,,3017 Health Services,Special Programs
nairobi,2020_21,2,"0401000 P.1 Preventive & Promotive Health
Services",,,,False,,"0401000 P.1 Preventive & Promotive Health
Services",
nairobi,2020_21,2,"0401000 P.1 Preventive & Promotive Health
Services",,,,False,,"0401000 P.1 Preventive & Promotive Health
Services",
nairobi,2020_21,2,0402005310 Curative care,,,,False,,0402005310 Curative care,
nairobi,2020_21,2,"0116005310 P.10:Animal Health, Safety and
Quality Assurance",,72753200.0,125125.0,False,,"0116005310 P.10:Animal Health, Safety and
Quality Assurance",
nandi,2020_21,2,Health and Sanitation,,,,False,,Health and Sanitation,
nandi,2020_21,2,"Health Service Delivery Ad-
ministration Services","Health Service Delivery Administration
Services",1897509456.0,930659871.0,False,,"Health Service Delivery Ad-
ministration Services","Health Service Delivery Administration
Services"
nandi,2020_21,2,"Health Service Delivery Ad-
ministration Services",Construction of building,335976629.0,57399500.0,False,,"Health Service Delivery Ad-
ministration Services",Construction of building
nandi,2020_21,2,"Preventive & Promotive
Health Services",Community Health Services,391537664.0,164176256.0,False,,"Preventive & Promotive
Health Services",Community Health Services
nandi,2020_21,2,Curative Health Services,Curative Health Management Services,126796289.0,38215410.0,False,,Curative Health Services,Curative Health Management Services
nandi,2020_21,2,"Health Sector Pro-
gramme Support
(DANIDA FUNDS)","County Health Facilities Support (DANI-
DA)",18808500.0,9189550.0,False,,"Health Sector Pro-
gramme Support
(DANIDA FUNDS)","County Health Facilities Support (DANI-
DA)"
narok,2020_21,2,Preventive & Promotive Health Services,,,,False,,Preventive & Promotive Health Services,
narok,2020_21,2,Health Promotion,,,,False,,Health Promotion,
narok,2020_21,2,Preventive & Promotive Health Services,,864720000.0,464245567.0,False,,Preventive & Promotive Health Services,
narok,2020_21,2,Health Promotion,,864720000.0,464245567.0,False,,Health Promotion,
narok,2020_21,2,Curative Health Services,,325874301.0,44003968.0,False,,Curative Health Services,
narok,2020_21,2,"Health Policy, Planning and Financing",,2201127501.0,694132601.0,False,,"Health Policy, Planning and Financing",
narok,2020_21,2,"Health Policy, Planning & Financing",,,,False,,"Health Policy, Planning & Financing",
nyamira,2020_21,2,Department Health,,,,False,,Department Health,
nyamira,2020_21,2,"Preventive and Pro-
motive Health Ser-
vices",Health Promotion,532504808.0,265882841.25,False,,"Preventive and Pro-
motive Health Ser-
vices",Health Promotion
nyamira,2020_21,2,"Preventive and Pro-
motive Health Ser-
vices","Communicable Disease Con-
trol",7720514.0,2143540.0,False,,"Preventive and Pro-
motive Health Ser-
vices","Communicable Disease Con-
trol"
nyamira,2020_21,2,"Curative Health Ser-
vices",Medical services,1075832648.0,427266275.65,False,,"Curative Health Ser-
vices",Medical services
nyandarua,2020_21,2,"Human Resource Manage-
ment","Human Resource Management (In-
cluding employee gratuity, pension
and medical insurance)",101530000.0,1294990.0,False,,"Human Resource Manage-
ment","Human Resource Management (In-
cluding employee gratuity, pension
and medical insurance)"
nyandarua,2020_21,2,"Preventive and Promotive Ser-
vices",Preventive and Promotive Services,6271274.0,3788163.0,False,,"Preventive and Promotive Ser-
vices",Preventive and Promotive Services
nyandarua,2020_21,2,Curative Services,"Curative Services (including univer-
sal health care and grants)",678821034.0,162202788.0,False,,Curative Services,"Curative Services (including univer-
sal health care and grants)"
nyeri,2020_21,2,Health Services,,579552651.0,52436637.0,False,,Health Services,
samburu,2020_21,2,"MEDICAL SERVICES, PUBLIC HEALTH & SANITATION",,,,False,,"MEDICAL SERVICES, PUBLIC HEALTH & SANITATION",
samburu,2020_21,2,"0401004210 P1 Preventive
and Promotive Health Ser-
vices","0401044210 SP2 Environmental &
Health promotiong",71490325.0,35353428.0,False,,"0401004210 P1 Preventive
and Promotive Health Ser-
vices","0401044210 SP2 Environmental &
Health promotiong"
samburu,2020_21,2,"0401004210 P1 Preventive
and Promotive Health Ser-
vices",0402014210 SP1 Nutrition,13898410.0,6666056.0,False,,"0401004210 P1 Preventive
and Promotive Health Ser-
vices",0402014210 SP1 Nutrition
samburu,2020_21,2,"0401004210 P1 Preventive
and Promotive Health Ser-
vices","0401054210 SP3 Communicable
Disease Control",86203050.0,42983774.0,False,,"0401004210 P1 Preventive
and Promotive Health Ser-
vices","0401054210 SP3 Communicable
Disease Control"
samburu,2020_21,2,"0401004210 P1 Preventive
and Promotive Health Ser-
vices","0401064210 SP4 Non-communi-
cable Disease Prevention & Con-
trol",37877350.0,17797329.0,False,,"0401004210 P1 Preventive
and Promotive Health Ser-
vices","0401064210 SP4 Non-communi-
cable Disease Prevention & Con-
trol"
samburu,2020_21,2,"0401004210 P1 Preventive
and Promotive Health Ser-
vices","0401074210 SP5 Reproductive,
Maternal, Neonatal, child and Ad-
olescent Health",50307630.0,24649386.0,False,,"0401004210 P1 Preventive
and Promotive Health Ser-
vices","0401074210 SP5 Reproductive,
Maternal, Neonatal, child and Ad-
olescent Health"
samburu,2020_21,2,"0402004210 P2 Curative
Health","0402044210 SP1 County Hospital
and Referral Services",487569378.0,175333486.0,False,,"0402004210 P2 Curative
Health","0402044210 SP1 County Hospital
and Referral Services"
samburu,2020_21,2,"0402004210 P2 Curative
Health","0402054210 SP2 Free Primary
Health Services",109362174.0,3405268.0,False,,"0402004210 P2 Curative
Health","0402054210 SP2 Free Primary
Health Services"
samburu,2020_21,2,"0403004210 P3 General Ad-
ministration Planning and
Support Services","0403014210 SP1 Health Infra-
structure Development",314896036.0,84304385.0,False,,"0403004210 P3 General Ad-
ministration Planning and
Support Services","0403014210 SP1 Health Infra-
structure Development"
samburu,2020_21,2,"0403004210 P3 General Ad-
ministration Planning and
Support Services","0403054210 SP4 Health Policy,
Planning & Financing",23805221.0,5331545.0,False,,"0403004210 P3 General Ad-
ministration Planning and
Support Services","0403054210 SP4 Health Policy,
Planning & Financing"
samburu,2020_21,2,"0403004210 P3 General Ad-
ministration Planning and
Support Services","0403064210 SP5 Health Standards
and Quality Assurance Services",217961521.0,42502109.0,False,,"0403004210 P3 General Ad-
ministration Planning and
Support Services","0403064210 SP5 Health Standards
and Quality Assurance Services"
tana,2020_21,2,"Curative and Rehabili-
tative",Curative and Rehabilitative,287600000.0,16708950.0,False,,"Curative and Rehabili-
tative",Curative and Rehabilitative
tana,2020_21,2,"Curative and Rehabili-
tative",Medical Supplies,152300000.0,7802000.0,False,,"Curative and Rehabili-
tative",Medical Supplies
tana,2020_21,2,"Curative and Rehabili-
tative",Medical Services,78500000.0,6257050.0,False,,"Curative and Rehabili-
tative",Medical Services
tana,2020_21,2,"Curative and Rehabili-
tative",Ambulance Services,56800000.0,2649900.0,False,,"Curative and Rehabili-
tative",Ambulance Services
tana,2020_21,2,"Preventive and Promo-
tive",Preventive and Promotive,14845800.0,3638306.0,False,,"Preventive and Promo-
tive",Preventive and Promotive
tana,2020_21,2,"Preventive and Promo-
tive",Preventive and Promotive,9050000.0,2063606.0,False,,"Preventive and Promo-
tive",Preventive and Promotive
tana,2020_21,2,"Preventive and Promo-
tive","Licensing and Control of Under-
taking",3295800.0,1339500.0,False,,"Preventive and Promo-
tive","Licensing and Control of Under-
taking"
tana,2020_21,2,"Preventive and Promo-
tive",Mobile Clinics,2500000.0,235200.0,False,,"Preventive and Promo-
tive",Mobile Clinics
trans,2020_21,2,Health Services and Corporate Health,,,,False,,Health Services and Corporate Health,
trans,2020_21,2,Public Health,Preventive Health Care Services,519802191.0,330787047.0,False,,Public Health,Preventive Health Care Services
uasin,2020_21,2,Administration,Health Infrastructure,230494706.0,57220262.0,False,,Administration,Health Infrastructure
uasin,2020_21,2,Administration,Curative Health Services,124200000.0,,False,,Administration,Curative Health Services
uasin,2020_21,2,Clinical Services,Health Infrastructure,13700000.0,,False,,Clinical Services,Health Infrastructure
uasin,2020_21,2,"Prevention and Health
Promotion","Administration and Support
Services",749785.0,,False,,"Prevention and Health
Promotion","Administration and Support
Services"
uasin,2020_21,2,"Prevention and Health
Promotion",,749785.0,,False,,"Prevention and Health
Promotion",
vihiga,2020_21,2,"Administration, Planning and
Support Service",Healthcare Financing,140324878.0,4793724.0,False,,"Administration, Planning and
Support Service",Healthcare Financing
vihiga,2020_21,2,"Promotive and Preventive
Healthcare Services",Public Health Services,7852642.0,743400.0,False,,"Promotive and Preventive
Healthcare Services",Public Health Services
vihiga,2020_21,2,"Promotive and Preventive
Healthcare Services",,3160000.0,350000.0,False,,"Promotive and Preventive
Healthcare Services",
vihiga,2020_21,2,"Promotive and Preventive
Healthcare Services",Community Health Strategy,3160000.0,100000.0,False,,"Promotive and Preventive
Healthcare Services",Community Health Strategy
vihiga,2020_21,2,"Promotive and Preventive
Healthcare Services",Health Promotion,1087642.0,100000.0,False,,"Promotive and Preventive
Healthcare Services",Health Promotion
vihiga,2020_21,2,"Promotive and Preventive
Healthcare Services",Reproductive Healthcare,160000.0,93400.0,False,,"Promotive and Preventive
Healthcare Services",Reproductive Healthcare
vihiga,2020_21,2,"Promotive and Preventive
Healthcare Services","Disease Surveillance and
Emergency",285000.0,100000.0,False,,"Promotive and Preventive
Healthcare Services","Disease Surveillance and
Emergency"
vihiga,2020_21,2,"Curative And Rehabilitative
Health Services",Medical services,230579449.0,135383344.0,False,,"Curative And Rehabilitative
Health Services",Medical services
vihiga,2020_21,2,"Curative And Rehabilitative
Health Services",,228989449.0,62228772.0,False,,"Curative And Rehabilitative
Health Services",
vihiga,2020_21,2,"Curative And Rehabilitative
Health Services",County referral services,70000.0,,False,,"Curative And Rehabilitative
Health Services",County referral services
vihiga,2020_21,2,"Curative And Rehabilitative
Health Services","Drugs and Other Medical
Supplies",1520000.0,73154572.0,False,,"Curative And Rehabilitative
Health Services","Drugs and Other Medical
Supplies"
vihiga,2020_21,2,"Child and Maternal Health
Care","Antenatal and Post Natal
healthcare",42737120.0,3946606.0,False,,"Child and Maternal Health
Care","Antenatal and Post Natal
healthcare"
vihiga,2020_21,2,"Child and Maternal Health
Care",,800000.0,,False,,"Child and Maternal Health
Care",
vihiga,2020_21,2,"Child and Maternal Health
Care","Antenatal and Post Natal
Healthcare",13041547.0,2442406.0,False,,"Child and Maternal Health
Care","Antenatal and Post Natal
Healthcare"
vihiga,2020_21,2,"Child and Maternal Health
Care",Maternity Services,21349396.0,,False,,"Child and Maternal Health
Care",Maternity Services
vihiga,2020_21,2,"Child and Maternal Health
Care","Newborne, Child and Adoles-
cent Health",20000.0,,False,,"Child and Maternal Health
Care","Newborne, Child and Adoles-
cent Health"
vihiga,2020_21,2,"Child and Maternal Health
Care",Nutrition Services,7526177.0,1504200.0,False,,"Child and Maternal Health
Care",Nutrition Services
wajir,2020_21,2,"PUBLIC HEALTH , MEDI-
CAL SERVICE AND SAN-
ITATION",,,,False,,"PUBLIC HEALTH , MEDI-
CAL SERVICE AND SAN-
ITATION",
wajir,2020_21,2,"0401003360 P1 Curative,
Rehabilitative and Referral
Services","0401003360 P1 Curative, Rehabilitative
and Referral Services",468971124.0,74000000.0,False,,"0401003360 P1 Curative,
Rehabilitative and Referral
Services","0401003360 P1 Curative, Rehabilitative
and Referral Services"
wajir,2020_21,2,"0402003360 P2 Preventive
and promotive services","0402003360 P2 Preventive and promotive
services",157575000.0,,False,,"0402003360 P2 Preventive
and promotive services","0402003360 P2 Preventive and promotive
services"
wajir,2020_21,2,"0408003360 P8 Health Re-
search Services",0408003360 P8 Health Research Services,258110000.0,,False,,"0408003360 P8 Health Re-
search Services",0408003360 P8 Health Research Services
west,2020_21,2,SP 2- (Preventive Health Services),,300791260.0,69529032.0,False,,SP 2- (Preventive Health Services),
west,2020_21,2,SP 3- (Kapenguria Referral Hospital),,72494287.0,35072820.0,False,,SP 3- (Kapenguria Referral Hospital),
west,2020_21,2,SP 4- (Kacheliba Sub county hospital),,14615000.0,6348837.0,False,,SP 4- (Kacheliba Sub county hospital),
west,2020_21,2,SP 5- (Sigor Sub county hospital),,15620000.0,6353162.0,False,,SP 5- (Sigor Sub county hospital),
west,2020_21,2,SP 6- (Chepareria Sub county hospital),,48260000.0,6230252.0,False,,SP 6- (Chepareria Sub county hospital),
baringo,2020_21,3,"Health/preventive ser-
vices",,,,False,,"Health/preventive ser-
vices",
baringo,2020_21,3,"Health/preventive ser-
vices","General administration, planning & support
services",,,False,,"Health/preventive ser-
vices","General administration, planning & support
services"
baringo,2020_21,3,"Health/preventive ser-
vices",Support service,,,False,,"Health/preventive ser-
vices",Support service
baringo,2020_21,3,"Curative and Rehabilita-
tive Services",,366978995.0,35528876.0,False,,"Curative and Rehabilita-
tive Services",
baringo,2020_21,3,"Curative and Rehabilita-
tive Services","General administration, planning & support
services",366978995.0,35528876.0,False,,"Curative and Rehabilita-
tive Services","General administration, planning & support
services"
baringo,2020_21,3,"Curative and Rehabilita-
tive Services",Support service,,,False,,"Curative and Rehabilita-
tive Services",Support service
baringo,2020_21,3,"Curative and Rehabilita-
tive Services",Support to County Hospitals (FIF),,,False,,"Curative and Rehabilita-
tive Services",Support to County Hospitals (FIF)
baringo,2020_21,3,"Preventive and Promotive
Health Services",,,8193689.0,False,,"Preventive and Promotive
Health Services",
baringo,2020_21,3,"Preventive and Promotive
Health Services",Infrastructure Development,,6149607.0,False,,"Preventive and Promotive
Health Services",Infrastructure Development
baringo,2020_21,3,"Preventive and Promotive
Health Services",Compensation for User fees Forgone,,2044082.0,False,,"Preventive and Promotive
Health Services",Compensation for User fees Forgone
baringo,2020_21,3,"Preventive and Promotive
Health Services",Primary Health Care,,,False,,"Preventive and Promotive
Health Services",Primary Health Care
bomet,2020_21,3,Programmes 2,Curative Services,291869478.0,100835842.0,False,,Programmes 2,Curative Services
bomet,2020_21,3,Programme 3,"Preventive and Promotive
Services",88129352.0,2073590.0,False,,Programme 3,"Preventive and Promotive
Services"
bomet,2020_21,3,Programme 4,"Cash Transfers to Health Fa-
cilities.",122034644.0,84424200.0,False,,Programme 4,"Cash Transfers to Health Fa-
cilities."
bomet,2020_21,3,Programme 5,Health Infrastructure,279756170.0,21047740.0,False,,Programme 5,Health Infrastructure
bungoma,2020_21,3,Health & Sanitation,,,,False,,Health & Sanitation,
bungoma,2020_21,3,"General Administra-
tion and Planning,
and Support Services",Health Administration Planning and support services,501607010.0,154020205.0,False,,"General Administra-
tion and Planning,
and Support Services",Health Administration Planning and support services
bungoma,2020_21,3,"General Administra-
tion and Planning,
and Support Services",Health Infrastructure,172032460.0,,False,,"General Administra-
tion and Planning,
and Support Services",Health Infrastructure
bungoma,2020_21,3,"Preventive Promotive
and Rehabilitative",Communicable and non-communicable,42676050.0,,False,,"Preventive Promotive
and Rehabilitative",Communicable and non-communicable
bungoma,2020_21,3,"Preventive Promotive
and Rehabilitative",Health Promotion services,5000000.0,,False,,"Preventive Promotive
and Rehabilitative",Health Promotion services
bungoma,2020_21,3,"Preventive Promotive
and Rehabilitative",Disease surveillance,1576051.0,,False,,"Preventive Promotive
and Rehabilitative",Disease surveillance
bungoma,2020_21,3,"Preventive Promotive
and Rehabilitative",Community health services,76800000.0,,False,,"Preventive Promotive
and Rehabilitative",Community health services
bungoma,2020_21,3,"Preventive Promotive
and Rehabilitative",Nutrition Management,10000000.0,,False,,"Preventive Promotive
and Rehabilitative",Nutrition Management
bungoma,2020_21,3,"Preventive Promotive
and Rehabilitative",HIV/AIDS awareness.,2000000.0,,False,,"Preventive Promotive
and Rehabilitative",HIV/AIDS awareness.
bungoma,2020_21,3,"Curative and Rehabil-
itative Health Services",Routine Medical Services,551556410.0,,False,,"Curative and Rehabil-
itative Health Services",Routine Medical Services
bungoma,2020_21,3,"Curative and Rehabil-
itative Health Services",Blood Bank Services,10000000.0,,False,,"Curative and Rehabil-
itative Health Services",Blood Bank Services
bungoma,2020_21,3,"Curative and Rehabil-
itative Health Services",Maternity Services,61252101.0,,False,,"Curative and Rehabil-
itative Health Services",Maternity Services
busia,2020_21,3,"CP 9: Veterinary Health
Services",CSP 10.1: Veterinary Disease control,3555460.0,,False,,"CP 9: Veterinary Health
Services",CSP 10.1: Veterinary Disease control
busia,2020_21,3,"CP 9: Veterinary Health
Services",CSP 10.2:AI services,,,False,,"CP 9: Veterinary Health
Services",CSP 10.2:AI services
busia,2020_21,3,"CP 9: Veterinary Health
Services",CSP 10.3 Meat inspection services,,,False,,"CP 9: Veterinary Health
Services",CSP 10.3 Meat inspection services
busia,2020_21,3,"CP 9: Veterinary Health
Services",CSP 10.4 Veterinary Extention,2000000.0,,False,,"CP 9: Veterinary Health
Services",CSP 10.4 Veterinary Extention
busia,2020_21,3,DEPARTMENT OF HEALTH AND SANITATION,,,,False,,DEPARTMENT OF HEALTH AND SANITATION,
busia,2020_21,3,"CP 55: Curative Health
Services",CSP 55.1: Infrastructure development,384005854.0,69519252.0,False,,"CP 55: Curative Health
Services",CSP 55.1: Infrastructure development
busia,2020_21,3,"CP 55: Curative Health
Services",CSP 55.2: Hospital equipment,23275000.0,3639620.0,False,,"CP 55: Curative Health
Services",CSP 55.2: Hospital equipment
busia,2020_21,3,"CP 56: Preventive and
Promotive Health ser-
vices",CSP 56.1: Infrastructure development,26000000.0,1010996.0,False,,"CP 56: Preventive and
Promotive Health ser-
vices",CSP 56.1: Infrastructure development
busia,2020_21,3,"CP 56: Preventive and
Promotive Health ser-
vices",CSP 56.2: Lower level hospital equipment,1000000.0,,False,,"CP 56: Preventive and
Promotive Health ser-
vices",CSP 56.2: Lower level hospital equipment
busia,2020_21,3,"CP 56: Preventive and
Promotive Health ser-
vices",CSP 56.3:Preventive Services,9000000.0,,False,,"CP 56: Preventive and
Promotive Health ser-
vices",CSP 56.3:Preventive Services
busia,2020_21,3,"CP 56: Preventive and
Promotive Health ser-
vices",CSP 56.4: Health promotion unit,147768264.0,44380357.0,False,,"CP 56: Preventive and
Promotive Health ser-
vices",CSP 56.4: Health promotion unit
elgeyo,2020_21,3,Health and Sanitation,,,,False,,Health and Sanitation,
elgeyo,2020_21,3,Preventive and Promotive health,,14922412.0,5751217.0,False,,Preventive and Promotive health,
elgeyo,2020_21,3,Preventive and Promotive health,"Community and Environmental
Health",14922412.0,5751217.0,False,,Preventive and Promotive health,"Community and Environmental
Health"
elgeyo,2020_21,3,Preventive and Promotive health,"Communicable & Non-Communica-
ble Disease Prevention & Control",,,False,,Preventive and Promotive health,"Communicable & Non-Communica-
ble Disease Prevention & Control"
elgeyo,2020_21,3,Curative and Rehabilitative Health,,242044440.0,41740966.0,False,,Curative and Rehabilitative Health,
elgeyo,2020_21,3,Curative and Rehabilitative Health,Commodity management,1800000.0,99922.0,False,,Curative and Rehabilitative Health,Commodity management
elgeyo,2020_21,3,Curative and Rehabilitative Health,County Hospitals,40663332.0,1971770.0,False,,Curative and Rehabilitative Health,County Hospitals
elgeyo,2020_21,3,Curative and Rehabilitative Health,Primary Care Units,176901988.0,36943984.0,False,,Curative and Rehabilitative Health,Primary Care Units
elgeyo,2020_21,3,Curative and Rehabilitative Health,Emergency Medical Services,22679120.0,2725290.0,False,,Curative and Rehabilitative Health,Emergency Medical Services
embu,2020_21,3,SP1.1: Primary Health Care,,1198371306.0,634441736.0,False,,SP1.1: Primary Health Care,
embu,2020_21,3,"SP2.1: Health Promotion & Disease
Control",,493240945.0,261131621.0,False,,"SP2.1: Health Promotion & Disease
Control",
embu,2020_21,3,SP1.1: Primary Health Care,,253156973.0,135880013.0,False,,SP1.1: Primary Health Care,
embu,2020_21,3,"SP2.1: Health Promotion & Disease
Control",,70934873.0,38073735.0,False,,"SP2.1: Health Promotion & Disease
Control",
garissa,2020_21,3,Health and Sanitation-,,,,False,,Health and Sanitation-,
garissa,2020_21,3,Curative Service,"Medical Products, Appliance and
Equipment",122500000.0,136635000.0,False,,Curative Service,"Medical Products, Appliance and
Equipment"
garissa,2020_21,3,Curative Service,Development of Health Facilities,332021277.0,144000000.0,False,,Curative Service,Development of Health Facilities
garissa,2020_21,3,Curative Service,Referral Service,67435485.0,,False,,Curative Service,Referral Service
garissa,2020_21,3,Preventive Services,Health Promotion Campaign,1075645.0,,False,,Preventive Services,Health Promotion Campaign
garissa,2020_21,3,Preventive Services,Public Health Service,1618450.0,,False,,Preventive Services,Public Health Service
garissa,2020_21,3,Preventive Services,Nutrition,1522509.0,,False,,Preventive Services,Nutrition
kajiado,2020_21,3,Curative and Rehabilitative,Medical Services,316340196.0,297393868.0,False,,Curative and Rehabilitative,Medical Services
kajiado,2020_21,3,Curative and Rehabilitative,Ambulance Services,7940000.0,5869832.0,False,,Curative and Rehabilitative,Ambulance Services
kajiado,2020_21,3,Public Health and Sanitation,Promotive and preventive,198577149.0,88773593.0,False,,Public Health and Sanitation,Promotive and preventive
kajiado,2020_21,3,Public Health and Sanitation,Mobile clinics,3650000.0,2589129.0,False,,Public Health and Sanitation,Mobile clinics
kajiado,2020_21,3,Public Health and Sanitation,Licensing and control undertaking,8015000.0,3447256.0,False,,Public Health and Sanitation,Licensing and control undertaking
kajiado,2020_21,3,Public Health and Sanitation,Sanitation,4627920.0,1496754.0,False,,Public Health and Sanitation,Sanitation
kakamega,2020_21,3,Preventive and promotive services,,80000000.0,30151200.0,False,,Preventive and promotive services,
kakamega,2020_21,3,Preventive and promotive services,Diseases surveillance & Emergency Response,,,False,,Preventive and promotive services,Diseases surveillance & Emergency Response
kakamega,2020_21,3,Preventive and promotive services,Maternal and child healthcare promotion,80000000.0,30151200.0,False,,Preventive and promotive services,Maternal and child healthcare promotion
kakamega,2020_21,3,Preventive and promotive services,TB Control,,,False,,Preventive and promotive services,TB Control
kakamega,2020_21,3,Preventive and promotive services,Malaria control,,,False,,Preventive and promotive services,Malaria control
kakamega,2020_21,3,Curative services,,1328446028.0,441253360.0,False,,Curative services,
kakamega,2020_21,3,Curative services,Curative services,828522535.0,267502261.0,False,,Curative services,Curative services
kakamega,2020_21,3,Curative services,Community Health Strategy,484923493.0,158751099.0,False,,Curative services,Community Health Strategy
kakamega,2020_21,3,Curative services,Disease Surveillance and Response,15000000.0,15000000.0,False,,Curative services,Disease Surveillance and Response
kakamega,2020_21,3,"Administrative, planning and support services",Health Data and Information Management,,,False,,"Administrative, planning and support services",Health Data and Information Management
kiambu,2020_21,3,Health Services,,,,False,,Health Services,
kiambu,2020_21,3,"0401004060 Curative and preventive
health care services",Health curative services,1641450485.0,690842846.0,False,,"0401004060 Curative and preventive
health care services",Health curative services
kiambu,2020_21,3,"0401004060 Curative and preventive
health care services",,1641450485.0,690842846.0,False,,"0401004060 Curative and preventive
health care services",
kiambu,2020_21,3,0403004060 Preventive Health Services,Community Health Services,81055329.0,25678545.0,False,,0403004060 Preventive Health Services,Community Health Services
kiambu,2020_21,3,0403004060 Preventive Health Services,,81055329.0,25678545.0,False,,0403004060 Preventive Health Services,
kilifi,2020_21,3,Health,Curative and rehabilitative,529781345.0,45604605.0,False,,Health,Curative and rehabilitative
kilifi,2020_21,3,Health,"General Administration, Planning & Support Ser-
vices",2728128585.0,1589757981.0,False,,Health,"General Administration, Planning & Support Ser-
vices"
kilifi,2020_21,3,Health,Development,1187744033.0,3110134.0,False,,Health,Development
kirinyaga,2020_21,3,"Curative and Rehabilitative
Services",040301 Curative and Rehabilitative Services,2267957747.0,1436247772.9,False,,"Curative and Rehabilitative
Services",040301 Curative and Rehabilitative Services
kisumu,2020_21,3,401005060.0,"Preventive & Promotive Health
Services",1575397994.0,615277894.0,False,,401005060.0,"Preventive & Promotive Health
Services"
kisumu,2020_21,3,401005060.0,"Environmental health and sani-
tation",1492586026.0,606708378.0,False,,401005060.0,"Environmental health and sani-
tation"
kisumu,2020_21,3,401005060.0,Community health strategy,1100000.0,,False,,401005060.0,Community health strategy
kisumu,2020_21,3,401005060.0,Health promotion service,80511968.0,8560065.0,False,,401005060.0,Health promotion service
kisumu,2020_21,3,402005060.0,Health Curative Services,141297510.0,34951561.0,False,,402005060.0,Health Curative Services
kisumu,2020_21,3,402005060.0,Reproductive Health,137797510.0,33600361.0,False,,402005060.0,Reproductive Health
kisumu,2020_21,3,403005060.0,"Health infrastructure and devel-
opment",,,False,,403005060.0,"Health infrastructure and devel-
opment"
kisumu,2020_21,3,403005060.0,Health information System,,,False,,403005060.0,Health information System
kisumu,2020_21,3,403005060.0,Human resource for Health,2899119895.0,2624704542.0,False,,403005060.0,Human resource for Health
kisumu,2020_21,3,404005060.0,Preventive Health Care,,,False,,404005060.0,Preventive Health Care
kisumu,2020_21,3,404005060.0,Primary healthcare Services,,,False,,404005060.0,Primary healthcare Services
kisumu,2020_21,3,405005060.0,"Health Sector support Program
(DANIDA)",202341389.0,65719039.0,False,,405005060.0,"Health Sector support Program
(DANIDA)"
kisumu,2020_21,3,405005060.0,Health Promotive Services,202341389.0,65719039.0,False,,405005060.0,Health Promotive Services
kisumu,2020_21,3,406005060.0,Maternal and Child Health,,,False,,406005060.0,Maternal and Child Health
kisumu,2020_21,3,406005060.0,Maternal and Child Health,,,False,,406005060.0,Maternal and Child Health
kisumu,2020_21,3,407005060.0,"Jaramogi Oginga Odinga Teach-
ing and Referral Hospital",369070349.0,128989351.0,False,,407005060.0,"Jaramogi Oginga Odinga Teach-
ing and Referral Hospital"
kisumu,2020_21,3,407005060.0,"Jaramogi Oginga Odinga Teach-
ing and Referral Hospital",369070349.0,128989351.0,False,,407005060.0,"Jaramogi Oginga Odinga Teach-
ing and Referral Hospital"
kisumu,2020_21,3,408005060.0,Kisumu County Referral Hospital,26740133.0,7800000.0,False,,408005060.0,Kisumu County Referral Hospital
kisumu,2020_21,3,409005060.0,"Medical and Bio-Medical Ser-
vices",338848000.0,56489203.0,False,,409005060.0,"Medical and Bio-Medical Ser-
vices"
kisumu,2020_21,3,409005060.0,"County and Sub-County Hospital
Services",338848000.0,56489203.0,False,,409005060.0,"County and Sub-County Hospital
Services"
kitui,2020_21,3,Health & Sanitation,,,,False,,Health & Sanitation,
kitui,2020_21,3,Medical Services,402013710.0,2606711494.0,1937060635.0,False,,Medical Services,402013710.0
kitui,2020_21,3,Medical Services,402023710.0,13610550.0,8492092.0,False,,Medical Services,402023710.0
kitui,2020_21,3,Rural Health Services,402033710.0,324380396.0,279469017.0,False,,Rural Health Services,402033710.0
kitui,2020_21,3,Public Health,403013710.0,7105912.0,4615930.0,False,,Public Health,403013710.0
kitui,2020_21,3,Medical Services,403023710.0,126707592.0,65462605.0,False,,Medical Services,403023710.0
kitui,2020_21,3,Public Health,403023710.0,1531796.0,928680.0,False,,Public Health,403023710.0
kitui,2020_21,3,Public Health,403033710.0,1982324.0,1543900.0,False,,Public Health,403033710.0
kitui,2020_21,3,Health Promotion & Disease Control,404013710.0,2725985.0,1087664.0,False,,Health Promotion & Disease Control,404013710.0
kitui,2020_21,3,Rural Health Services,404023710.0,76830284.0,21575355.0,False,,Rural Health Services,404023710.0
kitui,2020_21,3,Rural Health Services,404033710.0,29257060.0,13684045.0,False,,Rural Health Services,404033710.0
kitui,2020_21,3,Rural Health Services,404043710.0,22499905.0,12659937.0,False,,Rural Health Services,404043710.0
kwale,2020_21,3,3064 - MEDICAL & PUBLIC HEALTH,,,,False,,3064 - MEDICAL & PUBLIC HEALTH,
kwale,2020_21,3,Medical drugs(0402043060)),,220000000.0,213730702.0,False,,Medical drugs(0402043060)),
kwale,2020_21,3,Msambweni hospital (0405013060),,44276733.0,30525235.0,False,,Msambweni hospital (0405013060),
kwale,2020_21,3,Kinango hospital(0406013060),,30125186.0,17283378.0,False,,Kinango hospital(0406013060),
kwale,2020_21,3,Kwale hospital(0407013060),,59030000.0,13297857.0,False,,Kwale hospital(0407013060),
kwale,2020_21,3,Tiwi rural health facility(0408013060),,5104000.0,2543543.0,False,,Tiwi rural health facility(0408013060),
kwale,2020_21,3,Samburu hospital(0409013060),,22045200.0,4097582.0,False,,Samburu hospital(0409013060),
kwale,2020_21,3,Lunga lunga hospital(0410013060),,14898200.0,11227665.0,False,,Lunga lunga hospital(0410013060),
kwale,2020_21,3,Public health(0401053060),,3350000.0,1111976.0,False,,Public health(0401053060),
kwale,2020_21,3,Rural health facilities(0412013060),,390343554.0,69077960.0,False,,Rural health facilities(0412013060),
laikipia,2020_21,3,County Health Services,,,,False,,County Health Services,
laikipia,2020_21,3,"General Administrative and
Planning Services","Health Policy, Governance, Planning and
Financing",4500000.0,2454518.0,False,,"General Administrative and
Planning Services","Health Policy, Governance, Planning and
Financing"
laikipia,2020_21,3,"General Administrative and
Planning Services","Health General Information Standard
and Quality Assurance",500000.0,,False,,"General Administrative and
Planning Services","Health General Information Standard
and Quality Assurance"
laikipia,2020_21,3,Preventive Health Services,"Family Planning, Maternal and Child
Health Services",3300000.0,1571600.0,False,,Preventive Health Services,"Family Planning, Maternal and Child
Health Services"
laikipia,2020_21,3,Preventive Health Services,"Non-Communicable Diseases Control
and Preventive Services",800000.0,795000.0,False,,Preventive Health Services,"Non-Communicable Diseases Control
and Preventive Services"
laikipia,2020_21,3,Preventive Health Services,"Community Health Strategy Advocacy
and Services",240630277.0,74701839.0,False,,Preventive Health Services,"Community Health Strategy Advocacy
and Services"
laikipia,2020_21,3,Preventive Health Services,Social Health Insurance Scheme,40000000.0,12332028.0,False,,Preventive Health Services,Social Health Insurance Scheme
laikipia,2020_21,3,"Curative And Rehabilitative
Health","Emergency Referral and Rehabilitative
Services",133421416.0,67804662.0,False,,"Curative And Rehabilitative
Health","Emergency Referral and Rehabilitative
Services"
laikipia,2020_21,3,"Curative And Rehabilitative
Health",Health Products and Technology Support,50832955.0,39854400.0,False,,"Curative And Rehabilitative
Health",Health Products and Technology Support
laikipia,2020_21,3,"Curative And Rehabilitative
Health",Essential Health Institutions and Services,138761404.0,35604084.0,False,,"Curative And Rehabilitative
Health",Essential Health Institutions and Services
laikipia,2020_21,3,"Curative And Rehabilitative
Health","Ultra Morden Maternity Infrastructure
Development",24004435.0,,False,,"Curative And Rehabilitative
Health","Ultra Morden Maternity Infrastructure
Development"
laikipia,2020_21,3,"Curative And Rehabilitative
Health",Health Infrastructure Development,34568787.0,,False,,"Curative And Rehabilitative
Health",Health Infrastructure Development
laikipia,2020_21,3,"Curative And Rehabilitative
Health","Health Training Centre Infrastructural
Development",3000000.0,,False,,"Curative And Rehabilitative
Health","Health Training Centre Infrastructural
Development"
lamu,2020_21,3,Department Medical Services,,,,False,,Department Medical Services,
lamu,2020_21,3,Medical Services,"3217000101 Head-
quarters",837827401.0,556673666.0,False,,Medical Services,"3217000101 Head-
quarters"
lamu,2020_21,3,Medical Services,"3217000201 Cura-
tive & Rehabilita-
tive Health Dept",121650265.0,40580599.0,False,,Medical Services,"3217000201 Cura-
tive & Rehabilita-
tive Health Dept"
lamu,2020_21,3,Medical Services,"3217000301
Preventive & Pro-
motive Health",148297668.0,11443387.0,False,,Medical Services,"3217000301
Preventive & Pro-
motive Health"
lamu,2020_21,3,Medical Services,"Development
- SP4 curative
Services",403889881.0,58363137.0,False,,Medical Services,"Development
- SP4 curative
Services"
lamu,2020_21,3,Department Public Health Environment and Sanitation,,,,False,,Department Public Health Environment and Sanitation,
machakos,2020_21,3,HEALTH AND EMERGENCY SERVICES,,,,False,,HEALTH AND EMERGENCY SERVICES,
makueni,2020_21,3,SP2. 1: Curative health care services,,255393727.0,378950.0,False,,SP2. 1: Curative health care services,
makueni,2020_21,3,"Programme 3; Preventive and pro-
motive health care services",,,,False,,"Programme 3; Preventive and pro-
motive health care services",
makueni,2020_21,3,"SP3. 1Preventive and promotive
health care services",,138388507.0,4834179.0,False,,"SP3. 1Preventive and promotive
health care services",
marsabit,2020_21,3,Health Services,Curative Health Services,,,False,,Health Services,Curative Health Services
marsabit,2020_21,3,Health Services,"General Administration, Planning and Sup-
port Services",2215731869.0,1124069312.0,False,,Health Services,"General Administration, Planning and Sup-
port Services"
marsabit,2020_21,3,Health Services,Maternal and child health,,,False,,Health Services,Maternal and child health
meru,2020_21,3,Health Service,,,,False,,Health Service,
meru,2020_21,3,Preventive and Promotive,Preventive services,137181996.0,56292211.0,False,,Preventive and Promotive,Preventive services
meru,2020_21,3,Health Care Services,Promotive health care,,,False,,Health Care Services,Promotive health care
meru,2020_21,3,Curative Health,Curative health care services,815052444.0,89276700.0,False,,Curative Health,Curative health care services
migori,2020_21,3,Veterinary services,"Veterinary public health man-
agement",986000.0,,False,,Veterinary services,"Veterinary public health man-
agement"
migori,2020_21,3,Veterinary services,"Veterinary public health man-
agement",9600000.0,,False,,Veterinary services,"Veterinary public health man-
agement"
migori,2020_21,3,Health,,,,False,,Health,
migori,2020_21,3,"Planning and administrative sup-
port services (Medical services)","Health Management Informa-
tive System(Medical services)",338052.0,,False,,"Planning and administrative sup-
port services (Medical services)","Health Management Informa-
tive System(Medical services)"
migori,2020_21,3,"Planning and administrative sup-
port services (Medical services)","Administrative And Support
Services(Medical services)",1409360756.56,871737613.57,False,,"Planning and administrative sup-
port services (Medical services)","Administrative And Support
Services(Medical services)"
migori,2020_21,3,Public health,"Health Management Informa-
tive System(Public Health)",338052.0,165250.0,False,,Public health,"Health Management Informa-
tive System(Public Health)"
migori,2020_21,3,Public health,"Administrative And Support
Services(Public Health)",16283080.09,9342082.0,False,,Public health,"Administrative And Support
Services(Public Health)"
migori,2020_21,3,Medical services,"Human Nutrition And Dietet-
ics(Medical services)",507079.0,,False,,Medical services,"Human Nutrition And Dietet-
ics(Medical services)"
migori,2020_21,3,Medical services,"Hiv And Aids Management(-
Medical services)",236637.0,,False,,Medical services,"Hiv And Aids Management(-
Medical services)"
migori,2020_21,3,Medical services,"Disease Surveillance/(Medical
services)",5000000.0,,False,,Medical services,"Disease Surveillance/(Medical
services)"
migori,2020_21,3,Medical services,"Emergency Preparedness And
Response(medical services)",1690268.0,,False,,Medical services,"Emergency Preparedness And
Response(medical services)"
migori,2020_21,3,Medical services,"Family& Reproductive Health
Medical services)",34738053.0,309880.0,False,,Medical services,"Family& Reproductive Health
Medical services)"
migori,2020_21,3,Medical services,"Family Planning & Adolescent
Health activities (Co funding)",7000000.0,,False,,Medical services,"Family Planning & Adolescent
Health activities (Co funding)"
migori,2020_21,3,Public health,"Community Health Services(-
Public health)",24338053.0,3255877.0,False,,Public health,"Community Health Services(-
Public health)"
migori,2020_21,3,Public health,"Sanitation And Environmental
Health Services(Public health)",338053.0,,False,,Public health,"Sanitation And Environmental
Health Services(Public health)"
migori,2020_21,3,Public health,"Human Nutrition And Dietet-
ics(Public health)",507080.0,500000.0,False,,Public health,"Human Nutrition And Dietet-
ics(Public health)"
migori,2020_21,3,Public health,"Communicable Disease Con-
trol(Public health)",253540.0,60830.0,False,,Public health,"Communicable Disease Con-
trol(Public health)"
migori,2020_21,3,Public health,"Hiv And Aids Management(-
Public health)",709912.0,700000.0,False,,Public health,"Hiv And Aids Management(-
Public health)"
migori,2020_21,3,Public health,"Disease Surveillance/(Public
health)",89415132.0,9116000.0,False,,Public health,"Disease Surveillance/(Public
health)"
migori,2020_21,3,Public health,"Emergency Preparedness And
Response(Public health)",1490268.0,1066620.0,False,,Public health,"Emergency Preparedness And
Response(Public health)"
migori,2020_21,3,Public health,"Health Promotion(Public
health)",338053.0,,False,,Public health,"Health Promotion(Public
health)"
migori,2020_21,3,Public health,"Family& Reproductive Health(-
Public health)",7938053.0,22050.0,False,,Public health,"Family& Reproductive Health(-
Public health)"
migori,2020_21,3,Public health,"Family & Adolescent Health ac-
tivities (Co funding)",10600000.0,,False,,Public health,"Family & Adolescent Health ac-
tivities (Co funding)"
migori,2020_21,3,Public health,"Pharmaceutical And Non –
Pharmaceutical Commodities(-
Medical services)",189615655.0,60601843.5,False,,Public health,"Pharmaceutical And Non –
Pharmaceutical Commodities(-
Medical services)"
migori,2020_21,3,Public health,"Pharmaceutical And Non –
Pharmaceutical Commodities(-
Public health)",85291232.0,4933700.0,False,,Public health,"Pharmaceutical And Non –
Pharmaceutical Commodities(-
Public health)"
migori,2020_21,3,Pending Bills,Pending Bills Medical Services,152420410.52,82394953.0,False,,Pending Bills,Pending Bills Medical Services
migori,2020_21,3,Pending Bills,Pending Bills Public Health,17862301.0,,False,,Pending Bills,Pending Bills Public Health
migori,2020_21,3,Infrastructure Development,"Dispensaries and Health Cen-
tres",5340681.0,1523760.0,False,,Infrastructure Development,"Dispensaries and Health Cen-
tres"
migori,2020_21,3,Infrastructure Development,"Face lifting of Health Centres
and Dispensaries (Community
Projects)",89879362.0,6557851.6,False,,Infrastructure Development,"Face lifting of Health Centres
and Dispensaries (Community
Projects)"
mombasa,2020_21,3,3017 Health Services,Administration Unit,2695470096.0,1880472284.0,False,,3017 Health Services,Administration Unit
mombasa,2020_21,3,3017 Health Services,"Curative/Clinical Health
Services",200016500.0,465141519.0,False,,3017 Health Services,"Curative/Clinical Health
Services"
mombasa,2020_21,3,3017 Health Services,"Preventive and Promotive
Services Unit",703691515.0,55465939.0,False,,3017 Health Services,"Preventive and Promotive
Services Unit"
mombasa,2020_21,3,3017 Health Services,Special Programs,78123400.0,1170800.0,False,,3017 Health Services,Special Programs
nakuru,2020_21,3,Community Health Strategy,Community Health Strategy,,,False,,Community Health Strategy,Community Health Strategy
nakuru,2020_21,3,"Environmental Health and Sanita-
tion Program","Environmental Health and Sanita-
tion Program",2300000.0,,False,,"Environmental Health and Sanita-
tion Program","Environmental Health and Sanita-
tion Program"
nakuru,2020_21,3,Health Promotive Services,Health Promotive Services,449184867.0,,False,,Health Promotive Services,Health Promotive Services
nakuru,2020_21,3,Health Promotive Services,,2602690878.0,,False,,Health Promotive Services,
nakuru,2020_21,3,"Provision of Essential Health Ser-
vices in all the Levels.","Provision of Essential Health Ser-
vices in all the Levels.",2602690878.0,,False,,"Provision of Essential Health Ser-
vices in all the Levels.","Provision of Essential Health Ser-
vices in all the Levels."
nakuru,2020_21,3,"Provision of Essential Health Ser-
vices in all the Levels.",,3768702475.0,,False,,"Provision of Essential Health Ser-
vices in all the Levels.",
nakuru,2020_21,3,"Health Infrastructure Develop-
ment","Health Infrastructure Develop-
ment",2000000.0,,False,,"Health Infrastructure Develop-
ment","Health Infrastructure Develop-
ment"
nakuru,2020_21,3,Human Resources for health,Human Resources for health,3766702475.0,,False,,Human Resources for health,Human Resources for health
nandi,2020_21,3,Health and Sanitation,,,,False,,Health and Sanitation,
nandi,2020_21,3,"Health Service Delivery Administra-
tion Services","Health Service Delivery
Administration Services",1897509456.0,1314021974.0,False,,"Health Service Delivery Administra-
tion Services","Health Service Delivery
Administration Services"
nandi,2020_21,3,"Health Service Delivery Administra-
tion Services",Construction of building,335976629.0,79763765.0,False,,"Health Service Delivery Administra-
tion Services",Construction of building
nandi,2020_21,3,"Preventive & Promotive Health Ser-
vices","Community Health Ser-
vices",391537664.0,312349190.0,False,,"Preventive & Promotive Health Ser-
vices","Community Health Ser-
vices"
nandi,2020_21,3,Curative Health Services,"Curative Health Manage-
ment Services",126796289.0,73059983.0,False,,Curative Health Services,"Curative Health Manage-
ment Services"
nandi,2020_21,3,"Health Sector Programme Support
(DANIDA FUNDS)","County Health Facilities
Support (DANIDA)",18808500.0,11223550.0,False,,"Health Sector Programme Support
(DANIDA FUNDS)","County Health Facilities
Support (DANIDA)"
narok,2020_21,3,Preventive &Promotive Health Services,,864720000.0,517304954.0,False,,Preventive &Promotive Health Services,
narok,2020_21,3,Health Promotion,,864720000.0,517304954.0,False,,Health Promotion,
narok,2020_21,3,Curative Health Services,,325874301.0,62977098.0,False,,Curative Health Services,
narok,2020_21,3,"Health Policy, Planning and Financing",,2201127501.0,1155277398.0,False,,"Health Policy, Planning and Financing",
nyamira,2020_21,3,Preventive and promotive health services,,,,False,,Preventive and promotive health services,
nyamira,2020_21,3,Preventive and promotive health services,Health promotion,,,False,,Preventive and promotive health services,Health promotion
nyamira,2020_21,3,Preventive and promotive health services,Communicable disease control,,,False,,Preventive and promotive health services,Communicable disease control
nyamira,2020_21,3,Curative health services,,,,False,,Curative health services,
nyamira,2020_21,3,Curative health services,Medical services,,,False,,Curative health services,Medical services
nyandarua,2020_21,3,Human Resource Management,"Human Resource Man-
agement (Including em-
ployee gratuity, pension
and medical insurance)",101530000.0,1949180.0,False,,Human Resource Management,"Human Resource Man-
agement (Including em-
ployee gratuity, pension
and medical insurance)"
nyandarua,2020_21,3,Preventive and Promotive Services,"Preventive and Promo-
tive Services",6271274.0,5690831.0,False,,Preventive and Promotive Services,"Preventive and Promo-
tive Services"
nyandarua,2020_21,3,Curative Services,"Curative Services (in-
cluding universal health
care and grants)",678821034.0,338703196.0,False,,Curative Services,"Curative Services (in-
cluding universal health
care and grants)"
nyeri,2020_21,3,County Health Services,"Administration, plan-
ning and support ser-
vices",2284209190.0,1890511371.0,False,,County Health Services,"Administration, plan-
ning and support ser-
vices"
nyeri,2020_21,3,"Nyeri Level V Referral
Hospital","Administration, plan-
ning and support ser-
vices",484361272.0,152468115.0,False,,"Nyeri Level V Referral
Hospital","Administration, plan-
ning and support ser-
vices"
nyeri,2020_21,3,"Mukurweini District
Hospital","Administration, plan-
ning and support ser-
vices",13000000.0,11000000.0,False,,"Mukurweini District
Hospital","Administration, plan-
ning and support ser-
vices"
nyeri,2020_21,3,Othaya District Hospital,"Administration, plan-
ning and support ser-
vices",17000000.0,14000000.0,False,,Othaya District Hospital,"Administration, plan-
ning and support ser-
vices"
nyeri,2020_21,3,Mt Kenya Hospital,"Administration, plan-
ning and support ser-
vices",17000000.0,7150840.0,False,,Mt Kenya Hospital,"Administration, plan-
ning and support ser-
vices"
nyeri,2020_21,3,"Health Centres and Dis-
pensaries","Administration, plan-
ning and support ser-
vices",128703831.0,23015627.0,False,,"Health Centres and Dis-
pensaries","Administration, plan-
ning and support ser-
vices"
samburu,2020_21,3,"0401004210 P1 Pre-
ventive and Promo-
tive Health Services","0401044210 SP2 Environmental & Health
promotion",71490325.0,70633177.0,False,,"0401004210 P1 Pre-
ventive and Promo-
tive Health Services","0401044210 SP2 Environmental & Health
promotion"
samburu,2020_21,3,"0401004210 P1 Pre-
ventive and Promo-
tive Health Services",0402014210 SP1 Nutrition,13898410.0,9982144.0,False,,"0401004210 P1 Pre-
ventive and Promo-
tive Health Services",0402014210 SP1 Nutrition
samburu,2020_21,3,"0401004210 P1 Pre-
ventive and Promo-
tive Health Services","0401054210 SP3 Communicable Disease
Control",86203050.0,59222970.0,False,,"0401004210 P1 Pre-
ventive and Promo-
tive Health Services","0401054210 SP3 Communicable Disease
Control"
samburu,2020_21,3,"0401004210 P1 Pre-
ventive and Promo-
tive Health Services","0401064210 SP4 Non-communicable Dis-
ease Prevention & Control",37877350.0,24823465.0,False,,"0401004210 P1 Pre-
ventive and Promo-
tive Health Services","0401064210 SP4 Non-communicable Dis-
ease Prevention & Control"
samburu,2020_21,3,"0401004210 P1 Pre-
ventive and Promo-
tive Health Services","0401074210 SP5 Reproductive, Maternal,
Neonatal, child and Adolescent Health",50307630.0,29780957.0,False,,"0401004210 P1 Pre-
ventive and Promo-
tive Health Services","0401074210 SP5 Reproductive, Maternal,
Neonatal, child and Adolescent Health"
samburu,2020_21,3,"0402004210 P2 Cura-
tive Health","0402044210 SP1 County Hospital and Re-
ferral Services",487569378.0,293084930.0,False,,"0402004210 P2 Cura-
tive Health","0402044210 SP1 County Hospital and Re-
ferral Services"
samburu,2020_21,3,"0402004210 P2 Cura-
tive Health","0402054210 SP2 Free Primary Health Ser-
vices",109362174.0,46290050.0,False,,"0402004210 P2 Cura-
tive Health","0402054210 SP2 Free Primary Health Ser-
vices"
samburu,2020_21,3,"0403004210 P3 Gen-
eral Administration
Planning and Support
Services","0403014210 SP1 Health Infrastructure De-
velopment",314896036.0,120016037.0,False,,"0403004210 P3 Gen-
eral Administration
Planning and Support
Services","0403014210 SP1 Health Infrastructure De-
velopment"
samburu,2020_21,3,"0403004210 P3 Gen-
eral Administration
Planning and Support
Services","0403054210 SP4 Health Policy, Planning &
Financing",23805221.0,9376582.0,False,,"0403004210 P3 Gen-
eral Administration
Planning and Support
Services","0403054210 SP4 Health Policy, Planning &
Financing"
samburu,2020_21,3,"0403004210 P3 Gen-
eral Administration
Planning and Support
Services","0403064210 SP5 Health Standards and
Quality Assurance Services",217961521.0,61464461.0,False,,"0403004210 P3 Gen-
eral Administration
Planning and Support
Services","0403064210 SP5 Health Standards and
Quality Assurance Services"
tana,2020_21,3,"Health Services
Programme",Administration and Support Services,1095898867.0,532891204.0,False,,"Health Services
Programme",Administration and Support Services
tana,2020_21,3,"Health Services
Programme","Administration, planning & support Ser-
vices",1095898867.0,532891204.0,False,,"Health Services
Programme","Administration, planning & support Ser-
vices"
tana,2020_21,3,"Health Services
Programme",Health Services Programme,29200000.0,,False,,"Health Services
Programme",Health Services Programme
tana,2020_21,3,"Health Services
Programme",Preventive Health Programme,15000000.0,,False,,"Health Services
Programme",Preventive Health Programme
tana,2020_21,3,"Health Services
Programme",Curative Health programme,14200000.0,,False,,"Health Services
Programme",Curative Health programme
tana,2020_21,3,"Health Services
Programme",Curative and Rehabilitative,341400000.0,196934526.0,False,,"Health Services
Programme",Curative and Rehabilitative
tana,2020_21,3,"Health Services
Programme",Medical Supplies,156200000.0,87084463.0,False,,"Health Services
Programme",Medical Supplies
tana,2020_21,3,"Health Services
Programme",Medical Services,129400000.0,58801613.0,False,,"Health Services
Programme",Medical Services
tana,2020_21,3,"Health Services
Programme",Ambulance Services,55800000.0,51048450.0,False,,"Health Services
Programme",Ambulance Services
tana,2020_21,3,"Health Services
Programme",Preventive and Promotive,25095800.0,11495480.0,False,,"Health Services
Programme",Preventive and Promotive
tana,2020_21,3,"Health Services
Programme",Preventive and Promotive,8700000.0,4394530.0,False,,"Health Services
Programme",Preventive and Promotive
tana,2020_21,3,"Health Services
Programme",Licensing and Control of Undertaking,13895800.0,6695450.0,False,,"Health Services
Programme",Licensing and Control of Undertaking
tana,2020_21,3,"Health Services
Programme",Mobile Clinics,2500000.0,405500.0,False,,"Health Services
Programme",Mobile Clinics
tana,2020_21,3,"Health Services
Programme","General Administration, Planning and
Support services",206818972.0,88279132.0,False,,"Health Services
Programme","General Administration, Planning and
Support services"
tana,2020_21,3,"Health Services
Programme","General operation, Planning and support
services",206818972.0,88279132.0,False,,"Health Services
Programme","General operation, Planning and support
services"
trans,2020_21,3,Health Corporate,,,,False,,Health Corporate,
trans,2020_21,3,Preventive Health Services,Preventive Health Services,523378231.0,259408574.0,False,,Preventive Health Services,Preventive Health Services
turkana,2020_21,3,Support to Health Programs,,432280000.0,50489043.0,False,,Support to Health Programs,
uasin,2020_21,3,Health Services,,,,False,,Health Services,
uasin,2020_21,3,"Administration- Health
Services","Administration And Support Ser-
vices",2394083995.0,1726992655.1,False,,"Administration- Health
Services","Administration And Support Ser-
vices"
uasin,2020_21,3,"Administration- Health
Services",Curative Health Services,124200000.0,3518510.8,False,,"Administration- Health
Services",Curative Health Services
uasin,2020_21,3,"Administration- Health
Services",Health Infrastructure,230494706.0,138965479.65,False,,"Administration- Health
Services",Health Infrastructure
uasin,2020_21,3,"Administration- Health
Services",,2748778701.0,1869476645.55,False,,"Administration- Health
Services",
uasin,2020_21,3,Clinical Services,Health Infrastructure,13700000.0,0.0,False,,Clinical Services,Health Infrastructure
uasin,2020_21,3,"Prevention and Health
Promotion","Administration And Support Ser-
vices",749785.0,355800.0,False,,"Prevention and Health
Promotion","Administration And Support Ser-
vices"
uasin,2020_21,3,"Prevention and Health
Promotion",,749785.0,355800.0,False,,"Prevention and Health
Promotion",
vihiga,2020_21,3,"Administration,
Planning and Support
Service",Healthcare Financing,148628478.0,13184524.0,False,,"Administration,
Planning and Support
Service",Healthcare Financing
vihiga,2020_21,3,"Promotive and Preven-
tive Healthcare Services",,15705284.0,823200.0,False,,"Promotive and Preven-
tive Healthcare Services",
vihiga,2020_21,3,"Promotive and Preven-
tive Healthcare Services",Public Health Services,6320000.0,350000.0,False,,"Promotive and Preven-
tive Healthcare Services",Public Health Services
vihiga,2020_21,3,"Promotive and Preven-
tive Healthcare Services",Community Health Strategy,6320000.0,100000.0,False,,"Promotive and Preven-
tive Healthcare Services",Community Health Strategy
vihiga,2020_21,3,"Promotive and Preven-
tive Healthcare Services",Health Promotion,2175284.0,100000.0,False,,"Promotive and Preven-
tive Healthcare Services",Health Promotion
vihiga,2020_21,3,"Promotive and Preven-
tive Healthcare Services",Reproductive Healthcare,320000.0,93400.0,False,,"Promotive and Preven-
tive Healthcare Services",Reproductive Healthcare
vihiga,2020_21,3,"Promotive and Preven-
tive Healthcare Services","Disease Surveillance and
Emergency",570000.0,179800.0,False,,"Promotive and Preven-
tive Healthcare Services","Disease Surveillance and
Emergency"
vihiga,2020_21,3,"Curative And Rehabili-
tative Health Services",,344789449.0,132054275.0,False,,"Curative And Rehabili-
tative Health Services",
vihiga,2020_21,3,"Curative And Rehabili-
tative Health Services",Medical services,341609449.0,132036775.0,False,,"Curative And Rehabili-
tative Health Services",Medical services
vihiga,2020_21,3,"Curative And Rehabili-
tative Health Services",County referral services,140000.0,17500.0,False,,"Curative And Rehabili-
tative Health Services",County referral services
vihiga,2020_21,3,"Curative And Rehabili-
tative Health Services","Drugs and Other Medical
Supplies",3040000.0,,False,,"Curative And Rehabili-
tative Health Services","Drugs and Other Medical
Supplies"
vihiga,2020_21,3,"Child and Maternal
Health Care",,64445596.0,12862797.0,False,,"Child and Maternal
Health Care",
vihiga,2020_21,3,"Child and Maternal
Health Care","Antenatal and Post Natal
healthcare",1600000.0,,False,,"Child and Maternal
Health Care","Antenatal and Post Natal
healthcare"
vihiga,2020_21,3,"Child and Maternal
Health Care","Antenatal and Post Natal
Healthcare",26285047.0,10113192.0,False,,"Child and Maternal
Health Care","Antenatal and Post Natal
Healthcare"
vihiga,2020_21,3,"Child and Maternal
Health Care",Maternity Services,23709396.0,,False,,"Child and Maternal
Health Care",Maternity Services
vihiga,2020_21,3,"Child and Maternal
Health Care","Newborne, Child and Ado-
lescent Health",40000.0,,False,,"Child and Maternal
Health Care","Newborne, Child and Ado-
lescent Health"
vihiga,2020_21,3,"Child and Maternal
Health Care",Nutrition Services,12811153.0,2749605.0,False,,"Child and Maternal
Health Care",Nutrition Services
wajir,2020_21,3,"Public Health, Medical Service and Sanitation",,,,False,,"Public Health, Medical Service and Sanitation",
wajir,2020_21,3,Curative,Curative,831685636.0,,False,,Curative,Curative
wajir,2020_21,3,Preventive,Preventive,145303140.0,,False,,Preventive,Preventive
wajir,2020_21,3,Family Health,Family Health,136322302.0,,False,,Family Health,Family Health
west,2020_21,3,"Health, Sanitation and Emergencies",,,,False,,"Health, Sanitation and Emergencies",
west,2020_21,3,"Health, Sanitation and Emergencies","SP 1(General Administration, planning and Support Ser-
vices",1313835246.0,978226157.0,False,,"Health, Sanitation and Emergencies","SP 1(General Administration, planning and Support Ser-
vices"
west,2020_21,3,"Health, Sanitation and Emergencies",SP 2- (Preventive Health Services),300791260.0,52499179.0,False,,"Health, Sanitation and Emergencies",SP 2- (Preventive Health Services)
west,2020_21,3,"Health, Sanitation and Emergencies",SP 3- (Kapenguria Referral Hospital),72494287.0,147828070.0,False,,"Health, Sanitation and Emergencies",SP 3- (Kapenguria Referral Hospital)
west,2020_21,3,"Health, Sanitation and Emergencies",SP 4- (Kacheliba Sub county hospital),14615000.0,6575253.0,False,,"Health, Sanitation and Emergencies",SP 4- (Kacheliba Sub county hospital)
west,2020_21,3,"Health, Sanitation and Emergencies",SP 5- (Sigor Sub county hospital),15620000.0,8091620.0,False,,"Health, Sanitation and Emergencies",SP 5- (Sigor Sub county hospital)
west,2020_21,3,"Health, Sanitation and Emergencies",SP 6- (Chepareria Sub county hospital),48260000.0,13289874.0,False,,"Health, Sanitation and Emergencies",SP 6- (Chepareria Sub county hospital)
west,2020_21,3,"Health, Sanitation and Emergencies",SP 7(Facility Improvement Fund),39500000.0,29007865.0,False,,"Health, Sanitation and Emergencies",SP 7(Facility Improvement Fund)
west,2020_21,3,"Health, Sanitation and Emergencies",SP 8(Ward Specific),137787403.0,3500001.0,False,,"Health, Sanitation and Emergencies",SP 8(Ward Specific)
baringo,2020_21,4,Health/preventive services,,,400000.0,False,,Health/preventive services,
baringo,2020_21,4,Health/preventive services,"General administration, plan-
ning & support services",,400000.0,False,,Health/preventive services,"General administration, plan-
ning & support services"
baringo,2020_21,4,Health/preventive services,Support service,,,False,,Health/preventive services,Support service
baringo,2020_21,4,"Curative and Rehabilitative
Services",,362078995.0,109385190.0,False,,"Curative and Rehabilitative
Services",
baringo,2020_21,4,"Curative and Rehabilitative
Services","General administration, plan-
ning & support services",362078995.0,109385190.0,False,,"Curative and Rehabilitative
Services","General administration, plan-
ning & support services"
baringo,2020_21,4,"Curative and Rehabilitative
Services",Support service,,,False,,"Curative and Rehabilitative
Services",Support service
baringo,2020_21,4,"Curative and Rehabilitative
Services","Support to County Hospitals
(FIF)",,,False,,"Curative and Rehabilitative
Services","Support to County Hospitals
(FIF)"
baringo,2020_21,4,"Preventive and Promotive
Health Services",,,14734234.0,False,,"Preventive and Promotive
Health Services",
baringo,2020_21,4,"Preventive and Promotive
Health Services",Infrastructure Development,,12690151.0,False,,"Preventive and Promotive
Health Services",Infrastructure Development
baringo,2020_21,4,"Preventive and Promotive
Health Services","Compensation for User fees
Forgone",,2044082.0,False,,"Preventive and Promotive
Health Services","Compensation for User fees
Forgone"
baringo,2020_21,4,"Preventive and Promotive
Health Services",Primary Health Care,,,False,,"Preventive and Promotive
Health Services",Primary Health Care
bomet,2020_21,4,"Operation and
maintenance",staff medical Insurance,25000000.0,,False,,"Operation and
maintenance",staff medical Insurance
bomet,2020_21,4,Programmes 2,Curative Services,174046228.0,76232730.0,False,,Programmes 2,Curative Services
bomet,2020_21,4,Programme 3,"Preventive and Promo-
tive Services",53554094.0,29158989.0,False,,Programme 3,"Preventive and Promo-
tive Services"
bomet,2020_21,4,Programme 4,"Cash Transfers to
Health Facilities.",188023000.0,180900452.0,False,,Programme 4,"Cash Transfers to
Health Facilities."
bomet,2020_21,4,Programme 5,Health Infrastructure,249541277.0,26840211.0,False,,Programme 5,Health Infrastructure
bungoma,2020_21,4,Health & Sanitation,,,,False,,Health & Sanitation,
bungoma,2020_21,4,"General Administration and
Planning, and Support Ser-
vices","Health Administration Plan-
ning and support services",942175595.0,651999661.0,False,,"General Administration and
Planning, and Support Ser-
vices","Health Administration Plan-
ning and support services"
bungoma,2020_21,4,"General Administration and
Planning, and Support Ser-
vices",Health Infrastructure,183177532.0,81886258.0,False,,"General Administration and
Planning, and Support Ser-
vices",Health Infrastructure
bungoma,2020_21,4,"Preventive Promotive and Re-
habilitative","Communicable and
non-communicable",42676050.0,,False,,"Preventive Promotive and Re-
habilitative","Communicable and
non-communicable"
bungoma,2020_21,4,"Preventive Promotive and Re-
habilitative",Health Promotion services,5000000.0,,False,,"Preventive Promotive and Re-
habilitative",Health Promotion services
bungoma,2020_21,4,"Preventive Promotive and Re-
habilitative",Disease surveillance,1576051.0,,False,,"Preventive Promotive and Re-
habilitative",Disease surveillance
bungoma,2020_21,4,"Preventive Promotive and Re-
habilitative",Community health services,76800000.0,,False,,"Preventive Promotive and Re-
habilitative",Community health services
bungoma,2020_21,4,"Preventive Promotive and Re-
habilitative",Nutrition Management,10000000.0,,False,,"Preventive Promotive and Re-
habilitative",Nutrition Management
bungoma,2020_21,4,"Preventive Promotive and Re-
habilitative",HIV/AIDS awareness.,2000000.0,,False,,"Preventive Promotive and Re-
habilitative",HIV/AIDS awareness.
bungoma,2020_21,4,"Curative and Rehabilitative
Health Services",Routine Medical Services,675853992.0,123130813.0,False,,"Curative and Rehabilitative
Health Services",Routine Medical Services
bungoma,2020_21,4,"Curative and Rehabilitative
Health Services",Blood Bank Services,18114123.0,1799299.0,False,,"Curative and Rehabilitative
Health Services",Blood Bank Services
bungoma,2020_21,4,"Reproductive, Maternal, New
Born and Child Health",Maternity Services,61252101.0,,False,,"Reproductive, Maternal, New
Born and Child Health",Maternity Services
bungoma,2020_21,4,"Reproductive, Maternal, New
Born and Child Health",Immunization Services,,,False,,"Reproductive, Maternal, New
Born and Child Health",Immunization Services
busia,2020_21,4,"CP 9: Veterinary Health
Services","CSP 10.1: Veterinary Dis-
ease control",3555460.0,2449865.0,False,,"CP 9: Veterinary Health
Services","CSP 10.1: Veterinary Dis-
ease control"
busia,2020_21,4,"CP 9: Veterinary Health
Services",CSP 10.2:AI services,,,False,,"CP 9: Veterinary Health
Services",CSP 10.2:AI services
busia,2020_21,4,"CP 9: Veterinary Health
Services","CSP 10.3 Meat inspection
services",,,False,,"CP 9: Veterinary Health
Services","CSP 10.3 Meat inspection
services"
busia,2020_21,4,"CP 9: Veterinary Health
Services","CSP 10.4 Veterinary Ex-
tension",,,False,,"CP 9: Veterinary Health
Services","CSP 10.4 Veterinary Ex-
tension"
busia,2020_21,4,DEPARTMENT OF HEALTH AND SANITATION,,,,False,,DEPARTMENT OF HEALTH AND SANITATION,
busia,2020_21,4,"CP 55: Curative Health
Services","CSP 55.1: Infrastructure
development",384005854.0,147507231.0,False,,"CP 55: Curative Health
Services","CSP 55.1: Infrastructure
development"
busia,2020_21,4,"CP 55: Curative Health
Services","CSP 55.2: Hospital equip-
ment",23275000.0,3639620.0,False,,"CP 55: Curative Health
Services","CSP 55.2: Hospital equip-
ment"
busia,2020_21,4,"CP 56: Preventive and
Promotive Health
services","CSP 56.1: Infrastructure
development",26000000.0,1010996.0,False,,"CP 56: Preventive and
Promotive Health
services","CSP 56.1: Infrastructure
development"
busia,2020_21,4,"CP 56: Preventive and
Promotive Health
services","CSP 56.2: Lower level hos-
pital equipment",1000000.0,,False,,"CP 56: Preventive and
Promotive Health
services","CSP 56.2: Lower level hos-
pital equipment"
busia,2020_21,4,"CP 56: Preventive and
Promotive Health
services","CSP 56.3: Preventive Ser-
vices",29500000.0,494000.0,False,,"CP 56: Preventive and
Promotive Health
services","CSP 56.3: Preventive Ser-
vices"
busia,2020_21,4,"CP 56: Preventive and
Promotive Health
services","CSP 56.4: Health promo-
tion unit",127268263.5,90533767.0,False,,"CP 56: Preventive and
Promotive Health
services","CSP 56.4: Health promo-
tion unit"
elgeyo,2020_21,4,Health and Sanitation,,,,False,,Health and Sanitation,
elgeyo,2020_21,4,Health Promotion,,0.0,-168000.0,False,,Health Promotion,
elgeyo,2020_21,4,Health Promotion,,0.0,-168000.0,False,,Health Promotion,
elgeyo,2020_21,4,Preventive and Promotive health,,14922412.0,8139217.0,False,,Preventive and Promotive health,
elgeyo,2020_21,4,Preventive and Promotive health,Community and Environmental Health,14922412.0,8139217.0,False,,Preventive and Promotive health,Community and Environmental Health
elgeyo,2020_21,4,Preventive and Promotive health,"Communicable & Non-Communicable
Disease Prevention & Control",,0.0,False,,Preventive and Promotive health,"Communicable & Non-Communicable
Disease Prevention & Control"
elgeyo,2020_21,4,Curative and Rehabilitative Health,,242044440.0,114436944.0,False,,Curative and Rehabilitative Health,
elgeyo,2020_21,4,Curative and Rehabilitative Health,Commodity management,1800000.0,539402.0,False,,Curative and Rehabilitative Health,Commodity management
elgeyo,2020_21,4,Curative and Rehabilitative Health,County Hospitals,40663332.0,23026680.0,False,,Curative and Rehabilitative Health,County Hospitals
elgeyo,2020_21,4,Curative and Rehabilitative Health,Primary Care Units,176901988.0,76451183.0,False,,Curative and Rehabilitative Health,Primary Care Units
elgeyo,2020_21,4,Curative and Rehabilitative Health,Emergency Medical Services,22679120.0,14419680.0,False,,Curative and Rehabilitative Health,Emergency Medical Services
embu,2020_21,4,Primary Health Care,,1265665061.0,1039877432.0,False,,Primary Health Care,
embu,2020_21,4,"Health Promotion & Disease
Control",,520938567.0,428006015.0,False,,"Health Promotion & Disease
Control",
embu,2020_21,4,Primary Health Care,,340420152.0,269616964.0,False,,Primary Health Care,
embu,2020_21,4,"Health Promotion & Disease
Control",,95386115.0,75546981.0,False,,"Health Promotion & Disease
Control",
garissa,2020_21,4,Health and Sanitation,,,,False,,Health and Sanitation,
garissa,2020_21,4,Curative Service,"Medical Products,
Appliance and Equip-
ments",144739884.0,144000000.0,False,,Curative Service,"Medical Products,
Appliance and Equip-
ments"
garissa,2020_21,4,Curative Service,"Development of
Health Facilities",,,False,,Curative Service,"Development of
Health Facilities"
garissa,2020_21,4,Curative Service,Referral Service,232021277.0,28943000.0,False,,Curative Service,Referral Service
garissa,2020_21,4,Preventive Services,"Health Promotion
Compaign",153425000.0,153425000.0,False,,Preventive Services,"Health Promotion
Compaign"
garissa,2020_21,4,Preventive Services,Public Health Service,,,False,,Preventive Services,Public Health Service
garissa,2020_21,4,Preventive Services,Nutrition,,,False,,Preventive Services,Nutrition
homa,2020_21,4,Department of Health Services,,,,False,,Department of Health Services,
homa,2020_21,4,"Preventive and promotive health
services",Community health services,22000000.0,9177047.0,False,,"Preventive and promotive health
services",Community health services
homa,2020_21,4,"Preventive and promotive health
services",Disease control services,101407000.0,84676494.0,False,,"Preventive and promotive health
services",Disease control services
homa,2020_21,4,"Preventive and promotive health
services","Facility infrastructure improvement
services",256496611.0,224014795.0,False,,"Preventive and promotive health
services","Facility infrastructure improvement
services"
homa,2020_21,4,"Curative and rehabilitative
health services",Routine medical health services,124230514.0,123496611.0,False,,"Curative and rehabilitative
health services",Routine medical health services
homa,2020_21,4,"Curative and rehabilitative
health services","Medical emergency response
services",113902479.0,94234200.0,False,,"Curative and rehabilitative
health services","Medical emergency response
services"
homa,2020_21,4,"Curative and rehabilitative
health services","Facility infrastructure improvement
services",113462232.0,79022698.0,False,,"Curative and rehabilitative
health services","Facility infrastructure improvement
services"
kajiado,2020_21,4,Curative and Rehabilitative,Medical Services,316340196.0,199925758.0,False,,Curative and Rehabilitative,Medical Services
kajiado,2020_21,4,Curative and Rehabilitative,Ambulance Services,7940000.0,7588477.0,False,,Curative and Rehabilitative,Ambulance Services
kajiado,2020_21,4,Public Health and Sanitation,Promotive and preventive,221577149.0,220163601.0,False,,Public Health and Sanitation,Promotive and preventive
kajiado,2020_21,4,Public Health and Sanitation,Mobile clinics,3650000.0,3209614.0,False,,Public Health and Sanitation,Mobile clinics
kajiado,2020_21,4,Public Health and Sanitation,Licensing and control undertaking,8015000.0,4628470.0,False,,Public Health and Sanitation,Licensing and control undertaking
kajiado,2020_21,4,Public Health and Sanitation,Sanitation,4627920.0,3167254.0,False,,Public Health and Sanitation,Sanitation
kakamega,2020_21,4,Preventive and promotive services,,80000000.0,30151200.0,False,,Preventive and promotive services,
kakamega,2020_21,4,Preventive and promotive services,,,,False,,Preventive and promotive services,
kakamega,2020_21,4,Diseases surveillance & Emergency response,"Maternal and child healthcare promo-
tion",80000000.0,30151200.0,False,,Diseases surveillance & Emergency response,"Maternal and child healthcare promo-
tion"
kakamega,2020_21,4,Promotion of Curative health services,,1198946028.0,492791225.0,False,,Promotion of Curative health services,
kakamega,2020_21,4,Promotion of Curative health services,Health Infrastructure Development,699022535.0,273232702.0,False,,Promotion of Curative health services,Health Infrastructure Development
kakamega,2020_21,4,Promotion of Curative health services,Primary medical health services,484923493.0,204558523.0,False,,Promotion of Curative health services,Primary medical health services
kakamega,2020_21,4,Promotion of Curative health services,Blood Transfusion Services,15000000.0,15000000.0,False,,Promotion of Curative health services,Blood Transfusion Services
kakamega,2020_21,4,General Administrative and Support services,"Health Data and Information Man-
agement",,,False,,General Administrative and Support services,"Health Data and Information Man-
agement"
kakamega,2020_21,4,Preventive and promotive services,,75500000.0,48859573.0,False,,Preventive and promotive services,
kakamega,2020_21,4,Preventive and promotive services,Community Health Strategy,68100000.0,46764850.0,False,,Preventive and promotive services,Community Health Strategy
kakamega,2020_21,4,Preventive and promotive services,"Diseases surveillance & Emergency
response",1700000.0,,False,,Preventive and promotive services,"Diseases surveillance & Emergency
response"
kakamega,2020_21,4,Preventive and promotive services,Nutrition service Promotion,500000.0,360000.0,False,,Preventive and promotive services,Nutrition service Promotion
kakamega,2020_21,4,Preventive and promotive services,HIV /AIDS Control,500000.0,,False,,Preventive and promotive services,HIV /AIDS Control
kakamega,2020_21,4,Preventive and promotive services,"Maternal and child healthcare promo-
tion",2900000.0,884723.0,False,,Preventive and promotive services,"Maternal and child healthcare promo-
tion"
kakamega,2020_21,4,Preventive and promotive services,TB Control,400000.0,350000.0,False,,Preventive and promotive services,TB Control
kakamega,2020_21,4,Preventive and promotive services,Malaria control,400000.0,500000.0,False,,Preventive and promotive services,Malaria control
kakamega,2020_21,4,Preventive and promotive services,Promotion of family planning,1000000.0,,False,,Preventive and promotive services,Promotion of family planning
kakamega,2020_21,4,Promotion of Curative health services,,728246956.0,487910949.0,False,,Promotion of Curative health services,
kakamega,2020_21,4,Promotion of Curative health services,Primary medical health services,728246956.0,487910949.0,False,,Promotion of Curative health services,Primary medical health services
kakamega,2020_21,4,General Administrative and Support services,"Health Data and Information Man-
agement",9900000.0,8326800.0,False,,General Administrative and Support services,"Health Data and Information Man-
agement"
kericho,2020_21,4,"DEPARTMENT:
HEALTH SERVICES",,,,False,,"DEPARTMENT:
HEALTH SERVICES",
kericho,2020_21,4,Curative Health,Administration and Planning,1271168552.0,1241054998.0,False,,Curative Health,Administration and Planning
kericho,2020_21,4,Curative Health,Hospital(curative)Services,,,False,,Curative Health,Hospital(curative)Services
kericho,2020_21,4,"Preventive and Pro-
motive Health","Preventive Medicine and Promotive
Health",1261642196.0,1156379156.0,False,,"Preventive and Pro-
motive Health","Preventive Medicine and Promotive
Health"
kericho,2020_21,4,"Preventive and Pro-
motive Health",,,,False,,"Preventive and Pro-
motive Health",
kericho,2020_21,4,"Preventive and Pro-
motive Health",,2532810748.0,2397434154.0,False,,"Preventive and Pro-
motive Health",
kiambu,2020_21,4,Health Services,,,,False,,Health Services,
kiambu,2020_21,4,Health Services,County Hospital Infrastructure,774191973.0,577123536.0,False,,Health Services,County Hospital Infrastructure
kiambu,2020_21,4,"0401004060 Curative and
preventive health care ser-
vices",Health curative services,866053479.0,635627549.0,False,,"0401004060 Curative and
preventive health care ser-
vices",Health curative services
kiambu,2020_21,4,"0401004060 Curative and
preventive health care ser-
vices",,1640245452.0,1212751085.0,False,,"0401004060 Curative and
preventive health care ser-
vices",
kiambu,2020_21,4,"0403004060 Preventive
Health Services",Community Health Services,141474731.0,63591592.0,False,,"0403004060 Preventive
Health Services",Community Health Services
kiambu,2020_21,4,"0403004060 Preventive
Health Services",,141474731.0,63591592.0,False,,"0403004060 Preventive
Health Services",
kilifi,2020_21,4,Health,Curative and rehabilitative,559781345.0,367995918.0,False,,Health,Curative and rehabilitative
kilifi,2020_21,4,Health,"General Administration, Planning &
Support Services",2944142640.0,2489174474.0,False,,Health,"General Administration, Planning &
Support Services"
kilifi,2020_21,4,Health,Development,785174152.0,622351827.0,False,,Health,Development
kirinyaga,2020_21,4,"Curative and Rehabilitative
Services","040301 Curative and Rehabilita-
tive Services",2336344541.0,2257040182.65,False,,"Curative and Rehabilitative
Services","040301 Curative and Rehabilita-
tive Services"
kisumu,2020_21,4,306015060.0,"Preventive & Promotive Health Ser-
vices",1574697994.0,972323174.0,False,,306015060.0,"Preventive & Promotive Health Ser-
vices"
kisumu,2020_21,4,401015060.0,Environmental health and sanitation,1492336026.0,932257357.0,False,,401015060.0,Environmental health and sanitation
kisumu,2020_21,4,401025060.0,Community health strategy,1100000.0,550000.0,False,,401025060.0,Community health strategy
kisumu,2020_21,4,401045060.0,Health promotion service,80511968.0,39031367.0,False,,401045060.0,Health promotion service
kisumu,2020_21,4,401045060.0,Health Curative Services,139097510.0,72670591.0,False,,401045060.0,Health Curative Services
kisumu,2020_21,4,402035060.0,Reproductive Health,137597510.0,71413591.0,False,,402035060.0,Reproductive Health
kisumu,2020_21,4,403045060.0,Human resource for Health,2899119895.0,2898672125.0,False,,403045060.0,Human resource for Health
kisumu,2020_21,4,403045060.0,"Health Sector support Program (DANI-
DA)",207385389.0,131638436.0,False,,403045060.0,"Health Sector support Program (DANI-
DA)"
kisumu,2020_21,4,405015060.0,Health Promotive Services,207385389.0,131638436.0,False,,405015060.0,Health Promotive Services
kisumu,2020_21,4,405015060.0,"Jaramogi Oginga Odinga Teaching and
Referral Hospital",369070349.0,310808304.0,False,,405015060.0,"Jaramogi Oginga Odinga Teaching and
Referral Hospital"
kisumu,2020_21,4,407015060.0,"Jaramogi Oginga Odinga Teaching and
Referal Hospital",369070349.0,310808304.0,False,,407015060.0,"Jaramogi Oginga Odinga Teaching and
Referal Hospital"
kisumu,2020_21,4,407015060.0,Kisumu County Referral Hospital,26740133.0,7800000.0,False,,407015060.0,Kisumu County Referral Hospital
kisumu,2020_21,4,408015060.0,Kisumu County Referral Hospital,26740133.0,7800000.0,False,,408015060.0,Kisumu County Referral Hospital
kisumu,2020_21,4,408015060.0,Medical and Bio-Medical Services,328848000.0,138416464.0,False,,408015060.0,Medical and Bio-Medical Services
kisumu,2020_21,4,409015060.0,"County and Sub-County Hospital Ser-
vices",328848000.0,138416464.0,False,,409015060.0,"County and Sub-County Hospital Ser-
vices"
kitui,2020_21,4,Health and Sanitation,,,,False,,Health and Sanitation,
kitui,2020_21,4,Health Promotion and Disease Control,404013710.0,2997772.0,2849895.0,False,,Health Promotion and Disease Control,404013710.0
kitui,2020_21,4,Health Promotion and Disease Control,404023710.0,53592106.0,47357056.0,False,,Health Promotion and Disease Control,404023710.0
kitui,2020_21,4,Medical Services,402013710.0,2609670372.0,2485699892.0,False,,Medical Services,402013710.0
kitui,2020_21,4,Medical Services,402023710.0,12710550.0,13279655.0,False,,Medical Services,402023710.0
kitui,2020_21,4,Medical Services,403023710.0,126707592.0,126707592.0,False,,Medical Services,403023710.0
kitui,2020_21,4,Medical Services,404033710.0,25542200.0,25533222.0,False,,Medical Services,404033710.0
kitui,2020_21,4,Public Health,403013710.0,7662909.0,7354495.0,False,,Public Health,403013710.0
kitui,2020_21,4,Public Health,403023710.0,1531796.0,1400376.0,False,,Public Health,403023710.0
kitui,2020_21,4,Public Health,403033710.0,1802113.0,1796805.0,False,,Public Health,403033710.0
kitui,2020_21,4,Rural Health Services,402033710.0,324380396.0,322050880.0,False,,Rural Health Services,402033710.0
kitui,2020_21,4,Rural Health Services,404023710.0,13493220.0,12490927.0,False,,Rural Health Services,404023710.0
kitui,2020_21,4,Rural Health Services,404033710.0,3714860.0,3668371.0,False,,Rural Health Services,404033710.0
kitui,2020_21,4,Rural Health Services,404043710.0,22499905.0,22316043.0,False,,Rural Health Services,404043710.0
kwale,2020_21,4,Medical And Public Health Services,,,,False,,Medical And Public Health Services,
kwale,2020_21,4,Medical Drugs(0402043060)),,313500000.0,313458879.0,False,,Medical Drugs(0402043060)),
kwale,2020_21,4,Msambweni Hospital (0405013060),,58006733.0,53134595.0,False,,Msambweni Hospital (0405013060),
kwale,2020_21,4,Kinango Hospital(0406013060),,24825186.0,26259390.0,False,,Kinango Hospital(0406013060),
kwale,2020_21,4,Kwale Hospital(0407013060),,56510000.0,21981973.0,False,,Kwale Hospital(0407013060),
kwale,2020_21,4,Tiwi Rural Health Facility(0408013060),,4554000.0,4494243.0,False,,Tiwi Rural Health Facility(0408013060),
kwale,2020_21,4,Samburu Hospital(0409013060),,18017725.0,6848571.0,False,,Samburu Hospital(0409013060),
kwale,2020_21,4,Lungalunga Hospital(0410013060),,18398200.0,17571409.0,False,,Lungalunga Hospital(0410013060),
kwale,2020_21,4,Public Health(0401053060),,2850000.0,2262190.0,False,,Public Health(0401053060),
kwale,2020_21,4,Rural Health Facilities(0412013060),,226984849.0,124121091.0,False,,Rural Health Facilities(0412013060),
kwale,2020_21,4,Diani Health Centre(0413013060),,1620000.0,1073714.0,False,,Diani Health Centre(0413013060),
kwale,2020_21,4,"Maternal New Born And Child
Health(0401023060)",,209833877.0,62419798.0,False,,"Maternal New Born And Child
Health(0401023060)",
laikipia,2020_21,4,"Curative & Rehabili-
tative Services","Health Products & Technolo-
gies support",50832955.0,44505800.0,False,,"Curative & Rehabili-
tative Services","Health Products & Technolo-
gies support"
laikipia,2020_21,4,"Curative & Rehabili-
tative Services","Essential health institutions &
services",132261404.0,84993524.0,False,,"Curative & Rehabili-
tative Services","Essential health institutions &
services"
laikipia,2020_21,4,"Curative & Rehabili-
tative Services","Emergency referral & Rehabil-
itative services",133421416.0,126594079.0,False,,"Curative & Rehabili-
tative Services","Emergency referral & Rehabil-
itative services"
laikipia,2020_21,4,"Curative & Rehabili-
tative Services","Health Infrastructure Devel-
opment",3614030.0,688553.0,False,,"Curative & Rehabili-
tative Services","Health Infrastructure Devel-
opment"
laikipia,2020_21,4,"Curative & Rehabili-
tative Services","Health training centre devel-
opment",2838655.0,12601.0,False,,"Curative & Rehabili-
tative Services","Health training centre devel-
opment"
laikipia,2020_21,4,"Curative & Rehabili-
tative Services","Ultra-modern maternity in-
frastructure development",1498272.0,403059.0,False,,"Curative & Rehabili-
tative Services","Ultra-modern maternity in-
frastructure development"
laikipia,2020_21,4,"Preventive Health
Services","Srtandards & Quality assur-
ance",5300000.0,5280130.0,False,,"Preventive Health
Services","Srtandards & Quality assur-
ance"
laikipia,2020_21,4,"Preventive Health
Services","Family planning, Maternal &
child health",3300000.0,1301620.0,False,,"Preventive Health
Services","Family planning, Maternal &
child health"
laikipia,2020_21,4,"Preventive Health
Services","Non-communicable disease
control",800000.0,795000.0,False,,"Preventive Health
Services","Non-communicable disease
control"
laikipia,2020_21,4,"Preventive Health
Services","Communicty health strategy
& advocacy",181391277.0,97956192.0,False,,"Preventive Health
Services","Communicty health strategy
& advocacy"
laikipia,2020_21,4,"Preventive Health
Services","Social health insurance
scheme",40000000.0,29246274.0,False,,"Preventive Health
Services","Social health insurance
scheme"
laikipia,2020_21,4,"Livestock Resourc-
es Management &
Development","Animal Health and Disease
Management and Control",400248513.0,173069816.0,False,,"Livestock Resourc-
es Management &
Development","Animal Health and Disease
Management and Control"
machakos,2020_21,4,Sub-programme 5,Hospitality Services Section,23580000.0,21616932.0,False,,Sub-programme 5,Hospitality Services Section
machakos,2020_21,4,HEALTH AND EMERGENCY SERVICES,,,,False,,HEALTH AND EMERGENCY SERVICES,
machakos,2020_21,4,Sub-programme 7,"Public Health and Communi-
ty Outreach",62922539.0,39877930.0,False,,Sub-programme 7,"Public Health and Communi-
ty Outreach"
makueni,2020_21,4,Programme 2: Curative health care services,,,,False,,Programme 2: Curative health care services,
makueni,2020_21,4,"SP2. 1: Curative
health care services",,293169813.0,37200.0,False,,"SP2. 1: Curative
health care services",
makueni,2020_21,4,Programme 3; Preventive and promotive health care services,,,,False,,Programme 3; Preventive and promotive health care services,
makueni,2020_21,4,"SP3. 1 Preventive
and promotive
health care services",,79086845.0,23272568.0,False,,"SP3. 1 Preventive
and promotive
health care services",
meru,2020_21,4,Health Service,,,,False,,Health Service,
meru,2020_21,4,Preventive and Promotive,Preventive services,137181996.0,54957816.0,False,,Preventive and Promotive,Preventive services
meru,2020_21,4,Health Care Services,Promotive health care,,,False,,Health Care Services,Promotive health care
meru,2020_21,4,Curative Health,"Curative health care
services",815052444.0,815052444.0,False,,Curative Health,"Curative health care
services"
migori,2020_21,4,Veterinary services,Veterinary Public Health management,13186000.0,3400464.0,False,,Veterinary services,Veterinary Public Health management
migori,2020_21,4,Health Services,,,,False,,Health Services,
migori,2020_21,4,"Planning and adminis-
trative support services","Infrastructure and Health facility man-
agement",173396148.0,89991173.0,False,,"Planning and adminis-
trative support services","Infrastructure and Health facility man-
agement"
migori,2020_21,4,"Preventive And Promo-
tive Health Services",Community Health Services,24338054.0,19127729.0,False,,"Preventive And Promo-
tive Health Services",Community Health Services
migori,2020_21,4,"Preventive And Promo-
tive Health Services",Environmental Health Services,338054.0,,False,,"Preventive And Promo-
tive Health Services",Environmental Health Services
migori,2020_21,4,"Preventive And Promo-
tive Health Services",Human Nutrition and Dietetics,4514161.0,500000.0,False,,"Preventive And Promo-
tive Health Services",Human Nutrition and Dietetics
migori,2020_21,4,"Preventive And Promo-
tive Health Services",HIV/AIDS and TB,946550.0,700000.0,False,,"Preventive And Promo-
tive Health Services",HIV/AIDS and TB
migori,2020_21,4,"Preventive And Promo-
tive Health Services","Disease surveillance /Emergency pre-
paredness& response",93095657.0,88019578.0,False,,"Preventive And Promo-
tive Health Services","Disease surveillance /Emergency pre-
paredness& response"
migori,2020_21,4,"Preventive And Promo-
tive Health Services",Health promotion & education,338054.0,,False,,"Preventive And Promo-
tive Health Services",Health promotion & education
migori,2020_21,4,"Preventive And Promo-
tive Health Services","Non Communicable Diseases, Violence
and Injuries",253540.0,60830.0,False,,"Preventive And Promo-
tive Health Services","Non Communicable Diseases, Violence
and Injuries"
migori,2020_21,4,"Preventive And Promo-
tive Health Services","Maternal Child and Adolescence Health
Services",66276108.0,46697287.0,False,,"Preventive And Promo-
tive Health Services","Maternal Child and Adolescence Health
Services"
migori,2020_21,4,Curative services,Hospital Services,277106889.0,271853107.0,False,,Curative services,Hospital Services
mombasa,2020_21,4,3017 Health Services,Administration Unit,2795779953.0,2795779953.0,False,,3017 Health Services,Administration Unit
mombasa,2020_21,4,3017 Health Services,"Curative/Clinical Health Ser-
vices",400050162.0,465141519.0,False,,3017 Health Services,"Curative/Clinical Health Ser-
vices"
mombasa,2020_21,4,3017 Health Services,"Preventive and Promotive Ser-
vices Unit",71546475.0,80873034.0,False,,3017 Health Services,"Preventive and Promotive Ser-
vices Unit"
mombasa,2020_21,4,3017 Health Services,Special Programs,644880.0,1170800.0,False,,3017 Health Services,Special Programs
muranga,2020_21,4,4018 HEALTH AND SANITATION,,,,False,,4018 HEALTH AND SANITATION,
muranga,2020_21,4,Curative Health Services,"Forensic and Diag-
nostics",3000000.0,600000.0,False,,Curative Health Services,"Forensic and Diag-
nostics"
muranga,2020_21,4,Curative Health Services,"Free Primary Health-
care",486706290.0,401017568.0,False,,Curative Health Services,"Free Primary Health-
care"
nairobi,2020_21,4,"0116005310 P.10:An-
imal Health, Safety
and Quality Assur-
ance",,47509499.0,5422345.0,False,,"0116005310 P.10:An-
imal Health, Safety
and Quality Assur-
ance",
nakuru,2020_21,4,"Community Health
Strategy",Community Health Strategy,,,False,,"Community Health
Strategy",Community Health Strategy
nakuru,2020_21,4,"Community Health
Strategy","Environmental Health and Sanita-
tion Program",1000000.0,960000.0,False,,"Community Health
Strategy","Environmental Health and Sanita-
tion Program"
nakuru,2020_21,4,"Community Health
Strategy",Health Promotive Services,480047580.0,259663067.0,False,,"Community Health
Strategy",Health Promotive Services
nakuru,2020_21,4,"Community Health
Strategy",,2653415542.0,532828373.0,False,,"Community Health
Strategy",
nakuru,2020_21,4,"Provision of Essential
Health Services in all the
Levels.","Provision of Essential Health Ser-
vices in all the Levels.",2653415542.0,532828373.0,False,,"Provision of Essential
Health Services in all the
Levels.","Provision of Essential Health Ser-
vices in all the Levels."
nakuru,2020_21,4,"Provision of Essential
Health Services in all the
Levels.",,3971599462.0,3771135523.0,False,,"Provision of Essential
Health Services in all the
Levels.",
nakuru,2020_21,4,"Health Infrastructure
Development",Health Infrastructure Development,2000000.0,,False,,"Health Infrastructure
Development",Health Infrastructure Development
nakuru,2020_21,4,"Health Infrastructure
Development",Human Resources for health,3969599462.0,3771135523.0,False,,"Health Infrastructure
Development",Human Resources for health
nakuru,2020_21,4,"Health Infrastructure
Development",Research and Development,,,False,,"Health Infrastructure
Development",Research and Development
nakuru,2020_21,4,"Health Infrastructure
Development",,898689692.0,416354812.0,False,,"Health Infrastructure
Development",
nandi,2020_21,4,Health and Sanitation,,,,False,,Health and Sanitation,
nandi,2020_21,4,"Health Service Delivery Admin-
istration Services","Health Service Delivery Ad-
ministration Services",1897509456.0,1941158192.0,False,,"Health Service Delivery Admin-
istration Services","Health Service Delivery Ad-
ministration Services"
nandi,2020_21,4,"Health Service Delivery Admin-
istration Services",Construction of building,335976629.0,222821778.0,False,,"Health Service Delivery Admin-
istration Services",Construction of building
nandi,2020_21,4,"Preventive & Promotive Health
Services",Community Health Services,391537664.0,421410481.0,False,,"Preventive & Promotive Health
Services",Community Health Services
nandi,2020_21,4,Curative Health Services,"Curative Health Management
Services",126796289.0,119034979.0,False,,Curative Health Services,"Curative Health Management
Services"
nandi,2020_21,4,"Health Sector Programme Sup-
port
(DANIDA FUNDS)","County Health Facilities Sup-
port (DANIDA)",18808500.0,21301340.0,False,,"Health Sector Programme Sup-
port
(DANIDA FUNDS)","County Health Facilities Sup-
port (DANIDA)"
nyamira,2020_21,4,Livestock promotion and development,Animal health disease and management,,,False,,Livestock promotion and development,Animal health disease and management
nyamira,2020_21,4,Preventive and promotive health services,,,,False,,Preventive and promotive health services,
nyamira,2020_21,4,Preventive and promotive health services,Health promotion,,,False,,Preventive and promotive health services,Health promotion
nyamira,2020_21,4,Preventive and promotive health services,Communicable disease control,,,False,,Preventive and promotive health services,Communicable disease control
nyamira,2020_21,4,Curative health services,,,,False,,Curative health services,
nyamira,2020_21,4,Curative health services,Medical services,,,False,,Curative health services,Medical services
nyandarua,2020_21,4,"Human Resource Man-
agement","Human Resource Manage-
ment (Including employee
gratuity, pension and medical
insurance)",97530000.0,97530000.0,False,,"Human Resource Man-
agement","Human Resource Manage-
ment (Including employee
gratuity, pension and medical
insurance)"
nyandarua,2020_21,4,"Preventive and Promotive
Services","Preventive and Promotive Ser-
vices",6504274.0,6301194.3,False,,"Preventive and Promotive
Services","Preventive and Promotive Ser-
vices"
nyandarua,2020_21,4,Curative Services,"Curative Services (includ-
ing universal health care and
grants)",781370324.0,601702022.6,False,,Curative Services,"Curative Services (includ-
ing universal health care and
grants)"
samburu,2020_21,4,"Medical Services, Public Health & Sanitation",,,,False,,"Medical Services, Public Health & Sanitation",
samburu,2020_21,4,"0401004210 P1
Preventive and
Promotive Health
Services","0401044210 SP2 Environmental &
Health promotion",71290325.0,63695088.0,False,,"0401004210 P1
Preventive and
Promotive Health
Services","0401044210 SP2 Environmental &
Health promotion"
samburu,2020_21,4,"0401004210 P1
Preventive and
Promotive Health
Services",0402014210 SP1 Nutrition,13898410.0,12726534.0,False,,"0401004210 P1
Preventive and
Promotive Health
Services",0402014210 SP1 Nutrition
samburu,2020_21,4,"0401004210 P1
Preventive and
Promotive Health
Services","0401054210 SP3 Communicable
Disease Control",86203050.0,85291532.0,False,,"0401004210 P1
Preventive and
Promotive Health
Services","0401054210 SP3 Communicable
Disease Control"
samburu,2020_21,4,"0401004210 P1
Preventive and
Promotive Health
Services","0401064210 SP4 Non-communica-
ble Disease Prevention & Control",37877350.0,37041584.0,False,,"0401004210 P1
Preventive and
Promotive Health
Services","0401064210 SP4 Non-communica-
ble Disease Prevention & Control"
samburu,2020_21,4,"0401004210 P1
Preventive and
Promotive Health
Services","0401074210 SP5 Reproductive,
Maternal, Neonatal, child and Ad-
olescent Health",50307630.0,49980615.0,False,,"0401004210 P1
Preventive and
Promotive Health
Services","0401074210 SP5 Reproductive,
Maternal, Neonatal, child and Ad-
olescent Health"
samburu,2020_21,4,"0402004210 P2
Curative Health","0402044210 SP1 County Hospital
and Referral Services",593569378.0,463357536.0,False,,"0402004210 P2
Curative Health","0402044210 SP1 County Hospital
and Referral Services"
samburu,2020_21,4,"0402004210 P2
Curative Health","0402054210 SP2 Free Primary
Health Services",109362174.0,108065851.0,False,,"0402004210 P2
Curative Health","0402054210 SP2 Free Primary
Health Services"
samburu,2020_21,4,"0403004210 P3
General Adminis-
tration Planning
and Support Ser-
vices","0403014210 SP1 Health Infrastruc-
ture Development",377541178.0,166266377.0,False,,"0403004210 P3
General Adminis-
tration Planning
and Support Ser-
vices","0403014210 SP1 Health Infrastruc-
ture Development"
samburu,2020_21,4,"0403004210 P3
General Adminis-
tration Planning
and Support Ser-
vices","0403054210 SP4 Health Policy,
Planning & Financing",22135121.0,16987820.0,False,,"0403004210 P3
General Adminis-
tration Planning
and Support Ser-
vices","0403054210 SP4 Health Policy,
Planning & Financing"
samburu,2020_21,4,"0403004210 P3
General Adminis-
tration Planning
and Support Ser-
vices","0403064210 SP5 Health Standards
and Quality Assurance Services",85940245.0,85814939.0,False,,"0403004210 P3
General Adminis-
tration Planning
and Support Ser-
vices","0403064210 SP5 Health Standards
and Quality Assurance Services"
siaya,2020_21,4,COUNTY HEALTH SERVICES,,,,False,,COUNTY HEALTH SERVICES,
siaya,2020_21,4,"Curative and Rehabilitative
Health Care Services","Curative and Rehabilitative
Health Care Services",156342739.0,109700204.0,False,,"Curative and Rehabilitative
Health Care Services","Curative and Rehabilitative
Health Care Services"
siaya,2020_21,4,"Preventive and Promotive
Health Services","Preventive and Promotive
Health Services",62587926.0,62587926.0,False,,"Preventive and Promotive
Health Services","Preventive and Promotive
Health Services"
siaya,2020_21,4,"Preventive and Promotive
Health Services",,,,False,,"Preventive and Promotive
Health Services",
taita,2020_21,4,402003260.0,Health Development Programme,211095024.0,202181580.0,False,,402003260.0,Health Development Programme
taita,2020_21,4,402003260.0,Health Development Programme,211095024.0,202181580.0,False,,402003260.0,Health Development Programme
trans,2020_21,4,Health Corporate,,,,False,,Health Corporate,
trans,2020_21,4,and Support Services,Preventive Health Services,383780914.0,276538700.0,False,,and Support Services,Preventive Health Services
uasin,2020_21,4,"Administration- Health
Services",Curative Health Services,124750000.0,6114451.0,False,,"Administration- Health
Services",Curative Health Services
uasin,2020_21,4,"Administration- Health
Services",Health Infrastructure,233494706.0,183413679.0,False,,"Administration- Health
Services",Health Infrastructure
uasin,2020_21,4,"Administration- Health
Services","Administration And Sup-
port Services",2300583995.0,2147063887.0,False,,"Administration- Health
Services","Administration And Sup-
port Services"
uasin,2020_21,4,"Administration- Health
Services",,2658828701.0,2336592017.0,False,,"Administration- Health
Services",
uasin,2020_21,4,Clinical Services,Health Infrastructure,3700000.0,,False,,Clinical Services,Health Infrastructure
uasin,2020_21,4,"Prevention and Health
Promotion","Administration And Sup-
port Services",749785.0,355800.0,False,,"Prevention and Health
Promotion","Administration And Sup-
port Services"
uasin,2020_21,4,"Prevention and Health
Promotion",,749785.0,355800.0,False,,"Prevention and Health
Promotion",
vihiga,2020_21,4,"Administration, Planning
and Support Service",Healthcare Financing,148528478.0,36810292.0,False,,"Administration, Planning
and Support Service",Healthcare Financing
vihiga,2020_21,4,"Promotive and Preventive
Healthcare Services",,9405284.0,823200.0,False,,"Promotive and Preventive
Healthcare Services",
vihiga,2020_21,4,"Promotive and Preventive
Healthcare Services",Public Health Services,3020000.0,350000.0,False,,"Promotive and Preventive
Healthcare Services",Public Health Services
vihiga,2020_21,4,"Promotive and Preventive
Healthcare Services","Community Health Strat-
egy",3320000.0,100000.0,False,,"Promotive and Preventive
Healthcare Services","Community Health Strat-
egy"
vihiga,2020_21,4,"Promotive and Preventive
Healthcare Services",Health Promotion,2175284.0,100000.0,False,,"Promotive and Preventive
Healthcare Services",Health Promotion
vihiga,2020_21,4,"Promotive and Preventive
Healthcare Services",Reproductive Healthcare,320000.0,93400.0,False,,"Promotive and Preventive
Healthcare Services",Reproductive Healthcare
vihiga,2020_21,4,"Promotive and Preventive
Healthcare Services","Disease Surveillance and
Emergency",570000.0,179800.0,False,,"Promotive and Preventive
Healthcare Services","Disease Surveillance and
Emergency"
vihiga,2020_21,4,"Curative And Rehabilita-
tive Health Services",,331489449.0,285213680.0,False,,"Curative And Rehabilita-
tive Health Services",
vihiga,2020_21,4,"Curative And Rehabilita-
tive Health Services",Medical services,328309449.0,283931220.0,False,,"Curative And Rehabilita-
tive Health Services",Medical services
vihiga,2020_21,4,"Curative And Rehabilita-
tive Health Services",County referral services,140000.0,82460.0,False,,"Curative And Rehabilita-
tive Health Services",County referral services
vihiga,2020_21,4,"Curative And Rehabilita-
tive Health Services","Drugs and Other Medical
Supplies",3040000.0,1200000.0,False,,"Curative And Rehabilita-
tive Health Services","Drugs and Other Medical
Supplies"
vihiga,2020_21,4,"Child and Maternal Health
Care",,61042028.0,31788046.0,False,,"Child and Maternal Health
Care",
vihiga,2020_21,4,"Child and Maternal Health
Care","Antenatal and Post Natal
healthcare",1600000.0,,False,,"Child and Maternal Health
Care","Antenatal and Post Natal
healthcare"
vihiga,2020_21,4,"Child and Maternal Health
Care","Antenatal and Post Natal
Healthcare",15195047.0,12147192.0,False,,"Child and Maternal Health
Care","Antenatal and Post Natal
Healthcare"
vihiga,2020_21,4,"Child and Maternal Health
Care",Maternity Services,23109396.0,8813103.0,False,,"Child and Maternal Health
Care",Maternity Services
vihiga,2020_21,4,"Child and Maternal Health
Care","Newborn, Child and Ado-
lescent Health",40000.0,,False,,"Child and Maternal Health
Care","Newborn, Child and Ado-
lescent Health"
vihiga,2020_21,4,"Child and Maternal Health
Care",Nutrition Services,21097585.0,10827751.0,False,,"Child and Maternal Health
Care",Nutrition Services
wajir,2020_21,4,"Public Health, Medical Service and Sanitation",,,,False,,"Public Health, Medical Service and Sanitation",
wajir,2020_21,4,Curative,Curative,856385636.0,751122000.0,False,,Curative,Curative
wajir,2020_21,4,Preventive,Preventive,145303140.0,108650000.0,False,,Preventive,Preventive
wajir,2020_21,4,Family Health,Family Health,136322302.0,131132636.0,False,,Family Health,Family Health
west,2020_21,4,"Health, Sanitation and Emergencies",,,,False,,"Health, Sanitation and Emergencies",
west,2020_21,4,"Health, Sanitation and Emergencies","SP 1(General Administration, planning
and Support Services",1299956302.0,1299000158.0,False,,"Health, Sanitation and Emergencies","SP 1(General Administration, planning
and Support Services"
west,2020_21,4,"Health, Sanitation and Emergencies",SP 2- (Preventive Health Services),88444286.0,77221618.0,False,,"Health, Sanitation and Emergencies",SP 2- (Preventive Health Services)
west,2020_21,4,"Health, Sanitation and Emergencies",SP 3- (Curative Health Services),324913573.0,265582052.0,False,,"Health, Sanitation and Emergencies",SP 3- (Curative Health Services)
west,2020_21,4,"Health, Sanitation and Emergencies",SP 4- (Kacheliba Sub county hospital),17770000.0,15707098.0,False,,"Health, Sanitation and Emergencies",SP 4- (Kacheliba Sub county hospital)
west,2020_21,4,"Health, Sanitation and Emergencies",SP 5- (Sigor Sub county hospital),17820000.0,16978877.0,False,,"Health, Sanitation and Emergencies",SP 5- (Sigor Sub county hospital)
west,2020_21,4,"Health, Sanitation and Emergencies",SP 6- (Chepareria Sub county hospital),16815000.0,14864771.0,False,,"Health, Sanitation and Emergencies",SP 6- (Chepareria Sub county hospital)
west,2020_21,4,"Health, Sanitation and Emergencies",SP 7(Facility Improvement Fund),66618608.0,52875303.0,False,,"Health, Sanitation and Emergencies",SP 7(Facility Improvement Fund)
west,2020_21,4,"Health, Sanitation and Emergencies",SP 8(Ward Specific),134212373.0,113075783.0,False,,"Health, Sanitation and Emergencies",SP 8(Ward Specific)
baringo,2021_22,1,Health/Preventive Services,,,,False,,Health/Preventive Services,
baringo,2021_22,1,Health/Preventive Services,"General Administration, Plan-
ning & Support Services",,,False,,Health/Preventive Services,"General Administration, Plan-
ning & Support Services"
baringo,2021_22,1,Health/Preventive Services,Support Service,,,False,,Health/Preventive Services,Support Service
baringo,2021_22,1,"Curative & Rehabilitative
Services",,153297872.0,,False,,"Curative & Rehabilitative
Services",
baringo,2021_22,1,"Curative & Rehabilitative
Services","General Administration, Plan-
ning & Support Services",,,False,,"Curative & Rehabilitative
Services","General Administration, Plan-
ning & Support Services"
baringo,2021_22,1,"Curative & Rehabilitative
Services",Support Service,153297872.0,,False,,"Curative & Rehabilitative
Services",Support Service
baringo,2021_22,1,"Curative & Rehabilitative
Services","Support to County Hospitals
(FIF)",,,False,,"Curative & Rehabilitative
Services","Support to County Hospitals
(FIF)"
baringo,2021_22,1,"Preventive & Promotive
Health Services",,390302096.0,10920246.0,False,,"Preventive & Promotive
Health Services",
baringo,2021_22,1,"Preventive & Promotive
Health Services",Infrastructure Development,390302096.0,10323603.0,False,,"Preventive & Promotive
Health Services",Infrastructure Development
baringo,2021_22,1,"Preventive & Promotive
Health Services","Compensation for User Fees For-
gone",,596643.0,False,,"Preventive & Promotive
Health Services","Compensation for User Fees For-
gone"
baringo,2021_22,1,"Preventive & Promotive
Health Services",Primary Health Care,,,False,,"Preventive & Promotive
Health Services",Primary Health Care
bomet,2021_22,1,Curative Services,Curative Services,183391102.0,,False,,Curative Services,Curative Services
bomet,2021_22,1,"Health care financ-
ing – transfers to
health facilities","Health care financing
– transfers to health
facilities",184408000.0,39364000.0,False,,"Health care financ-
ing – transfers to
health facilities","Health care financing
– transfers to health
facilities"
bomet,2021_22,1,"Health Infrastruc-
ture",Health Infrastructure,240407763.0,,False,,"Health Infrastruc-
ture",Health Infrastructure
bomet,2021_22,1,"Preventive & Pro-
motive Services","Preventive & Promo-
tive Services",88129352.0,120500.0,False,,"Preventive & Pro-
motive Services","Preventive & Promo-
tive Services"
bomet,2021_22,1,"Reproductive
Health Services","Reproductive Health
Services",82760607.0,,False,,"Reproductive
Health Services","Reproductive Health
Services"
bomet,2021_22,1,"Staff Medical Insur-
ance",Policy Development,3000000.0,,False,,"Staff Medical Insur-
ance",Policy Development
bomet,2021_22,1,"Staff Medical Insur-
ance",,2031628666.0,112675113.0,False,,"Staff Medical Insur-
ance",
bungoma,2021_22,1,HEALTH & SANITATION,,,,False,,HEALTH & SANITATION,
bungoma,2021_22,1,"SP 1: Health Administration
Planning and support services","SP 1: Health Administration
Planning and support services",332856809.0,717440.0,False,,"SP 1: Health Administration
Planning and support services","SP 1: Health Administration
Planning and support services"
bungoma,2021_22,1,SP3.Health Infrastructure,SP3.Health Infrastructure,262710027.0,,False,,SP3.Health Infrastructure,SP3.Health Infrastructure
bungoma,2021_22,1,"Programme 2: Preventive
Promotive and Rehabilita-
tive","Programme 2: Preventive
Promotive and Rehabilitative",,,False,,"Programme 2: Preventive
Promotive and Rehabilita-
tive","Programme 2: Preventive
Promotive and Rehabilitative"
bungoma,2021_22,1,"SP 2: Health Promotion ser-
vices","SP 2: Health Promotion ser-
vices",6000000.0,,False,,"SP 2: Health Promotion ser-
vices","SP 2: Health Promotion ser-
vices"
bungoma,2021_22,1,"SP 4: Community health ser-
vices","SP 4: Community health ser-
vices",78072000.0,,False,,"SP 4: Community health ser-
vices","SP 4: Community health ser-
vices"
bungoma,2021_22,1,"Programme 3: Curative &
health Services","Programme 3: Curative &
health Services",,,False,,"Programme 3: Curative &
health Services","Programme 3: Curative &
health Services"
bungoma,2021_22,1,"SP 3: Routine Medical Ser-
vices",SP 3: Routine Medical Services,424865820.0,,False,,"SP 3: Routine Medical Ser-
vices",SP 3: Routine Medical Services
bungoma,2021_22,1,"Programme 4: Health Re-
search","Programme 4: Health Re-
search",,,False,,"Programme 4: Health Re-
search","Programme 4: Health Re-
search"
bungoma,2021_22,1,"Programme 5: Maternal and
Child Health","Programme 5: Maternal and
Child Health",,,False,,"Programme 5: Maternal and
Child Health","Programme 5: Maternal and
Child Health"
bungoma,2021_22,1,"Programme IV: Urban En-
vironment, Health, Water,
Culture and Human Social
Services",,,,False,,"Programme IV: Urban En-
vironment, Health, Water,
Culture and Human Social
Services",
busia,2021_22,1,"CP 9: Veterinary Health
Services","CSP 9.1: Veterinary Disease con-
trol",11138104.0,,False,,"CP 9: Veterinary Health
Services","CSP 9.1: Veterinary Disease con-
trol"
busia,2021_22,1,"CP 9: Veterinary Health
Services",CSP 9.2:AI services,1000000.0,,False,,"CP 9: Veterinary Health
Services",CSP 9.2:AI services
busia,2021_22,1,"CP 9: Veterinary Health
Services",CSP 9.3 Meat inspection services,3000000.0,,False,,"CP 9: Veterinary Health
Services",CSP 9.3 Meat inspection services
busia,2021_22,1,"CP 9: Veterinary Health
Services",CSP 9.4 Veterinary Extension,5000000.0,,False,,"CP 9: Veterinary Health
Services",CSP 9.4 Veterinary Extension
busia,2021_22,1,HEALTH,,,,False,,HEALTH,
busia,2021_22,1,"CP 55: Curative Health
Services","CSP 55.1: Infrastructure develop-
ment",161900000.0,,False,,"CP 55: Curative Health
Services","CSP 55.1: Infrastructure develop-
ment"
busia,2021_22,1,"CP 55: Curative Health
Services",CSP 55.2: Hospital equipment,76401293.0,,False,,"CP 55: Curative Health
Services",CSP 55.2: Hospital equipment
busia,2021_22,1,"CP 56: Preventive and
Promotive Health services","CSP 56.1: Infrastructure develop-
ment",58573636.0,,False,,"CP 56: Preventive and
Promotive Health services","CSP 56.1: Infrastructure develop-
ment"
busia,2021_22,1,"CP 56: Preventive and
Promotive Health services","CSP 56.2: Lower level hospital
equipment",,,False,,"CP 56: Preventive and
Promotive Health services","CSP 56.2: Lower level hospital
equipment"
busia,2021_22,1,"CP 56: Preventive and
Promotive Health services",CSP 56.3:Preventive Services,15500000.0,,False,,"CP 56: Preventive and
Promotive Health services",CSP 56.3:Preventive Services
busia,2021_22,1,"CP 56: Preventive and
Promotive Health services",CSP 56.4: Health promotion unit,96210518.0,,False,,"CP 56: Preventive and
Promotive Health services",CSP 56.4: Health promotion unit
elgeyo,2021_22,1,Community and Environmental Health,,72734046.0,,False,,Community and Environmental Health,
elgeyo,2021_22,1,County Hospitals,,78097163.0,,False,,County Hospitals,
elgeyo,2021_22,1,Emergency Medical Services,,36380000.0,,False,,Emergency Medical Services,
elgeyo,2021_22,1,Emergency Medical Services,,1986053515.0,370806964.0,False,,Emergency Medical Services,
elgeyo,2021_22,1,Emergency Medical Services,,,,False,,Emergency Medical Services,
elgeyo,2021_22,1,Emergency Medical Services,,96178512.0,17213224.0,False,,Emergency Medical Services,
embu,2021_22,1,HEALTH,,,,False,,HEALTH,
embu,2021_22,1,P1: Curative Health Services,"SP1.1: Primary Health
Care",1122363731.0,221699391.0,False,,P1: Curative Health Services,"SP1.1: Primary Health
Care"
embu,2021_22,1,"P2: Preventive and Promotive
Health Services","SP2.1: Health Promo-
tion & Disease Control",461956778.0,91249863.0,False,,"P2: Preventive and Promotive
Health Services","SP2.1: Health Promo-
tion & Disease Control"
embu,2021_22,1,EMBU LEVEL 5 HOSPITAL,,,,False,,EMBU LEVEL 5 HOSPITAL,
embu,2021_22,1,P1: Curative Health Services,"SP1.1: Primary Health
Care",126986207.0,24721162.0,False,,P1: Curative Health Services,"SP1.1: Primary Health
Care"
embu,2021_22,1,"P2: Preventive and Promotive
Health Services","SP2.1: Health Promo-
tion & Disease Control",35581680.0,6926898.0,False,,"P2: Preventive and Promotive
Health Services","SP2.1: Health Promo-
tion & Disease Control"
garissa,2021_22,1,Health and Sanitation,,,,False,,Health and Sanitation,
garissa,2021_22,1,"Preventive and Promo-
tive",Preventive,497297872.0,17381731.0,False,,"Preventive and Promo-
tive",Preventive
garissa,2021_22,1,Curative,Curative,207997156.0,37500000.0,False,,Curative,Curative
isiolo,2021_22,1,401003510.0,"Health Preventive and Pro-
motive Services",176003283.0,25285002.0,False,,401003510.0,"Health Preventive and Pro-
motive Services"
isiolo,2021_22,1,401003510.0,Community Health Strategy,,,False,,401003510.0,Community Health Strategy
isiolo,2021_22,1,401003510.0,"Preventive and Promotive
Health Services",158943283.0,25285002.0,False,,401003510.0,"Preventive and Promotive
Health Services"
isiolo,2021_22,1,401003510.0,"Health communication, Pro-
motive Services & health pro-
motion",,,False,,401003510.0,"Health communication, Pro-
motive Services & health pro-
motion"
isiolo,2021_22,1,402003510.0,Health Curative Services,1027174238.0,164090185.0,False,,402003510.0,Health Curative Services
isiolo,2021_22,1,402003510.0,"Provision Of Essential Health
products In all The Level",13550000.0,66700.0,False,,402003510.0,"Provision Of Essential Health
products In all The Level"
isiolo,2021_22,1,402003510.0,"SP4 Administration Support
services( Medical Services)",,,False,,402003510.0,"SP4 Administration Support
services( Medical Services)"
isiolo,2021_22,1,402003510.0,"Preventive and Promotive Ser-
vices",,,False,,402003510.0,"Preventive and Promotive Ser-
vices"
isiolo,2021_22,1,403003510.0,"Curative and Rehabilitative
Health Services",159625997.0,,False,,403003510.0,"Curative and Rehabilitative
Health Services"
isiolo,2021_22,1,403003510.0,Health Information System,,,False,,403003510.0,Health Information System
isiolo,2021_22,1,403003510.0,Human Resources for health,,,False,,403003510.0,Human Resources for health
isiolo,2021_22,1,403003510.0,"Curative Infrastructure Sup-
port",,,False,,403003510.0,"Curative Infrastructure Sup-
port"
isiolo,2021_22,1,404003510.0,"Health systems for universal
care project",,,False,,404003510.0,"Health systems for universal
care project"
isiolo,2021_22,1,404003510.0,"World Bank Loan for Trans-
forming Health System for
Universal Car",,,False,,404003510.0,"World Bank Loan for Trans-
forming Health System for
Universal Car"
kajiado,2021_22,1,"Devolution Services
Curative and Rehabili-
tative
Public Health and Sani-
tation
Water Services and
Irrigation
Environment & Natural
Resource Protection","Coordination of devolu-
tion services",23266000.0,0.0,False,,"Devolution Services
Curative and Rehabili-
tative
Public Health and Sani-
tation
Water Services and
Irrigation
Environment & Natural
Resource Protection","Coordination of devolu-
tion services"
kajiado,2021_22,1,"Devolution Services
Curative and Rehabili-
tative
Public Health and Sani-
tation
Water Services and
Irrigation
Environment & Natural
Resource Protection","County Executive com-
mittee",12580000.0,0.0,False,,"Devolution Services
Curative and Rehabili-
tative
Public Health and Sani-
tation
Water Services and
Irrigation
Environment & Natural
Resource Protection","County Executive com-
mittee"
kajiado,2021_22,1,"Devolution Services
Curative and Rehabili-
tative
Public Health and Sani-
tation
Water Services and
Irrigation
Environment & Natural
Resource Protection","Intergovernmental rela-
tions",22588000.0,1150000.0,False,,"Devolution Services
Curative and Rehabili-
tative
Public Health and Sani-
tation
Water Services and
Irrigation
Environment & Natural
Resource Protection","Intergovernmental rela-
tions"
kajiado,2021_22,1,"Devolution Services
Curative and Rehabili-
tative
Public Health and Sani-
tation
Water Services and
Irrigation
Environment & Natural
Resource Protection","County Government Ad-
visory",8050000.0,0.0,False,,"Devolution Services
Curative and Rehabili-
tative
Public Health and Sani-
tation
Water Services and
Irrigation
Environment & Natural
Resource Protection","County Government Ad-
visory"
kajiado,2021_22,1,"Devolution Services
Curative and Rehabili-
tative
Public Health and Sani-
tation
Water Services and
Irrigation
Environment & Natural
Resource Protection",Special programs,10179600.0,0.0,False,,"Devolution Services
Curative and Rehabili-
tative
Public Health and Sani-
tation
Water Services and
Irrigation
Environment & Natural
Resource Protection",Special programs
kajiado,2021_22,1,"Devolution Services
Curative and Rehabili-
tative
Public Health and Sani-
tation
Water Services and
Irrigation
Environment & Natural
Resource Protection",Medical Services,286873940.0,0.0,False,,"Devolution Services
Curative and Rehabili-
tative
Public Health and Sani-
tation
Water Services and
Irrigation
Environment & Natural
Resource Protection",Medical Services
kajiado,2021_22,1,"Devolution Services
Curative and Rehabili-
tative
Public Health and Sani-
tation
Water Services and
Irrigation
Environment & Natural
Resource Protection",Ambulance Services,5507600.0,0.0,False,,"Devolution Services
Curative and Rehabili-
tative
Public Health and Sani-
tation
Water Services and
Irrigation
Environment & Natural
Resource Protection",Ambulance Services
kajiado,2021_22,1,"Devolution Services
Curative and Rehabili-
tative
Public Health and Sani-
tation
Water Services and
Irrigation
Environment & Natural
Resource Protection","Promotive and preven-
tive",192721550.0,0.0,False,,"Devolution Services
Curative and Rehabili-
tative
Public Health and Sani-
tation
Water Services and
Irrigation
Environment & Natural
Resource Protection","Promotive and preven-
tive"
kajiado,2021_22,1,"Devolution Services
Curative and Rehabili-
tative
Public Health and Sani-
tation
Water Services and
Irrigation
Environment & Natural
Resource Protection",Mobile clinics,5259850.0,0.0,False,,"Devolution Services
Curative and Rehabili-
tative
Public Health and Sani-
tation
Water Services and
Irrigation
Environment & Natural
Resource Protection",Mobile clinics
kajiado,2021_22,1,"Devolution Services
Curative and Rehabili-
tative
Public Health and Sani-
tation
Water Services and
Irrigation
Environment & Natural
Resource Protection","Licensing and control
undertaking",8223316.0,0.0,False,,"Devolution Services
Curative and Rehabili-
tative
Public Health and Sani-
tation
Water Services and
Irrigation
Environment & Natural
Resource Protection","Licensing and control
undertaking"
kajiado,2021_22,1,"Devolution Services
Curative and Rehabili-
tative
Public Health and Sani-
tation
Water Services and
Irrigation
Environment & Natural
Resource Protection",Sanitation,2665000.0,0.0,False,,"Devolution Services
Curative and Rehabili-
tative
Public Health and Sani-
tation
Water Services and
Irrigation
Environment & Natural
Resource Protection",Sanitation
kajiado,2021_22,1,"Devolution Services
Curative and Rehabili-
tative
Public Health and Sani-
tation
Water Services and
Irrigation
Environment & Natural
Resource Protection",Water services,282689769.0,492550.0,False,,"Devolution Services
Curative and Rehabili-
tative
Public Health and Sani-
tation
Water Services and
Irrigation
Environment & Natural
Resource Protection",Water services
kajiado,2021_22,1,"Devolution Services
Curative and Rehabili-
tative
Public Health and Sani-
tation
Water Services and
Irrigation
Environment & Natural
Resource Protection","Storm water manage-
ment",11559636.0,0.0,False,,"Devolution Services
Curative and Rehabili-
tative
Public Health and Sani-
tation
Water Services and
Irrigation
Environment & Natural
Resource Protection","Storm water manage-
ment"
kajiado,2021_22,1,"Devolution Services
Curative and Rehabili-
tative
Public Health and Sani-
tation
Water Services and
Irrigation
Environment & Natural
Resource Protection",Irrigation,0.0,0.0,False,,"Devolution Services
Curative and Rehabili-
tative
Public Health and Sani-
tation
Water Services and
Irrigation
Environment & Natural
Resource Protection",Irrigation
kajiado,2021_22,1,"Devolution Services
Curative and Rehabili-
tative
Public Health and Sani-
tation
Water Services and
Irrigation
Environment & Natural
Resource Protection","Environmental protec-
tion",115377231.0,284000.0,False,,"Devolution Services
Curative and Rehabili-
tative
Public Health and Sani-
tation
Water Services and
Irrigation
Environment & Natural
Resource Protection","Environmental protec-
tion"
kajiado,2021_22,1,"Devolution Services
Curative and Rehabili-
tative
Public Health and Sani-
tation
Water Services and
Irrigation
Environment & Natural
Resource Protection",Noise pollution,2650000.0,0.0,False,,"Devolution Services
Curative and Rehabili-
tative
Public Health and Sani-
tation
Water Services and
Irrigation
Environment & Natural
Resource Protection",Noise pollution
kajiado,2021_22,1,"Devolution Services
Curative and Rehabili-
tative
Public Health and Sani-
tation
Water Services and
Irrigation
Environment & Natural
Resource Protection",Control of air pollution,870000.0,0.0,False,,"Devolution Services
Curative and Rehabili-
tative
Public Health and Sani-
tation
Water Services and
Irrigation
Environment & Natural
Resource Protection",Control of air pollution
kajiado,2021_22,1,"Devolution Services
Curative and Rehabili-
tative
Public Health and Sani-
tation
Water Services and
Irrigation
Environment & Natural
Resource Protection",Natural resources,3450000.0,500000.0,False,,"Devolution Services
Curative and Rehabili-
tative
Public Health and Sani-
tation
Water Services and
Irrigation
Environment & Natural
Resource Protection",Natural resources
kiambu,2021_22,1,Health Services,,,,False,,Health Services,
kiambu,2021_22,1,"Curative and Preventive
Health care services",,821636481.0,,False,,"Curative and Preventive
Health care services",
kiambu,2021_22,1,"Curative and Preventive
Health care services","General administration and support
services",,,False,,"Curative and Preventive
Health care services","General administration and support
services"
kiambu,2021_22,1,"Curative and Preventive
Health care services",Health curative services,821636481.0,,False,,"Curative and Preventive
Health care services",Health curative services
kiambu,2021_22,1,"Curative and Preventive
Health care services","Preventive and promotive health ser-
vices",,,False,,"Curative and Preventive
Health care services","Preventive and promotive health ser-
vices"
kiambu,2021_22,1,Preventive Health Services,,46333390.0,,False,,Preventive Health Services,
kiambu,2021_22,1,Preventive Health Services,Community Health Services,46333390.0,,False,,Preventive Health Services,Community Health Services
kiambu,2021_22,1,"Curative & Rehabilitative
Health Services",,535824221.0,942000.0,False,,"Curative & Rehabilitative
Health Services",
kiambu,2021_22,1,"Curative & Rehabilitative
Health Services",County Hospital Infrastructure,535824221.0,942000.0,False,,"Curative & Rehabilitative
Health Services",County Hospital Infrastructure
kilifi,2021_22,1,Health,"Rehabilitative Services(Mental
Health, Orthopaedic, Physio and
Occupational therapy)",360000.0,,False,,Health,"Rehabilitative Services(Mental
Health, Orthopaedic, Physio and
Occupational therapy)"
kilifi,2021_22,1,Health,"General & specialised medical &
surgical services",50583270.0,,False,,Health,"General & specialised medical &
surgical services"
kilifi,2021_22,1,Health,Diagnostic services,500583270.0,,False,,Health,Diagnostic services
kilifi,2021_22,1,Health,Capacity Building & Training,9000000.0,,False,,Health,Capacity Building & Training
kilifi,2021_22,1,Health,Health Policy & Financing,3163393.0,,False,,Health,Health Policy & Financing
kilifi,2021_22,1,Health,Administration for Health,1416236289.0,,False,,Health,Administration for Health
kilifi,2021_22,1,Health,Immunization,1200000.0,,False,,Health,Immunization
kilifi,2021_22,1,Public Health,Communicable Disease Control,109629238.0,,False,,Public Health,Communicable Disease Control
kirinyaga,2021_22,1,"Curative and Reha-
bilitative Services","040301 Curative and Rehabili-
tative Services",2921022278.0,481967930.29,False,,"Curative and Reha-
bilitative Services","040301 Curative and Rehabili-
tative Services"
kisumu,2021_22,1,401005060.0,"Preventive & Promo-
tive Health Services",349679322.0,15202579.0,False,,401005060.0,"Preventive & Promo-
tive Health Services"
kisumu,2021_22,1,401005060.0,"Environmental health
and sanitation",187355269.0,15202579.0,False,,401005060.0,"Environmental health
and sanitation"
kisumu,2021_22,1,401005060.0,"Community health
strategy",1100000.0,,False,,401005060.0,"Community health
strategy"
kisumu,2021_22,1,401005060.0,"Health promotion ser-
vice",146224053.0,,False,,401005060.0,"Health promotion ser-
vice"
kisumu,2021_22,1,402005060.0,"Health Curative Ser-
vices",141315014.0,400000.0,False,,402005060.0,"Health Curative Ser-
vices"
kisumu,2021_22,1,402005060.0,Reproductive Health,137815014.0,400000.0,False,,402005060.0,Reproductive Health
kisumu,2021_22,1,405005060.0,"Health Sector support
Program (DANIDA)",160792947.0,,False,,405005060.0,"Health Sector support
Program (DANIDA)"
kisumu,2021_22,1,405005060.0,"Health Promotive Ser-
vices",160792947.0,,False,,405005060.0,"Health Promotive Ser-
vices"
kisumu,2021_22,1,407005060.0,"Jaramogi Oginga
Odinga Teaching and
Referral Hospital",296334964.0,46334964.0,False,,407005060.0,"Jaramogi Oginga
Odinga Teaching and
Referral Hospital"
kisumu,2021_22,1,407005060.0,"Jaramogi Oginga Odin-
ga Teaching and Refer-
ral Hospital",296334964.0,46334964.0,False,,407005060.0,"Jaramogi Oginga Odin-
ga Teaching and Refer-
ral Hospital"
kisumu,2021_22,1,408005060.0,"Kisumu County Refer-
ral Hospital",60000000.0,15000000.0,False,,408005060.0,"Kisumu County Refer-
ral Hospital"
kisumu,2021_22,1,408005060.0,"Kisumu County Refer-
ral Hospital",60000000.0,15000000.0,False,,408005060.0,"Kisumu County Refer-
ral Hospital"
kisumu,2021_22,1,409005060.0,"Medical and Bio-Medi-
cal Services",303800000.0,24000000.0,False,,409005060.0,"Medical and Bio-Medi-
cal Services"
kisumu,2021_22,1,409005060.0,"County and Sub-Coun-
ty Hospital Services",303800000.0,24000000.0,False,,409005060.0,"County and Sub-Coun-
ty Hospital Services"
kitui,2021_22,1,Health and Sanitation,,,,False,,Health and Sanitation,
kitui,2021_22,1,Medical Services,402013710.0,2856757384.0,1079726070.0,False,,Medical Services,402013710.0
kitui,2021_22,1,Medical Services,402023710.0,28800000.0,8248200.0,False,,Medical Services,402023710.0
kitui,2021_22,1,Rural Health Services,402033710.0,322746480.0,184452884.0,False,,Rural Health Services,402033710.0
kitui,2021_22,1,Public Health Headquarters,403013710.0,17125684.0,2994203.0,False,,Public Health Headquarters,403013710.0
kitui,2021_22,1,Medical Services,403023710.0,133042972.0,564846.0,False,,Medical Services,403023710.0
kitui,2021_22,1,Public Health Headquarters,403023710.0,1700000.0,449600.0,False,,Public Health Headquarters,403023710.0
kitui,2021_22,1,Public Health Headquarters,403033710.0,2150000.0,,False,,Public Health Headquarters,403033710.0
kitui,2021_22,1,Health Promotion and Disease Control,404013710.0,3677302.0,585600.0,False,,Health Promotion and Disease Control,404013710.0
kitui,2021_22,1,Rural Health Services,404023710.0,13901500.0,476600.0,False,,Rural Health Services,404023710.0
kitui,2021_22,1,Rural Health Services,404033710.0,63692024.0,5738620.0,False,,Rural Health Services,404033710.0
kwale,2021_22,1,Medical Drugs(0402043060)),,195.11,108.81,False,,Medical Drugs(0402043060)),
kwale,2021_22,1,"Msambweni Hospital
(0405013060)",,28.48,16.45,False,,"Msambweni Hospital
(0405013060)",
kwale,2021_22,1,Kwale Hospital(0407013060),,11.33,4.02,False,,Kwale Hospital(0407013060),
kwale,2021_22,1,"Tiwi Rural Health Facili-
ty(0408013060)",,3.64,1.26,False,,"Tiwi Rural Health Facili-
ty(0408013060)",
kwale,2021_22,1,Public Health(0401053060),,1.61,0.3,False,,Public Health(0401053060),
kwale,2021_22,1,"Rural Health Facili-
ties(0412013060)",,62.61,15.76,False,,"Rural Health Facili-
ties(0412013060)",
kwale,2021_22,1,"Diani Health Cen-
tre(0413013060)",,1.06,0.33,False,,"Diani Health Cen-
tre(0413013060)",
kwale,2021_22,1,"Maternal New Born And
Child Health(0401023060)",,124.65,1.2,False,,"Maternal New Born And
Child Health(0401023060)",
laikipia,2021_22,1,County Health Services,,,,False,,County Health Services,
laikipia,2021_22,1,"Curative & Rehabilitative
Health","Health Infrastructure Develop-
ment",10000000.0,325270.0,False,,"Curative & Rehabilitative
Health","Health Infrastructure Develop-
ment"
laikipia,2021_22,1,"Curative & Rehabilitative
Health","Health Products and Technol-
ogies Support",236736402.0,4153393.0,False,,"Curative & Rehabilitative
Health","Health Products and Technol-
ogies Support"
laikipia,2021_22,1,"Curative & Rehabilitative
Health","Health Infrastructure Develop-
ment",14000000.0,,False,,"Curative & Rehabilitative
Health","Health Infrastructure Develop-
ment"
laikipia,2021_22,1,"Curative & Rehabilitative
Health","Emergency Referral and Reha-
bilitative Service",99548177.0,13493553.0,False,,"Curative & Rehabilitative
Health","Emergency Referral and Reha-
bilitative Service"
laikipia,2021_22,1,"General Administration &
Planning Services","Essential Health Institutions
and Services",126629882.0,1948780.0,False,,"General Administration &
Planning Services","Essential Health Institutions
and Services"
laikipia,2021_22,1,"General Administration &
Planning Services","Health Policy, Governance,
Planning and Financing",9500000.0,600000.0,False,,"General Administration &
Planning Services","Health Policy, Governance,
Planning and Financing"
laikipia,2021_22,1,"General Administration &
Planning Services","Health Information Standards
and Quality Assurance",1500000.0,,False,,"General Administration &
Planning Services","Health Information Standards
and Quality Assurance"
laikipia,2021_22,1,"General Administration &
Planning Services","Community Health Strategy,
Advocacy, and Surveillance",11056500.0,624000.0,False,,"General Administration &
Planning Services","Community Health Strategy,
Advocacy, and Surveillance"
laikipia,2021_22,1,Preventive Health Services,"Family Planning, Maternal,
and Child Health Services",4300000.0,530700.0,False,,Preventive Health Services,"Family Planning, Maternal,
and Child Health Services"
laikipia,2021_22,1,Preventive Health Services,"Non -Communicable Diseases
Control and Prevention",1800000.0,900000.0,False,,Preventive Health Services,"Non -Communicable Diseases
Control and Prevention"
laikipia,2021_22,1,Preventive Health Services,"Public Health Promotion and
Nutrition Services",7300000.0,980392.0,False,,Preventive Health Services,"Public Health Promotion and
Nutrition Services"
laikipia,2021_22,1,Preventive Health Services,"Social Health Insurance
Scheme",63000000.0,10427956.0,False,,Preventive Health Services,"Social Health Insurance
Scheme"
lamu,2021_22,1,Medical Services,"P 1: General Administration, Planning
and Support Services",801604150.0,190388009.0,False,,Medical Services,"P 1: General Administration, Planning
and Support Services"
lamu,2021_22,1,Medical Services,P 2: Curative & Rehabilitative Services,120138376.0,929513.0,False,,Medical Services,P 2: Curative & Rehabilitative Services
lamu,2021_22,1,Medical Services,P 3: Preventive & Promotive Services,61889244.0,3640948.0,False,,Medical Services,P 3: Preventive & Promotive Services
lamu,2021_22,1,Medical Services,P 4: Development,202445935.0,,False,,Medical Services,P 4: Development
makueni,2021_22,1,Programme 2: Curative health care services,,,,False,,Programme 2: Curative health care services,
makueni,2021_22,1,"SP2. 1: Curative health care
services",,786300428.0,,False,,"SP2. 1: Curative health care
services",
makueni,2021_22,1,Programme 3; Preventive and promotive health care services,,,,False,,Programme 3; Preventive and promotive health care services,
makueni,2021_22,1,"SP3. 1 Preventive and promotive
health care services",,182300000.0,,False,,"SP3. 1 Preventive and promotive
health care services",
marsabit,2021_22,1,Health Services,Curative Health Services,,,False,,Health Services,Curative Health Services
marsabit,2021_22,1,Health Services,"General Administration, Planning
and Support Services",,,False,,Health Services,"General Administration, Planning
and Support Services"
meru,2021_22,1,"DEPARTMENT:
HEALTH SERVICES",,,,False,,"DEPARTMENT:
HEALTH SERVICES",
meru,2021_22,1,Curative Health,Curative Health,742176169.0,,False,,Curative Health,Curative Health
meru,2021_22,1,"Preventive and Promo-
tive Health","Preventive and Promotive
Health",208548409.26,,False,,"Preventive and Promo-
tive Health","Preventive and Promotive
Health"
migori,2021_22,1,"Veterinary services and
management","Veterinary public health
management",1186000.0,,False,,"Veterinary services and
management","Veterinary public health
management"
migori,2021_22,1,Health-Medical Services,,,,False,,Health-Medical Services,
migori,2021_22,1,"Planning and administra-
tive support services","Health management in-
formative system",6888000.0,,False,,"Planning and administra-
tive support services","Health management in-
formative system"
migori,2021_22,1,"Preventive and promotive
health services","Human nutrition and
dietetics",2200000.0,,False,,"Preventive and promotive
health services","Human nutrition and
dietetics"
migori,2021_22,1,"Preventive and promotive
health services","Family& reproductive
health",5300000.0,,False,,"Preventive and promotive
health services","Family& reproductive
health"
migori,2021_22,1,"Preventive and promotive
health services","Non-communicable
diseases (NCDs)",3040000.0,,False,,"Preventive and promotive
health services","Non-communicable
diseases (NCDs)"
migori,2021_22,1,"Preventive and promotive
health services","Maternal child and ado-
lescence health services",2900000.0,,False,,"Preventive and promotive
health services","Maternal child and ado-
lescence health services"
migori,2021_22,1,"Curative, rehabilitative and
referral services","Pharmaceutical and
non-pharmaceutical
commodities",156692500.0,,False,,"Curative, rehabilitative and
referral services","Pharmaceutical and
non-pharmaceutical
commodities"
migori,2021_22,1,"Curative, rehabilitative and
referral services","Emergency and referral
services",6276000.0,,False,,"Curative, rehabilitative and
referral services","Emergency and referral
services"
migori,2021_22,1,"Curative, rehabilitative and
referral services",Malaria Control,1390000.0,,False,,"Curative, rehabilitative and
referral services",Malaria Control
migori,2021_22,1,Health Public Nutrition,,,,False,,Health Public Nutrition,
migori,2021_22,1,"Planning and administra-
tive support services (Public
Health)","Health management in-
formative system",7267520.0,,False,,"Planning and administra-
tive support services (Public
Health)","Health management in-
formative system"
migori,2021_22,1,"Planning and administra-
tive support services (Public
Health)","Administrative and
support services",262839958.0,,False,,"Planning and administra-
tive support services (Public
Health)","Administrative and
support services"
migori,2021_22,1,"Planning and administra-
tive support services (Public
Health)","Standards, quality as-
surance & regulations",25656000.0,,False,,"Planning and administra-
tive support services (Public
Health)","Standards, quality as-
surance & regulations"
migori,2021_22,1,"Preventive and promotive
health services","Community health ser-
vices",23210000.0,,False,,"Preventive and promotive
health services","Community health ser-
vices"
migori,2021_22,1,"Preventive and promotive
health services","Sanitation and environ-
mental health services",5100000.0,,False,,"Preventive and promotive
health services","Sanitation and environ-
mental health services"
migori,2021_22,1,"Preventive and promotive
health services","Human nutrition and
dietetics",2400000.0,,False,,"Preventive and promotive
health services","Human nutrition and
dietetics"
migori,2021_22,1,"Preventive and promotive
health services","HIV and AIDS manage-
ment",2940000.0,,False,,"Preventive and promotive
health services","HIV and AIDS manage-
ment"
migori,2021_22,1,"Preventive and promotive
health services",Disease surveillance,20050000.0,,False,,"Preventive and promotive
health services",Disease surveillance
migori,2021_22,1,"Preventive and promotive
health services",Health promotion,1700000.0,,False,,"Preventive and promotive
health services",Health promotion
migori,2021_22,1,"Preventive and promotive
health services","Family& reproductive
health",12500000.0,,False,,"Preventive and promotive
health services","Family& reproductive
health"
migori,2021_22,1,"Preventive and promotive
health services","Non-communicable
diseases (NCDs)",1560000.0,,False,,"Preventive and promotive
health services","Non-communicable
diseases (NCDs)"
migori,2021_22,1,"Preventive and promotive
health services","Maternal child and ado-
lescence health services",2400000.0,,False,,"Preventive and promotive
health services","Maternal child and ado-
lescence health services"
migori,2021_22,1,"Curative, rehabilitative and
referral services","Pharmaceutical and
non-pharmaceutical
commodities",112000000.0,,False,,"Curative, rehabilitative and
referral services","Pharmaceutical and
non-pharmaceutical
commodities"
migori,2021_22,1,"Curative, rehabilitative and
referral services",Malaria Control,2880000.0,,False,,"Curative, rehabilitative and
referral services",Malaria Control
migori,2021_22,1,"Curative, rehabilitative and
referral services",Tuberculosis Control,2200000.0,,False,,"Curative, rehabilitative and
referral services",Tuberculosis Control
mombasa,2021_22,1,3017 Health Services,Administration Unit,2833061316.0,259511008.0,False,,3017 Health Services,Administration Unit
mombasa,2021_22,1,3017 Health Services,Curative/Clinical Health Services,158249239.0,0.0,False,,3017 Health Services,Curative/Clinical Health Services
mombasa,2021_22,1,3017 Health Services,Preventive and Promotive Services Unit,582354159.0,0.0,False,,3017 Health Services,Preventive and Promotive Services Unit
mombasa,2021_22,1,3017 Health Services,Special Programs,68123140.0,0.0,False,,3017 Health Services,Special Programs
nairobi,2021_22,1,"0404005310 General Admin-
istration, Planning And Sup-
port Services","0404015310 Sp4.1 Ad-
ministration/Human Re-
source for Health",69518950.0,13565300.0,False,,"0404005310 General Admin-
istration, Planning And Sup-
port Services","0404015310 Sp4.1 Ad-
ministration/Human Re-
source for Health"
nairobi,2021_22,1,"0116005310 P.10: Animal
Health, Safety, and Quality
Assurance","0116015310 sp 10.1 An-
imal Research, Diseases,
Pest Control & Quality
Assurance",38310000.0,,False,,"0116005310 P.10: Animal
Health, Safety, and Quality
Assurance","0116015310 sp 10.1 An-
imal Research, Diseases,
Pest Control & Quality
Assurance"
nandi,2021_22,1,Health and Sanitation,,,,False,,Health and Sanitation,
nandi,2021_22,1,Public Health and Sanitation,"Health Service Delivery Adminis-
tration Services",,611683499.0,False,,Public Health and Sanitation,"Health Service Delivery Adminis-
tration Services"
nandi,2021_22,1,Curative Health Services,Physical Planning,,8422200.0,False,,Curative Health Services,Physical Planning
nandi,2021_22,1,Curative Health Services,,,,False,,Curative Health Services,
narok,2021_22,1,401000000.0,"Preventive & Promo-
tive Health Services",,,False,,401000000.0,"Preventive & Promo-
tive Health Services"
narok,2021_22,1,401000000.0,Health Promotion,,,False,,401000000.0,Health Promotion
narok,2021_22,1,401004610.0,"Preventive &Promotive
Health Services",1389000000.0,225000000.0,False,,401004610.0,"Preventive &Promotive
Health Services"
narok,2021_22,1,401004610.0,Health Promotion,1389000000.0,225000000.0,False,,401004610.0,Health Promotion
narok,2021_22,1,402004610.0,"Curative Health Ser-
vices",331034233.0,7984050.0,False,,402004610.0,"Curative Health Ser-
vices"
narok,2021_22,1,403004610.0,"Health Policy, Planning
and Financing",2015345767.0,86260560.0,False,,403004610.0,"Health Policy, Planning
and Financing"
narok,2021_22,1,404000000.0,"Health Policy, Planning
& Financing",,,False,,404000000.0,"Health Policy, Planning
& Financing"
nyamira,2021_22,1,Department of Health,,,,False,,Department of Health,
nyamira,2021_22,1,Curative health services,,651189285.0,15485920.0,False,,Curative health services,
nyandarua,2021_22,1,"Human Resource Manage-
ment","Human Resource Management
(Including employee gratuity,
pension and medical insurance)",154520000.0,17134224.0,False,,"Human Resource Manage-
ment","Human Resource Management
(Including employee gratuity,
pension and medical insurance)"
nyandarua,2021_22,1,"Preventive and Promotive Ser-
vices","Preventive and Promotive Ser-
vices",6271274.0,,False,,"Preventive and Promotive Ser-
vices","Preventive and Promotive Ser-
vices"
nyandarua,2021_22,1,Curative Services,Curative Services,218199497.0,,False,,Curative Services,Curative Services
nyandarua,2021_22,1,Curative Services,universal health care and grants,309636578.0,,False,,Curative Services,universal health care and grants
samburu,2021_22,1,"Department Medical Services, Public Health, and Sanitation",,,,False,,"Department Medical Services, Public Health, and Sanitation",
samburu,2021_22,1,"0401004210
P1 Preventive
and Promotive
Health Services","0401044210 SP2 Environmental
and health promotion",115099435.0,13979535.0,False,,"0401004210
P1 Preventive
and Promotive
Health Services","0401044210 SP2 Environmental
and health promotion"
samburu,2021_22,1,"0401004210
P1 Preventive
and Promotive
Health Services",0402014210 SP1 Nutrition,15014900.0,,False,,"0401004210
P1 Preventive
and Promotive
Health Services",0402014210 SP1 Nutrition
samburu,2021_22,1,"0401004210
P1 Preventive
and Promotive
Health Services","0401054210 SP3 Communicable
Disease Control",94936472.0,18285282.0,False,,"0401004210
P1 Preventive
and Promotive
Health Services","0401054210 SP3 Communicable
Disease Control"
samburu,2021_22,1,"0401004210
P1 Preventive
and Promotive
Health Services","0401064210 SP4 Non-communica-
ble Disease Prevention and Control",35472158.0,11842164.0,False,,"0401004210
P1 Preventive
and Promotive
Health Services","0401064210 SP4 Non-communica-
ble Disease Prevention and Control"
samburu,2021_22,1,"0401004210
P1 Preventive
and Promotive
Health Services","0401074210 SP5 Reproductive,
Maternal, Neonatal, child and
Adolescent Health",64730924.0,16056054.0,False,,"0401004210
P1 Preventive
and Promotive
Health Services","0401074210 SP5 Reproductive,
Maternal, Neonatal, child and
Adolescent Health"
samburu,2021_22,1,"0402004210 P2
Curative Health","0402044210 SP1 County Hospital
and Referral Services",570109230.0,164309921.0,False,,"0402004210 P2
Curative Health","0402044210 SP1 County Hospital
and Referral Services"
samburu,2021_22,1,"0402004210 P2
Curative Health","0402054210 SP2 Free Primary
Health Services",305601826.0,2315358.0,False,,"0402004210 P2
Curative Health","0402054210 SP2 Free Primary
Health Services"
samburu,2021_22,1,"0403004210
P3 General
Administration
Planning and
Support Services","0403014210 SP1 Health Infrastruc-
ture Development",153988340.0,,False,,"0403004210
P3 General
Administration
Planning and
Support Services","0403014210 SP1 Health Infrastruc-
ture Development"
samburu,2021_22,1,"0403004210
P3 General
Administration
Planning and
Support Services","0403054210 SP4 Health Policy,
Planning, and Financing",24438093.0,610900.0,False,,"0403004210
P3 General
Administration
Planning and
Support Services","0403054210 SP4 Health Policy,
Planning, and Financing"
samburu,2021_22,1,"0403004210
P3 General
Administration
Planning and
Support Services","0403064210 SP5 Health Standards
and Quality Assurance Services",90987595.0,21402944.0,False,,"0403004210
P3 General
Administration
Planning and
Support Services","0403064210 SP5 Health Standards
and Quality Assurance Services"
siaya,2021_22,1,"Preventive & Promotive
Health Services","Communicable Disease
Control",1562411745.0,647500912.0,False,,"Preventive & Promotive
Health Services","Communicable Disease
Control"
siaya,2021_22,1,"Preventive & Promotive
Health Services",Health Promotion,297008538.0,33103618.0,False,,"Preventive & Promotive
Health Services",Health Promotion
siaya,2021_22,1,"Preventive & Promotive
Health Services","Non-communicable
Disease Prevention &
Control",295562669.0,14420222.0,False,,"Preventive & Promotive
Health Services","Non-communicable
Disease Prevention &
Control"
siaya,2021_22,1,"Preventive & Promotive
Health Services",Radiation Protection,126607445.0,23622906.0,False,,"Preventive & Promotive
Health Services",Radiation Protection
siaya,2021_22,1,"Preventive & Promotive
Health Services",,12832875.0,,False,,"Preventive & Promotive
Health Services",
siaya,2021_22,1,"Preventive & Promotive
Health Services",,18194808.0,,False,,"Preventive & Promotive
Health Services",
siaya,2021_22,1,"Preventive & Promotive
Health Services",,105795258.0,757850.0,False,,"Preventive & Promotive
Health Services",
siaya,2021_22,1,"Preventive & Promotive
Health Services",,60578536.0,5021923.0,False,,"Preventive & Promotive
Health Services",
siaya,2021_22,1,"Preventive & Promotive
Health Services",,50158116.0,6732265.0,False,,"Preventive & Promotive
Health Services",
siaya,2021_22,1,"Preventive & Promotive
Health Services",,2529149990.0,731159696.0,False,,"Preventive & Promotive
Health Services",
siaya,2021_22,1,Primary Education,"School Health, Nutri-
tion and Meals",51052868.0,,False,,Primary Education,"School Health, Nutri-
tion and Meals"
taita,2021_22,1,402003260.0,Health Development Programme,295368189.0,,False,,402003260.0,Health Development Programme
taita,2021_22,1,402003260.0,Health Development Programme,295368189.0,,False,,402003260.0,Health Development Programme
tana,2021_22,1,Medical Services,Curative and Rehabilitative,319374948.0,18322094.0,False,,Medical Services,Curative and Rehabilitative
tana,2021_22,1,Medical Services,Medical Supplies,71824948.0,12364649.0,False,,Medical Services,Medical Supplies
tana,2021_22,1,Medical Services,Medical Services,33950000.0,4057720.0,False,,Medical Services,Medical Services
tana,2021_22,1,Medical Services,Ambulance Services,61600000.0,1899725.0,False,,Medical Services,Ambulance Services
tana,2021_22,1,Medical Services,SP4 Curative Services,152000000.0,,False,,Medical Services,SP4 Curative Services
tana,2021_22,1,Medical Services,Preventive and Promotive,11950000.0,4535966.0,False,,Medical Services,Preventive and Promotive
tana,2021_22,1,Medical Services,Preventive and Promotive,6900000.0,1461166.0,False,,Medical Services,Preventive and Promotive
tana,2021_22,1,Medical Services,"Licensing and Control of
Undertaking",2550000.0,1448150.0,False,,Medical Services,"Licensing and Control of
Undertaking"
tana,2021_22,1,Medical Services,Mobile Clinics,2500000.0,1626650.0,False,,Medical Services,Mobile Clinics
trans,2021_22,1,Health Corporate,,,,False,,Health Corporate,
trans,2021_22,1,Preventive Health Services,"Preventive Health
Services",654517568.0,,False,,Preventive Health Services,"Preventive Health
Services"
uasin,2021_22,1,Health Services,,,,False,,Health Services,
uasin,2021_22,1,Health Infrastructure,,3000000.0,,False,,Health Infrastructure,
uasin,2021_22,1,Curative Health Services,,249000000.0,,False,,Curative Health Services,
uasin,2021_22,1,Prevention And Health Promotion,,5000000.0,,False,,Prevention And Health Promotion,
uasin,2021_22,1,Public Health Services,,5000000.0,,False,,Public Health Services,
uasin,2021_22,1,Public Health Services,,,,False,,Public Health Services,
wajir,2021_22,1,"Public Health, Medical Service and San-
itation",,,,False,,"Public Health, Medical Service and San-
itation",
wajir,2021_22,1,"Curative, Rehabilitative and Referral Ser-
vices",Curative,831812000.0,250000.0,False,,"Curative, Rehabilitative and Referral Ser-
vices",Curative
wajir,2021_22,1,Preventive and Promotive Services,Preventive,151787000.0,250000.0,False,,Preventive and Promotive Services,Preventive
wajir,2021_22,1,Health Research,Research,13256000.0,,False,,Health Research,Research
wajir,2021_22,1,Family Health,Family Health,108119183.0,,False,,Family Health,Family Health
baringo,2021_22,2,County Health Services,,1080429081.0,170856434.0,False,,County Health Services,
baringo,2021_22,2,County Health Services,General administration,536829113.0,150188624.0,False,,County Health Services,General administration
baringo,2021_22,2,County Health Services,"Preventive and Promotive
Health Services",390302096.0,19323810.0,False,,County Health Services,"Preventive and Promotive
Health Services"
baringo,2021_22,2,County Health Services,"Curative and Rehabilitative
Services",153297872.0,1344000.0,False,,County Health Services,"Curative and Rehabilitative
Services"
baringo,2021_22,2,County Health Services,Health/preventive services,,,False,,County Health Services,Health/preventive services
baringo,2021_22,2,"Promotion of primary health
care",,,,False,,"Promotion of primary health
care",
baringo,2021_22,2,"Promotion of primary health
care",General administration,,,False,,"Promotion of primary health
care",General administration
bomet,2021_22,2,Department of Medical Services and Public Health,,2031628666.0,812552626.0,False,,Department of Medical Services and Public Health,
bomet,2021_22,2,Curative Services,,183391102.0,72644134.0,False,,Curative Services,
bomet,2021_22,2,Curative Services,Curative Services,183391102.0,72644134.0,False,,Curative Services,Curative Services
bomet,2021_22,2,Health Care Financing,,184408000.0,92175000.0,False,,Health Care Financing,
bomet,2021_22,2,Health Care Financing,"Cash Transfers to Health Fa-
cilities.",152034644.0,84345000.0,False,,Health Care Financing,"Cash Transfers to Health Fa-
cilities."
bomet,2021_22,2,Health Care Financing,"DANIDA Funds disburse-
ments",15660000.0,7830000.0,False,,Health Care Financing,"DANIDA Funds disburse-
ments"
bomet,2021_22,2,Health Care Financing,"User fees forgone disburse-
ments",16713356.0,,False,,Health Care Financing,"User fees forgone disburse-
ments"
bomet,2021_22,2,Health Infrastructure,,240407763.0,14020972.0,False,,Health Infrastructure,
bomet,2021_22,2,Health Infrastructure,Health Infrastructure,240407763.0,14020972.0,False,,Health Infrastructure,Health Infrastructure
bomet,2021_22,2,"Human Resources for Health
Services",,1252531842.0,611324830.0,False,,"Human Resources for Health
Services",
bomet,2021_22,2,"Human Resources for Health
Services",Administrative Service,,,False,,"Human Resources for Health
Services",Administrative Service
bomet,2021_22,2,"Human Resources for Health
Services","Administrative Services - Use
of Goods and Services",30031842.0,14508004.0,False,,"Human Resources for Health
Services","Administrative Services - Use
of Goods and Services"
bomet,2021_22,2,"Human Resources for Health
Services",Personnel Emoluments,1219500000.0,596802826.0,False,,"Human Resources for Health
Services",Personnel Emoluments
bomet,2021_22,2,"Human Resources for Health
Services",Policy Development,3000000.0,14000.0,False,,"Human Resources for Health
Services",Policy Development
bomet,2021_22,2,"Preventing and Promotive Ser-
vices","Community and health facil-
ity-based interventions (sup-
port to UHC Vulnerable HH)",60329352.0,,False,,"Preventing and Promotive Ser-
vices","Community and health facil-
ity-based interventions (sup-
port to UHC Vulnerable HH)"
bomet,2021_22,2,"Preventing and Promotive Ser-
vices","Community maternal and
child health (Inclusive of Cus
operationalisation)",2300000.0,,False,,"Preventing and Promotive Ser-
vices","Community maternal and
child health (Inclusive of Cus
operationalisation)"
bomet,2021_22,2,Reproductive Health Services,,82760607.0,19333940.0,False,,Reproductive Health Services,
bomet,2021_22,2,Reproductive Health Services,"Transformative Health Care
systems - Family planning
services",3458952.0,,False,,Reproductive Health Services,"Transformative Health Care
systems - Family planning
services"
bomet,2021_22,2,Reproductive Health Services,"Transformative Health Care
systems - Immunization ser-
vices",3458952.0,,False,,Reproductive Health Services,"Transformative Health Care
systems - Immunization ser-
vices"
bomet,2021_22,2,Reproductive Health Services,"Transformative Health Care
systems - Maternal, new-born
and child health services",75842704.0,19333940.0,False,,Reproductive Health Services,"Transformative Health Care
systems - Maternal, new-born
and child health services"
bungoma,2021_22,2,"HEALTH & SANITA-
TION",,,,False,,"HEALTH & SANITA-
TION",
bungoma,2021_22,2,"SP 1: Health Admin-
istration Planning and
support services","SP 1: Health Administration Plan-
ning and support services",332856809.0,81389568.0,False,,"SP 1: Health Admin-
istration Planning and
support services","SP 1: Health Administration Plan-
ning and support services"
bungoma,2021_22,2,"SP3.Health Infrastruc-
ture",SP3.Health Infrastructure,262710027.0,5410906.0,False,,"SP3.Health Infrastruc-
ture",SP3.Health Infrastructure
bungoma,2021_22,2,"Programme 2: Pre-
ventive Promotive and
Rehabilitative","Programme 2: Preventive Promo-
tive and Rehabilitative",,,False,,"Programme 2: Pre-
ventive Promotive and
Rehabilitative","Programme 2: Preventive Promo-
tive and Rehabilitative"
bungoma,2021_22,2,"SP 2: Health Promotion
services",SP 2: Health Promotion services,6000000.0,,False,,"SP 2: Health Promotion
services",SP 2: Health Promotion services
bungoma,2021_22,2,"SP 4: Community health
services",SP 4: Community health services,78072000.0,,False,,"SP 4: Community health
services",SP 4: Community health services
bungoma,2021_22,2,"Programme 3: Curative
& health Services","Programme 3: Curative & health
Services",,,False,,"Programme 3: Curative
& health Services","Programme 3: Curative & health
Services"
bungoma,2021_22,2,"SP 3: Routine Medical
Services",SP 3: Routine Medical Services,424865820.0,,False,,"SP 3: Routine Medical
Services",SP 3: Routine Medical Services
bungoma,2021_22,2,"Programme 4: Health
Research",Programme 4: Health Research,8200000.0,,False,,"Programme 4: Health
Research",Programme 4: Health Research
bungoma,2021_22,2,"Programme 5: Maternal
and Child Health","Programme 5: Maternal and Child
Health",,,False,,"Programme 5: Maternal
and Child Health","Programme 5: Maternal and Child
Health"
busia,2021_22,2,"CP 9: Veterinary Health
Services","CSP 9.1: Veterinary Dis-
ease control",11138104.0,,False,,"CP 9: Veterinary Health
Services","CSP 9.1: Veterinary Dis-
ease control"
busia,2021_22,2,"CP 9: Veterinary Health
Services",CSP 9.2:AI services,3500000.0,,False,,"CP 9: Veterinary Health
Services",CSP 9.2:AI services
busia,2021_22,2,"CP 9: Veterinary Health
Services","CSP 9.3 Meat inspection
services",3000000.0,,False,,"CP 9: Veterinary Health
Services","CSP 9.3 Meat inspection
services"
busia,2021_22,2,"CP 9: Veterinary Health
Services","CSP 9.4 Veterinary Exten-
sion",6000000.0,,False,,"CP 9: Veterinary Health
Services","CSP 9.4 Veterinary Exten-
sion"
busia,2021_22,2,Health,,,,False,,Health,
busia,2021_22,2,"CP 55: Curative Health Ser-
vices","CSP 55.1: Infrastructure
development",303680901.0,95726212.0,False,,"CP 55: Curative Health Ser-
vices","CSP 55.1: Infrastructure
development"
busia,2021_22,2,"CP 55: Curative Health Ser-
vices","CSP 55.2: Hospital equip-
ment",46625360.0,,False,,"CP 55: Curative Health Ser-
vices","CSP 55.2: Hospital equip-
ment"
busia,2021_22,2,"CP 56: Preventive and Pro-
motive Health services","CSP 56.1: Infrastructure
development",105838637.0,,False,,"CP 56: Preventive and Pro-
motive Health services","CSP 56.1: Infrastructure
development"
busia,2021_22,2,"CP 56: Preventive and Pro-
motive Health services","CSP 56.2: Lower level hos-
pital equipment",1345360.0,,False,,"CP 56: Preventive and Pro-
motive Health services","CSP 56.2: Lower level hos-
pital equipment"
busia,2021_22,2,"CP 56: Preventive and Pro-
motive Health services","CSP 56.3:Preventive Ser-
vices",12000000.0,,False,,"CP 56: Preventive and Pro-
motive Health services","CSP 56.3:Preventive Ser-
vices"
busia,2021_22,2,"CP 56: Preventive and Pro-
motive Health services","CSP 56.4: Health promo-
tion unit",129133623.0,,False,,"CP 56: Preventive and Pro-
motive Health services","CSP 56.4: Health promo-
tion unit"
elgeyo,2021_22,2,Health And Sanitation,,,,False,,Health And Sanitation,
elgeyo,2021_22,2,Preventive and Promotive Health,,72793446.0,0.0,False,,Preventive and Promotive Health,
elgeyo,2021_22,2,Preventive and Promotive Health,"Community and Environ-
mental Health",72734046.0,0.0,False,,Preventive and Promotive Health,"Community and Environ-
mental Health"
elgeyo,2021_22,2,Preventive and Promotive Health,"Communicable &
Non-Communicable Dis-
ease Prevention & Con-
trol",59400.0,0.0,False,,Preventive and Promotive Health,"Communicable &
Non-Communicable Dis-
ease Prevention & Con-
trol"
elgeyo,2021_22,2,Curative and Rehabilitative Health,,359475971.0,97510928.0,False,,Curative and Rehabilitative Health,
elgeyo,2021_22,2,Curative and Rehabilitative Health,Commodity management,500000.0,0.0,False,,Curative and Rehabilitative Health,Commodity management
elgeyo,2021_22,2,Curative and Rehabilitative Health,County Hospitals,78097163.0,0.0,False,,Curative and Rehabilitative Health,County Hospitals
elgeyo,2021_22,2,Curative and Rehabilitative Health,Primary Care Units,244498808.0,97510928.0,False,,Curative and Rehabilitative Health,Primary Care Units
elgeyo,2021_22,2,Curative and Rehabilitative Health,"Emergency Medical Ser-
vices",36380000.0,0.0,False,,Curative and Rehabilitative Health,"Emergency Medical Ser-
vices"
embu,2021_22,2,HEALTH,,,,False,,HEALTH,
embu,2021_22,2,"P1: Curative Health
Services",,,519772733.42,False,,"P1: Curative Health
Services",
embu,2021_22,2,"P2: Preventive and
Promotive Health
Services",,,213934690.34,False,,"P2: Preventive and
Promotive Health
Services",
embu,2021_22,2,EMBU LEVEL 5 HOSPITAL,,,,False,,EMBU LEVEL 5 HOSPITAL,
embu,2021_22,2,"P1: Curative Health
Services",,,50520165.96,False,,"P1: Curative Health
Services",
embu,2021_22,2,"P2: Preventive and
Promotive Health
Services",,,14155808.21,False,,"P2: Preventive and
Promotive Health
Services",
garissa,2021_22,2,Health and Sanitation,,,,False,,Health and Sanitation,
garissa,2021_22,2,"Preventive and Promo-
tive",Preventive,497297872.0,33000000.0,False,,"Preventive and Promo-
tive",Preventive
garissa,2021_22,2,Curative,Curative,207997156.0,77000000.0,False,,Curative,Curative
homa,2021_22,2,"Livestock Development
Programme","Livestock Health and Dis-
ease Management",9151000.0,,False,,"Livestock Development
Programme","Livestock Health and Dis-
ease Management"
homa,2021_22,2,Department of Health Services,,,,False,,Department of Health Services,
homa,2021_22,2,"Preventive and promotive
health services",Community health services,63650000.0,54708168.0,False,,"Preventive and promotive
health services",Community health services
homa,2021_22,2,"Preventive and promotive
health services",Disease control services,47250000.0,,False,,"Preventive and promotive
health services",Disease control services
homa,2021_22,2,"Preventive and promotive
health services","Facility infrastructure im-
provement services",117000000.0,58435899.0,False,,"Preventive and promotive
health services","Facility infrastructure im-
provement services"
homa,2021_22,2,"Curative and rehabilitative
health services","Routine medical health
services",224173731.0,,False,,"Curative and rehabilitative
health services","Routine medical health
services"
homa,2021_22,2,"Curative and rehabilitative
health services","Medical emergency re-
sponse services",18000000.0,,False,,"Curative and rehabilitative
health services","Medical emergency re-
sponse services"
homa,2021_22,2,"Curative and rehabilitative
health services","Facility infrastructure im-
provement services",283300000.0,129747097.0,False,,"Curative and rehabilitative
health services","Facility infrastructure im-
provement services"
kajiado,2021_22,2,401024660,Curative Health Services,143436970.0,138889974.0,False,,401024660,Curative Health Services
kajiado,2021_22,2,403024660,Medical Services,143436970.0,138889974.0,False,,403024660,Medical Services
kajiado,2021_22,2,403024660,Curative and Rehabilitative,2753800.0,1180794.0,False,,403024660,Curative and Rehabilitative
kajiado,2021_22,2,404024660,Public Health and Sanitation,106654178.0,77215207.0,False,,404024660,Public Health and Sanitation
kajiado,2021_22,2,405014660,Preventive and Promotive,96360775.0,72168687.0,False,,405014660,Preventive and Promotive
kakamega,2021_22,2,Preventive and promotive services,,,110000000.0,False,,Preventive and promotive services,
kakamega,2021_22,2,Preventive and promotive services,,,110000000.0,False,,Preventive and promotive services,
kakamega,2021_22,2,Promotion of Curative health services,,,1221007606.0,False,,Promotion of Curative health services,
kakamega,2021_22,2,Promotion of Curative health services,,,1096007606.0,False,,Promotion of Curative health services,
kakamega,2021_22,2,Promotion of Curative health services,,,110000000.0,False,,Promotion of Curative health services,
kakamega,2021_22,2,Promotion of Curative health services,,,15000000.0,False,,Promotion of Curative health services,
kericho,2021_22,2,Department: Health Services,,,,False,,Department: Health Services,
kericho,2021_22,2,Curative Health,"Administration And Plan-
ning",1357416458.0,465382522.0,False,,Curative Health,"Administration And Plan-
ning"
kericho,2021_22,2,Curative Health,Hospital (Curative)Services,,,False,,Curative Health,Hospital (Curative)Services
kericho,2021_22,2,"Preventive And Promo-
tive Health","Preventive Medicine And
Promotive Health",1314727818.0,561830457.0,False,,"Preventive And Promo-
tive Health","Preventive Medicine And
Promotive Health"
kiambu,2021_22,2,Health Services,,,,False,,Health Services,
kiambu,2021_22,2,"Curative and preventive health
care services",,821636481.0,0.0,False,,"Curative and preventive health
care services",
kiambu,2021_22,2,"Curative and preventive health
care services",Health curative services,821636481.0,0.0,False,,"Curative and preventive health
care services",Health curative services
kiambu,2021_22,2,"Curative and preventive health
care services","Administration, Plan-
ning and Support Ser-
vices",4212282316.0,1905720350.0,False,,"Curative and preventive health
care services","Administration, Plan-
ning and Support Ser-
vices"
kiambu,2021_22,2,"Curative and preventive health
care services","General Administration
and Support Services",4212282316.0,1905720350.0,False,,"Curative and preventive health
care services","General Administration
and Support Services"
kiambu,2021_22,2,Preventive Health Services,,46333390.0,1467251.0,False,,Preventive Health Services,
kiambu,2021_22,2,Preventive Health Services,"Community Health Ser-
vices",46333390.0,1467251.0,False,,Preventive Health Services,"Community Health Ser-
vices"
kiambu,2021_22,2,"Curative and Rehabilitative Health
Services",,535824221.0,254154694.0,False,,"Curative and Rehabilitative Health
Services",
kiambu,2021_22,2,"Curative and Rehabilitative Health
Services","County Hospital Infra-
structure",535824221.0,254154694.0,False,,"Curative and Rehabilitative Health
Services","County Hospital Infra-
structure"
kilifi,2021_22,2,Health,"Rehabilitative Services(Mental Health,
Orthopaedic, Physio and Occupational
therapy)",360000.0,,False,,Health,"Rehabilitative Services(Mental Health,
Orthopaedic, Physio and Occupational
therapy)"
kilifi,2021_22,2,Health,"General & specialised medical & surgical
services",50583270.0,,False,,Health,"General & specialised medical & surgical
services"
kilifi,2021_22,2,Health,Diagnostic services,500583270.0,273563535.0,False,,Health,Diagnostic services
kilifi,2021_22,2,Health,Capacity Building & Training,9000000.0,,False,,Health,Capacity Building & Training
kilifi,2021_22,2,Health,Health Policy & Financing,3163393.0,,False,,Health,Health Policy & Financing
kilifi,2021_22,2,Health,Administration for Health,1416236289.0,228867796.0,False,,Health,Administration for Health
kilifi,2021_22,2,Health,Immunization,1200000.0,,False,,Health,Immunization
kilifi,2021_22,2,Public Health,Communicable Disease Control,109629238.0,20862953.0,False,,Public Health,Communicable Disease Control
kirinyaga,2021_22,2,"Curative and Rehabilitative
Services","040301 Curative and Rehabilitative Ser-
vices",2921022278.0,1273586953.35,False,,"Curative and Rehabilitative
Services","040301 Curative and Rehabilitative Ser-
vices"
kisii,2021_22,2,County Health Services,,,1740819142.0,False,,County Health Services,
kisii,2021_22,2,County Health Services,,,2045460.0,False,,County Health Services,
kisii,2021_22,2,County Health Services,,,1742864602.0,False,,County Health Services,
kisumu,2021_22,2,703005060.0,Medical Services and Public Health,4018172321.0,2599713201.0,False,,703005060.0,Medical Services and Public Health
kisumu,2021_22,2,407005060.0,and Referral Hospital,,,False,,407005060.0,and Referral Hospital
kisumu,2021_22,2,405005060.0,Health Sector support Program,160792947.0,47453779.0,False,,405005060.0,Health Sector support Program
kisumu,2021_22,2,408005060.0,Kisumu County Referral Hospital,60000000.0,47895155.0,False,,408005060.0,Kisumu County Referral Hospital
kisumu,2021_22,2,402005060.0,Health Curative Services,141315014.0,29720989.0,False,,402005060.0,Health Curative Services
kisumu,2021_22,2,401005060.0,Preventive & Promotive Health,156450000.0,44000000.0,False,,401005060.0,Preventive & Promotive Health
kisumu,2021_22,2,409005060.0,Medical and Bio-Medical Services,303800000.0,87104843.0,False,,409005060.0,Medical and Bio-Medical Services
kisumu,2021_22,2,401005060.0,Preventive & Promotive Health,100000000.0,,False,,401005060.0,Preventive & Promotive Health
kisumu,2021_22,2,401005060.0,Preventive & Promotive Health,93229322.0,46614546.0,False,,401005060.0,Preventive & Promotive Health
kitui,2021_22,2,Health and Sanitation,,,,False,,Health and Sanitation,
kitui,2021_22,2,Health Promotion and Disease Control,,3677301.0,697350.0,False,,Health Promotion and Disease Control,
kitui,2021_22,2,Medical Services,,2856757385.0,1352694219.0,False,,Medical Services,
kitui,2021_22,2,Medical Services,,28800000.0,9337706.0,False,,Medical Services,
kitui,2021_22,2,Medical Services,,133042972.0,66148079.0,False,,Medical Services,
kitui,2021_22,2,Medical Services,,0.0,,False,,Medical Services,
kitui,2021_22,2,Medical Services,,61129233.0,16998510.0,False,,Medical Services,
kitui,2021_22,2,Public Health,,17125686.0,9237648.0,False,,Public Health,
kitui,2021_22,2,Public Health,,1700000.0,797600.0,False,,Public Health,
kitui,2021_22,2,Public Health,,2150000.0,974316.0,False,,Public Health,
kitui,2021_22,2,Rural Health Services,,322746480.0,287946124.0,False,,Rural Health Services,
kitui,2021_22,2,Rural Health Services,,13901500.0,3307001.0,False,,Rural Health Services,
kitui,2021_22,2,Rural Health Services,,2562793.0,781396.0,False,,Rural Health Services,
laikipia,2021_22,2,County Health Services,,,,False,,County Health Services,
laikipia,2021_22,2,"Curative & Rehabilitative
Health","Health Infrastructure Devel-
opment",24000000.0,1771978.0,False,,"Curative & Rehabilitative
Health","Health Infrastructure Devel-
opment"
laikipia,2021_22,2,"Curative & Rehabilitative
Health","Health Products & Technolo-
gies Support",236736402.0,61549028.0,False,,"Curative & Rehabilitative
Health","Health Products & Technolo-
gies Support"
laikipia,2021_22,2,"Curative & Rehabilitative
Health","Emergency Referral & Reha-
bilitative Service",99548177.0,40868021.0,False,,"Curative & Rehabilitative
Health","Emergency Referral & Reha-
bilitative Service"
laikipia,2021_22,2,"General Administration &
Planning Services","Essential Health Institutions
& Services",126629882.0,51522839.0,False,,"General Administration &
Planning Services","Essential Health Institutions
& Services"
laikipia,2021_22,2,"General Administration &
Planning Services","Health Policy, Governance,
Planning & Financing",9500000.0,4531242.0,False,,"General Administration &
Planning Services","Health Policy, Governance,
Planning & Financing"
laikipia,2021_22,2,"General Administration &
Planning Services","Health Information Stan-
dards & Quality Assurance",1500000.0,,False,,"General Administration &
Planning Services","Health Information Stan-
dards & Quality Assurance"
laikipia,2021_22,2,"General Administration &
Planning Services","Community Health Strategy,
Advocacy & Surveillance",11056500.0,932400.0,False,,"General Administration &
Planning Services","Community Health Strategy,
Advocacy & Surveillance"
laikipia,2021_22,2,Preventive Health Services,"Family Planning, Maternal &
Child Health Services",4300000.0,837700.0,False,,Preventive Health Services,"Family Planning, Maternal &
Child Health Services"
laikipia,2021_22,2,Preventive Health Services,"Non-Communicable Diseases
Control & Prevention",1800000.0,900000.0,False,,Preventive Health Services,"Non-Communicable Diseases
Control & Prevention"
laikipia,2021_22,2,Preventive Health Services,"Public Health Promotion &
Nutrition Services",7300000.0,4467694.0,False,,Preventive Health Services,"Public Health Promotion &
Nutrition Services"
laikipia,2021_22,2,Preventive Health Services,"Social Health Insurance
scheme",63000000.0,20522120.0,False,,Preventive Health Services,"Social Health Insurance
scheme"
laikipia,2021_22,2,Preventive Health Services,,,,False,,Preventive Health Services,
laikipia,2021_22,2,Veterinary Services,"Animal Health and Disease
Management",4200000.0,537200.0,False,,Veterinary Services,"Animal Health and Disease
Management"
lamu,2021_22,2,Medical Services,"P1 Administration, planning &
support Services",823527182.0,324722582.0,False,,Medical Services,"P1 Administration, planning &
support Services"
lamu,2021_22,2,Medical Services,"P2. Curative & Rehabilitative
Health",118188376.0,42397347.0,False,,Medical Services,"P2. Curative & Rehabilitative
Health"
lamu,2021_22,2,Medical Services,"P3. Preventive & Promotive
Health",173486163.0,7716549.0,False,,Medical Services,"P3. Preventive & Promotive
Health"
lamu,2021_22,2,Medical Services,P 4: Development,284002144.0,906521.0,False,,Medical Services,P 4: Development
lamu,2021_22,2,"Public Health Envi-
ronment & Sanitation",P 1: Headquarters,60704412.0,24190182.0,False,,"Public Health Envi-
ronment & Sanitation",P 1: Headquarters
lamu,2021_22,2,"Public Health Envi-
ronment & Sanitation","P 2: Public Health and Sani-
tation",5010000.0,364250.0,False,,"Public Health Envi-
ronment & Sanitation","P 2: Public Health and Sani-
tation"
lamu,2021_22,2,"Public Health Envi-
ronment & Sanitation",P3: Development,30783571.0,,False,,"Public Health Envi-
ronment & Sanitation",P3: Development
machakos,2021_22,2,Sub-programme 5,Hospitality Services Section,14580000.0,5860959.0,False,,Sub-programme 5,Hospitality Services Section
machakos,2021_22,2,HEALTH AND EMERGENCY SERVICES,,,,False,,HEALTH AND EMERGENCY SERVICES,
machakos,2021_22,2,"Sub-programme
13","Public Health and Community
Outreach",230761382.0,47341884.0,False,,"Sub-programme
13","Public Health and Community
Outreach"
marsabit,2021_22,2,"1: General Administra-
tion Support Services","SP 1.2 Hospitality, Catering
services, donations and gifts,
boards, committees, conference
and seminars",51400000.0,,False,,"1: General Administra-
tion Support Services","SP 1.2 Hospitality, Catering
services, donations and gifts,
boards, committees, conference
and seminars"
marsabit,2021_22,2,"Programme 3: County
Assembly Infrastruc-
ture Improvement","SP 3.20 Insurance cost for group
personal, building, motor vehicle
and medical cover",28937645.0,81381.0,False,,"Programme 3: County
Assembly Infrastruc-
ture Improvement","SP 3.20 Insurance cost for group
personal, building, motor vehicle
and medical cover"
marsabit,2021_22,2,Health Services,Curative Health Services,180815000.0,57097131.0,False,,Health Services,Curative Health Services
marsabit,2021_22,2,Health Services,"General Administration, Plan-
ning and Support Services",1655019330.0,737996440.0,False,,Health Services,"General Administration, Plan-
ning and Support Services"
marsabit,2021_22,2,Health Services,Maternal and child health,10000000.0,4991012.0,False,,Health Services,Maternal and child health
meru,2021_22,2,"DEPARTMENT:
HEALTH SERVICES",,,,False,,"DEPARTMENT:
HEALTH SERVICES",
meru,2021_22,2,Curative Health,Curative Health,742705226.7,90892429.3,False,,Curative Health,Curative Health
meru,2021_22,2,"Preventive and Promotive
Health","Preventive and Promotive
Health",205175614.36,9817004.0,False,,"Preventive and Promotive
Health","Preventive and Promotive
Health"
migori,2021_22,2,Veterinary services,"Veterinary Public Health man-
agement",1186000.0,,False,,Veterinary services,"Veterinary Public Health man-
agement"
migori,2021_22,2,Veterinary services,"Veterinary Public Health man-
agement",4000000.0,,False,,Veterinary services,"Veterinary Public Health man-
agement"
migori,2021_22,2,Health-Medical services,,,,False,,Health-Medical services,
migori,2021_22,2,General administration,"Infrastructure and Health facility
management",134790610.0,,False,,General administration,"Infrastructure and Health facility
management"
migori,2021_22,2,General administration,"Health standards, quality assur-
ance and standards",2592000.0,,False,,General administration,"Health standards, quality assur-
ance and standards"
migori,2021_22,2,Maternal Health Services,Maternal Health Services,2900000.0,,False,,Maternal Health Services,Maternal Health Services
migori,2021_22,2,"Preventive, promotive
Health services and Dis-
ease Control",Human Nutrition and Dietetics,2200000.0,,False,,"Preventive, promotive
Health services and Dis-
ease Control",Human Nutrition and Dietetics
migori,2021_22,2,"Preventive, promotive
Health services and Dis-
ease Control",Malaria,1390000.0,,False,,"Preventive, promotive
Health services and Dis-
ease Control",Malaria
migori,2021_22,2,"Preventive, promotive
Health services and Dis-
ease Control","Disease surveillance /Emergency
preparedness& response",6276000.0,,False,,"Preventive, promotive
Health services and Dis-
ease Control","Disease surveillance /Emergency
preparedness& response"
migori,2021_22,2,"Preventive, promotive
Health services and Dis-
ease Control",Health promotion & education,5300000.0,,False,,"Preventive, promotive
Health services and Dis-
ease Control",Health promotion & education
migori,2021_22,2,"Preventive, promotive
Health services and Dis-
ease Control","Non-Communicable Diseases,
Violence and Injuries",3040000.0,,False,,"Preventive, promotive
Health services and Dis-
ease Control","Non-Communicable Diseases,
Violence and Injuries"
migori,2021_22,2,Health - Public health,,,,False,,Health - Public health,
migori,2021_22,2,"Preventive and promotive
health services",Community health services,70960000.0,,False,,"Preventive and promotive
health services",Community health services
migori,2021_22,2,"Curative, rehabilitative
and referral services","Pharmaceutical and non-phar-
maceutical commodities",115840164.0,,False,,"Curative, rehabilitative
and referral services","Pharmaceutical and non-phar-
maceutical commodities"
mombasa,2021_22,2,"3017 Health Ser-
vices",Administration Unit,2833061316.0,1317177866.0,False,,"3017 Health Ser-
vices",Administration Unit
mombasa,2021_22,2,"3017 Health Ser-
vices","Curative/Clinical
Health Services",158249239.0,2500000.0,False,,"3017 Health Ser-
vices","Curative/Clinical
Health Services"
mombasa,2021_22,2,"3017 Health Ser-
vices","Preventive and Pro-
motive Services Unit",582354159.0,,False,,"3017 Health Ser-
vices","Preventive and Pro-
motive Services Unit"
mombasa,2021_22,2,"3017 Health Ser-
vices",Special Programmes,68123140.0,,False,,"3017 Health Ser-
vices",Special Programmes
nairobi,2021_22,2,"0404005310 Gen-
eral administra-
tion, planning and
support services","0404015310 Sp4.1 Adminis-
tration/Human Resource for
Health",69518949.66,29614171.0,False,,"0404005310 Gen-
eral administra-
tion, planning and
support services","0404015310 Sp4.1 Adminis-
tration/Human Resource for
Health"
nairobi,2021_22,2,"0116005310 P.10:
Animal Health,
Safety and Quality
Assurance","0116015310 sp 10.1 Animal
Research, Diseases, Pest Con-
trol & Quality Assurance",38310000.0,237800.0,False,,"0116005310 P.10:
Animal Health,
Safety and Quality
Assurance","0116015310 sp 10.1 Animal
Research, Diseases, Pest Con-
trol & Quality Assurance"
nakuru,2021_22,2,Programme 1: Administration and Planning,"SP 1.1: Health In-
formation System",111970436.0,,False,,Programme 1: Administration and Planning,"SP 1.1: Health In-
formation System"
nakuru,2021_22,2,Programme 1: Administration and Planning,"SP 1.5: Health
Infrastructure and
Development",,152040.0,False,,Programme 1: Administration and Planning,"SP 1.5: Health
Infrastructure and
Development"
nakuru,2021_22,2,Programme 2: Health Preventive and Promotive Services,,,,False,,Programme 2: Health Preventive and Promotive Services,
nakuru,2021_22,2,Programme 2: Health Preventive and Promotive Services,"SP 2:1: Primary
Health Care",,55308833.0,False,,Programme 2: Health Preventive and Promotive Services,"SP 2:1: Primary
Health Care"
nakuru,2021_22,2,Programme 2: Health Preventive and Promotive Services,"SP 2.2: Environ-
mental Health and
Sanitation",,,False,,Programme 2: Health Preventive and Promotive Services,"SP 2.2: Environ-
mental Health and
Sanitation"
nakuru,2021_22,2,Programme 2: Health Preventive and Promotive Services,"SP 2:3: Human
Resource",,,False,,Programme 2: Health Preventive and Promotive Services,"SP 2:3: Human
Resource"
nakuru,2021_22,2,Programme 2: Health Preventive and Promotive Services,"SP 2.4: Disease Sur-
veillance and Emer-
gency Response",,,False,,Programme 2: Health Preventive and Promotive Services,"SP 2.4: Disease Sur-
veillance and Emer-
gency Response"
nakuru,2021_22,2,Programme 2: Health Preventive and Promotive Services,"SP 2.5: Health
Promotive",,,False,,Programme 2: Health Preventive and Promotive Services,"SP 2.5: Health
Promotive"
nakuru,2021_22,2,Programme 2: Health Preventive and Promotive Services,"SP 2:6: HIV Pro-
gramme",,,False,,Programme 2: Health Preventive and Promotive Services,"SP 2:6: HIV Pro-
gramme"
nakuru,2021_22,2,Programme 2: Health Preventive and Promotive Services,SP 2:7: Nutrition,,,False,,Programme 2: Health Preventive and Promotive Services,SP 2:7: Nutrition
nakuru,2021_22,2,Programme 2: Health Preventive and Promotive Services,"SP 2:8 Reproduc-
tive Health",,,False,,Programme 2: Health Preventive and Promotive Services,"SP 2:8 Reproduc-
tive Health"
nakuru,2021_22,2,Programme 2: Health Preventive and Promotive Services,"SP 2:9 Immuniza-
tion",,,False,,Programme 2: Health Preventive and Promotive Services,"SP 2:9 Immuniza-
tion"
nakuru,2021_22,2,Programme 3: Health Curative and Rehabilitative Services,,,,False,,Programme 3: Health Curative and Rehabilitative Services,
nakuru,2021_22,2,Programme 3: Health Curative and Rehabilitative Services,"SP 3:1: Provision
of Essential Health
Services in all levels",,470817617.0,False,,Programme 3: Health Curative and Rehabilitative Services,"SP 3:1: Provision
of Essential Health
Services in all levels"
nakuru,2021_22,2,Programme 3: Health Curative and Rehabilitative Services,"SP 3.2: Elimination
of communicable
and non-communi-
cable diseases",,,False,,Programme 3: Health Curative and Rehabilitative Services,"SP 3.2: Elimination
of communicable
and non-communi-
cable diseases"
nakuru,2021_22,2,Programme 3: Health Curative and Rehabilitative Services,"SP 3:3: Human
Resource",,132739681.0,False,,Programme 3: Health Curative and Rehabilitative Services,"SP 3:3: Human
Resource"
nandi,2021_22,2,Health and Sanitation,,,,False,,Health and Sanitation,
nandi,2021_22,2,"Public Health and
Sanitation","Health Service Delivery Ad-
ministration Services",2693677874.0,1426546071.0,False,,"Public Health and
Sanitation","Health Service Delivery Ad-
ministration Services"
nandi,2021_22,2,"Curative Health
Services",Physical Planning,602446273.0,94209964.0,False,,"Curative Health
Services",Physical Planning
narok,2021_22,2,401000000,"Preventive & Promotive
Health Services",,,False,,401000000,"Preventive & Promotive
Health Services"
narok,2021_22,2,401000000,Health Promotion,,,False,,401000000,Health Promotion
narok,2021_22,2,401004610,"Preventive &Promotive
Health Services",1589000000.0,425000000.0,False,,401004610,"Preventive &Promotive
Health Services"
narok,2021_22,2,401004610,Health Promotion,1589000000.0,425000000.0,False,,401004610,Health Promotion
narok,2021_22,2,402004610,Curative Health Services,331034233.0,7984050.0,False,,402004610,Curative Health Services
narok,2021_22,2,403004610,"Health Policy, Planning
and Financing",2313922140.0,486260560.0,False,,403004610,"Health Policy, Planning
and Financing"
narok,2021_22,2,404000000,"Health Policy, Planning &
Financing",,,False,,404000000,"Health Policy, Planning &
Financing"
nyamira,2021_22,2,Curative health services,,,,False,,Curative health services,
nyamira,2021_22,2,Curative health services,,1544847735.0,,False,,Curative health services,
nyamira,2021_22,2,Curative health services,,,,False,,Curative health services,
nyamira,2021_22,2,Curative health services,,,,False,,Curative health services,
nyamira,2021_22,2,Curative health services,,,,False,,Curative health services,
nyandarua,2021_22,2,Human Resource Management,"Human Resource Manage-
ment (Including employee
gratuity, pension and medical
insurance)",154520000.0,20534017.0,False,,Human Resource Management,"Human Resource Manage-
ment (Including employee
gratuity, pension and medical
insurance)"
nyandarua,2021_22,2,"Preventive and Promotive
Services","Preventive and Promotive
Services",6271274.0,3172780.0,False,,"Preventive and Promotive
Services","Preventive and Promotive
Services"
nyandarua,2021_22,2,Curative Services,Curative Services,218199497.0,79917560.0,False,,Curative Services,Curative Services
nyandarua,2021_22,2,Curative Services,"universal health care and
grants",309636578.0,34485564.0,False,,Curative Services,"universal health care and
grants"
nyeri,2021_22,2,Health Services,,126706488.0,48040312.0,False,,Health Services,
nyeri,2021_22,2,Health Services,,2969826082.0,1212165363.0,False,,Health Services,
samburu,2021_22,2,"Department Medical Services, Public Health & Sanitation",,,,False,,"Department Medical Services, Public Health & Sanitation",
samburu,2021_22,2,"0401004210
P1 Preventive
and Promotive
Health Services","0401044210 SP2 Environmental & Health
promotion",105699435.0,42506747.0,False,,"0401004210
P1 Preventive
and Promotive
Health Services","0401044210 SP2 Environmental & Health
promotion"
samburu,2021_22,2,"0401004210
P1 Preventive
and Promotive
Health Services",0402014210 SP1 Nutrition,15014900.0,5129745.0,False,,"0401004210
P1 Preventive
and Promotive
Health Services",0402014210 SP1 Nutrition
samburu,2021_22,2,"0401004210
P1 Preventive
and Promotive
Health Services","0401054210 SP3 Communicable Disease
Control",94936472.0,40543427.0,False,,"0401004210
P1 Preventive
and Promotive
Health Services","0401054210 SP3 Communicable Disease
Control"
samburu,2021_22,2,"0401004210
P1 Preventive
and Promotive
Health Services","0401064210 SP4 Non-communicable Dis-
ease Prevention & Control",37972158.0,10611526.0,False,,"0401004210
P1 Preventive
and Promotive
Health Services","0401064210 SP4 Non-communicable Dis-
ease Prevention & Control"
samburu,2021_22,2,"0401004210
P1 Preventive
and Promotive
Health Services","0401074210 SP5 Reproductive, Maternal,
Neonatal, child and Adolescent Health",59730924.0,15667534.0,False,,"0401004210
P1 Preventive
and Promotive
Health Services","0401074210 SP5 Reproductive, Maternal,
Neonatal, child and Adolescent Health"
samburu,2021_22,2,"0402004210
P2 Curative
Health","0402044210 SP1 County Hospital and
Referral Services",608243935.0,276231782.0,False,,"0402004210
P2 Curative
Health","0402044210 SP1 County Hospital and
Referral Services"
samburu,2021_22,2,"0402004210
P2 Curative
Health","0402054210 SP2 Free Primary Health
Services",330414139.0,49165062.0,False,,"0402004210
P2 Curative
Health","0402054210 SP2 Free Primary Health
Services"
samburu,2021_22,2,"0403004210
P3 General
Administra-
tion Planning
and Support
Services","0403014210 SP1 Health Infrastructure
Development",321551018.0,741098.0,False,,"0403004210
P3 General
Administra-
tion Planning
and Support
Services","0403014210 SP1 Health Infrastructure
Development"
samburu,2021_22,2,"0403004210
P3 General
Administra-
tion Planning
and Support
Services","0403054210 SP4 Health Policy, Planning &
Financing",31260403.0,5345000.0,False,,"0403004210
P3 General
Administra-
tion Planning
and Support
Services","0403054210 SP4 Health Policy, Planning &
Financing"
samburu,2021_22,2,"0403004210
P3 General
Administra-
tion Planning
and Support
Services","0403064210 SP5 Health Standards and
Quality Assurance Services",90987595.0,34313524.0,False,,"0403004210
P3 General
Administra-
tion Planning
and Support
Services","0403064210 SP5 Health Standards and
Quality Assurance Services"
siaya,2021_22,2,"Preventive & Promo-
tive Health Services","Communicable Disease
Control",1562411745.0,715190645.75,False,,"Preventive & Promo-
tive Health Services","Communicable Disease
Control"
siaya,2021_22,2,401020000,Health Promotion,297008538.0,59420251.95,False,,401020000,Health Promotion
siaya,2021_22,2,501070000,"School Health, Nutrition
and Meals",51052868.0,4004500.0,False,,501070000,"School Health, Nutrition
and Meals"
tana,2021_22,2,Medical Services,Curative and Rehabilitative,319624948.0,138879202.0,False,,Medical Services,Curative and Rehabilitative
tana,2021_22,2,Medical Services,Medical Supplies,72074948.0,73434017.0,False,,Medical Services,Medical Supplies
tana,2021_22,2,Medical Services,Medical Services,33950000.0,6065470.0,False,,Medical Services,Medical Services
tana,2021_22,2,Medical Services,Ambulance Services,61600000.0,54407625.0,False,,Medical Services,Ambulance Services
tana,2021_22,2,Medical Services,SP4 Curative Services,152000000.0,4972090.0,False,,Medical Services,SP4 Curative Services
tana,2021_22,2,Medical Services,Preventive and Promotive,11950000.0,7270466.0,False,,Medical Services,Preventive and Promotive
tana,2021_22,2,Medical Services,Preventive and Promotive,6900000.0,3079666.0,False,,Medical Services,Preventive and Promotive
tana,2021_22,2,Medical Services,"Licensing and Control of Undertak-
ing",2550000.0,2530150.0,False,,Medical Services,"Licensing and Control of Undertak-
ing"
tana,2021_22,2,Medical Services,Mobile Clinics,2500000.0,1660650.0,False,,Medical Services,Mobile Clinics
trans,2021_22,2,Health Corporate,,2447614453.0,884006839.0,False,,Health Corporate,
trans,2021_22,2,Preventive Health Services,,654517568.0,64340934.0,False,,Preventive Health Services,
turkana,2021_22,2,Health Facilities,,465121492.0,54675914.0,False,,Health Facilities,
turkana,2021_22,2,Support to Health Programmes,,58830831.0,24883235.0,False,,Support to Health Programmes,
turkana,2021_22,2,Reproductive health,,4954593.0,,False,,Reproductive health,
turkana,2021_22,2,Health promotion,,13776238.0,5950865.0,False,,Health promotion,
turkana,2021_22,2,Environmental health services,,1500000.0,,False,,Environmental health services,
turkana,2021_22,2,Community Health Services,,29000000.0,18051970.0,False,,Community Health Services,
turkana,2021_22,2,Community Health Services,,91420000.0,22500000.0,False,,Community Health Services,
turkana,2021_22,2,Rural Health Facility Support,,51618375.0,22500000.0,False,,Rural Health Facility Support,
turkana,2021_22,2,Sub county Health Facilities Support,,4000000.0,,False,,Sub county Health Facilities Support,
turkana,2021_22,2,Medical Supplies,,8170863.0,,False,,Medical Supplies,
turkana,2021_22,2,Medical Supplies,,221000000.0,5467340.0,False,,Medical Supplies,
turkana,2021_22,2,Medical Supplies,,218000000.0,5172500.0,False,,Medical Supplies,
turkana,2021_22,2,Health management,,3000000.0,294840.0,False,,Health management,
turkana,2021_22,2,Health management,,7000000.0,,False,,Health management,
turkana,2021_22,2,Health Information & Management,,2500000.0,,False,,Health Information & Management,
turkana,2021_22,2,Electronic Medical Records,,500000.0,,False,,Electronic Medical Records,
turkana,2021_22,2,Monitoring & Evaluation Health,,1500000.0,,False,,Monitoring & Evaluation Health,
vihiga,2021_22,2,"Administration,
Planning and Support
Service",Healthcare Financing,-3492799.0,0.0,False,,"Administration,
Planning and Support
Service",Healthcare Financing
vihiga,2021_22,2,"Promotive and Preven-
tive Healthcare Services",,-9727750.0,431200.0,False,,"Promotive and Preven-
tive Healthcare Services",
vihiga,2021_22,2,"Promotive and Preven-
tive Healthcare Services",Public Health Services,1500000.0,0.0,False,,"Promotive and Preven-
tive Healthcare Services",Public Health Services
vihiga,2021_22,2,"Promotive and Preven-
tive Healthcare Services","Community Health
Strategy",-18527750.0,0.0,False,,"Promotive and Preven-
tive Healthcare Services","Community Health
Strategy"
vihiga,2021_22,2,"Promotive and Preven-
tive Healthcare Services",Health Promotion,3000000.0,0.0,False,,"Promotive and Preven-
tive Healthcare Services",Health Promotion
vihiga,2021_22,2,"Promotive and Preven-
tive Healthcare Services",Reproductive Healthcare,3500000.0,431200.0,False,,"Promotive and Preven-
tive Healthcare Services",Reproductive Healthcare
vihiga,2021_22,2,"Promotive and Preven-
tive Healthcare Services","Disease Surveillance and
Emergency",800000.0,0.0,False,,"Promotive and Preven-
tive Healthcare Services","Disease Surveillance and
Emergency"
vihiga,2021_22,2,"Curative And Rehabili-
tative Health Services",,94150000.0,1246000.0,False,,"Curative And Rehabili-
tative Health Services",
vihiga,2021_22,2,"Curative And Rehabili-
tative Health Services",Medical services,93950000.0,1246000.0,False,,"Curative And Rehabili-
tative Health Services",Medical services
vihiga,2021_22,2,"Curative And Rehabili-
tative Health Services",County referral services,200000.0,0.0,False,,"Curative And Rehabili-
tative Health Services",County referral services
vihiga,2021_22,2,"Child and Maternal
Health Care",,57495226.0,0.0,False,,"Child and Maternal
Health Care",
vihiga,2021_22,2,"Child and Maternal
Health Care","Antenatal and Post Natal
healthcare",4000000.0,0.0,False,,"Child and Maternal
Health Care","Antenatal and Post Natal
healthcare"
vihiga,2021_22,2,"Child and Maternal
Health Care","Antenatal and Post Natal
Healthcare",571000.0,0.0,False,,"Child and Maternal
Health Care","Antenatal and Post Natal
Healthcare"
vihiga,2021_22,2,"Child and Maternal
Health Care","Newborn, Child and Ado-
lescent Health",1200000.0,0.0,False,,"Child and Maternal
Health Care","Newborn, Child and Ado-
lescent Health"
vihiga,2021_22,2,"Child and Maternal
Health Care",Nutrition Services,51724226.0,0.0,False,,"Child and Maternal
Health Care",Nutrition Services
wajir,2021_22,2,"Public Health, Medical
Service and Sanitation",,,,False,,"Public Health, Medical
Service and Sanitation",
wajir,2021_22,2,"Curative, Rehabilitative
and Referral Services",Curative,831812000.0,115393169.0,False,,"Curative, Rehabilitative
and Referral Services",Curative
wajir,2021_22,2,"Preventive and Promo-
tive Services",Preventive,151787000.0,124764247.0,False,,"Preventive and Promo-
tive Services",Preventive
wajir,2021_22,2,Health Research,Research,13256000.0,3971517.0,False,,Health Research,Research
wajir,2021_22,2,Family Health,Family Health,108119183.0,,False,,Family Health,Family Health
baringo,2021_22,3,"County Health Ser-
vices",,1080429081.0,431162066.0,False,,"County Health Ser-
vices",
baringo,2021_22,3,"County Health Ser-
vices",General Administration,536829113.0,397347215.0,False,,"County Health Ser-
vices",General Administration
baringo,2021_22,3,"County Health Ser-
vices","Preventive And Promotive Health
Services",390302096.0,28039371.0,False,,"County Health Ser-
vices","Preventive And Promotive Health
Services"
baringo,2021_22,3,"County Health Ser-
vices","Curative And Rehabilitative Ser-
vices",153297872.0,5775480.0,False,,"County Health Ser-
vices","Curative And Rehabilitative Ser-
vices"
baringo,2021_22,3,"County Health Ser-
vices",Health/Preventive Services,,,False,,"County Health Ser-
vices",Health/Preventive Services
baringo,2021_22,3,"Promotion Of Prima-
ry Health Care",,,,False,,"Promotion Of Prima-
ry Health Care",
baringo,2021_22,3,"Promotion Of Prima-
ry Health Care",General Administration,,,False,,"Promotion Of Prima-
ry Health Care",General Administration
bomet,2021_22,3,Curative Services,,207697381.0,106674624.0,False,,Curative Services,
bomet,2021_22,3,Health Care Financing,,192238000.0,136333000.0,False,,Health Care Financing,
bomet,2021_22,3,Health Infrastructure,,240407763.0,15609914.0,False,,Health Infrastructure,
bomet,2021_22,3,Human Resources for Health Services,,1252531842.0,838932675.0,False,,Human Resources for Health Services,
bomet,2021_22,3,Reproductive Health Services,,134794849.0,19333940.0,False,,Reproductive Health Services,
bomet,2021_22,3,Reproductive Health Services,,2009933665.0,1261460509.0,False,,Reproductive Health Services,
bungoma,2021_22,3,HEALTH & SANITATION,,,,False,,HEALTH & SANITATION,
bungoma,2021_22,3,"SP 1: Health Administra-
tion Planning and support
services","SP 1: Health Administra-
tion Planning and support
services",680964067.0,190607320.0,False,,"SP 1: Health Administra-
tion Planning and support
services","SP 1: Health Administra-
tion Planning and support
services"
bungoma,2021_22,3,SP3.Health Infrastructure,SP3.Health Infrastructure,97124894.0,16816323.0,False,,SP3.Health Infrastructure,SP3.Health Infrastructure
bungoma,2021_22,3,Programme 2: Preventive Promotive and Rehabilitative,,,,False,,Programme 2: Preventive Promotive and Rehabilitative,
bungoma,2021_22,3,"SP 2: Health Promotion
services","SP 2: Health Promotion
services",6000000.0,,False,,"SP 2: Health Promotion
services","SP 2: Health Promotion
services"
bungoma,2021_22,3,"SP 4: Community health
services","SP 4: Community health
services",78072000.0,,False,,"SP 4: Community health
services","SP 4: Community health
services"
bungoma,2021_22,3,Programme 3: Curative & health Services,,,,False,,Programme 3: Curative & health Services,
bungoma,2021_22,3,"SP 3: Routine Medical
Services","SP 3: Routine Medical
Services",424865820.0,,False,,"SP 3: Routine Medical
Services","SP 3: Routine Medical
Services"
bungoma,2021_22,3,"Programme 4: Health
Research","Programme 4: Health
Research",8200000.0,,False,,"Programme 4: Health
Research","Programme 4: Health
Research"
bungoma,2021_22,3,"Programme 5: Maternal and
Child Health","Programme 5: Maternal
and Child Health",54469787.0,,False,,"Programme 5: Maternal and
Child Health","Programme 5: Maternal
and Child Health"
busia,2021_22,3,"CP 9: Veterinary
Health Services","CSP 9.1: Veterinary Disease
control",11138104.0,1984500.0,False,,"CP 9: Veterinary
Health Services","CSP 9.1: Veterinary Disease
control"
busia,2021_22,3,"CP 9: Veterinary
Health Services",CSP 9.2:AI services,3500000.0,,False,,"CP 9: Veterinary
Health Services",CSP 9.2:AI services
busia,2021_22,3,"CP 9: Veterinary
Health Services","CSP 9.3 Meat inspection ser-
vices",3000000.0,,False,,"CP 9: Veterinary
Health Services","CSP 9.3 Meat inspection ser-
vices"
busia,2021_22,3,"CP 9: Veterinary
Health Services",CSP 9.4 Veterinary Extension,6000000.0,,False,,"CP 9: Veterinary
Health Services",CSP 9.4 Veterinary Extension
elgeyo,2021_22,3,Health and Sanitation,,,,False,,Health and Sanitation,
elgeyo,2021_22,3,Preventive and Promotive Health,,57284046.0,2440017.05,False,,Preventive and Promotive Health,
embu,2021_22,3,SP1.1: Primary Health Care,,1149888198.0,824813937.0,False,,SP1.1: Primary Health Care,
embu,2021_22,3,"SP2.1: Health Promotion &
Disease Control",,473285649.0,339487439.0,False,,"SP2.1: Health Promotion &
Disease Control",
embu,2021_22,3,SP1.1: Primary Health Care,,167360411.0,94727422.0,False,,SP1.1: Primary Health Care,
embu,2021_22,3,"SP2.1: Health Promotion &
Disease Control",,46894578.0,26542732.0,False,,"SP2.1: Health Promotion &
Disease Control",
garissa,2021_22,3,Health and Sanitation,,,,False,,Health and Sanitation,
garissa,2021_22,3,Preventive and Promotive,Preventive,497297872.0,96694707.0,False,,Preventive and Promotive,Preventive
garissa,2021_22,3,Curative,Curative,207997156.0,129200000.0,False,,Curative,Curative
homa,2021_22,3,"Livestock Development
Programme","Livestock Health and Disease
Management",9151000.0,,False,,"Livestock Development
Programme","Livestock Health and Disease
Management"
homa,2021_22,3,Department of Health Services,,,,False,,Department of Health Services,
homa,2021_22,3,"Preventive and promo-
tive health services",Community health services,63650000.0,6434379.0,False,,"Preventive and promo-
tive health services",Community health services
homa,2021_22,3,"Preventive and promo-
tive health services",Disease control services,47250000.0,,False,,"Preventive and promo-
tive health services",Disease control services
homa,2021_22,3,"Preventive and promo-
tive health services","Facility infrastructure improve-
ment services",117000000.0,58435899.0,False,,"Preventive and promo-
tive health services","Facility infrastructure improve-
ment services"
homa,2021_22,3,"Curative and rehabilita-
tive health services",Routine medical health services,224173731.0,91120278.0,False,,"Curative and rehabilita-
tive health services",Routine medical health services
homa,2021_22,3,"Curative and rehabilita-
tive health services","Medical emergency response ser-
vices",18000000.0,,False,,"Curative and rehabilita-
tive health services","Medical emergency response ser-
vices"
homa,2021_22,3,"Curative and rehabilita-
tive health services","Facility infrastructure improve-
ment services",283300000.0,129747097.0,False,,"Curative and rehabilita-
tive health services","Facility infrastructure improve-
ment services"
isiolo,2021_22,3,401003510.0,Health Preventive and Promotive Services,12060000.0,7413249.0,False,,401003510.0,Health Preventive and Promotive Services
isiolo,2021_22,3,401003510.0,Preventive and Promotive Health Services,,3750000.0,False,,401003510.0,Preventive and Promotive Health Services
isiolo,2021_22,3,402003510.0,Health Curative Services,1124423451.0,946253976.0,False,,402003510.0,Health Curative Services
isiolo,2021_22,3,402003510.0,"Provision of Essential Health products In all
The Level",13550000.0,366700.0,False,,402003510.0,"Provision of Essential Health products In all
The Level"
isiolo,2021_22,3,403003510.0,Curative and Rehabilitative Health Services,172440945.0,142867448.0,False,,403003510.0,Curative and Rehabilitative Health Services
isiolo,2021_22,3,401003510.0,Health Preventive and Promotive Services,136729585.0,88516423.0,False,,401003510.0,Health Preventive and Promotive Services
isiolo,2021_22,3,401003510.0,Preventive and Promotive Health Services,136729585.0,88516423.0,False,,401003510.0,Preventive and Promotive Health Services
kiambu,2021_22,3,Health Services,,,,False,,Health Services,
kiambu,2021_22,3,Health curative services,,606824220.0,344221008.0,False,,Health curative services,
kiambu,2021_22,3,Health curative services,Health curative services,606824220.0,344221008.0,False,,Health curative services,Health curative services
kiambu,2021_22,3,"Community Health
Services",,453407612.0,64641437.0,False,,"Community Health
Services",
kiambu,2021_22,3,"Community Health
Services",Community Health Services,453407612.0,64641437.0,False,,"Community Health
Services",Community Health Services
kiambu,2021_22,3,"County Hospital Infra-
structure",,449142334.0,70887071.0,False,,"County Hospital Infra-
structure",
kiambu,2021_22,3,"County Hospital Infra-
structure","County Hospital Infrastruc-
ture",449142334.0,70887071.0,False,,"County Hospital Infra-
structure","County Hospital Infrastruc-
ture"
kilifi,2021_22,3,Health,"Rehabilitative Services(Mental
Health, Orthopaedic,Physio and
Occupational therapy)",1150000.0,465400.0,False,,Health,"Rehabilitative Services(Mental
Health, Orthopaedic,Physio and
Occupational therapy)"
kilifi,2021_22,3,Health,"General & specialised medical &
surgical services",711497112.0,454632766.0,False,,Health,"General & specialised medical &
surgical services"
kilifi,2021_22,3,Health,Diagnostic services,33094124.0,23324552.0,False,,Health,Diagnostic services
kilifi,2021_22,3,Health,Health Policy & Financing,51600000.0,842520.0,False,,Health,Health Policy & Financing
kilifi,2021_22,3,Health,Administration for Health,1251409859.0,408004403.0,False,,Health,Administration for Health
kilifi,2021_22,3,Health,"Research, Standards & Quality As-
surance",200000.0,,False,,Health,"Research, Standards & Quality As-
surance"
kilifi,2021_22,3,Health,"Health Information Monitoring &
Evaluation",1800000.0,323800.0,False,,Health,"Health Information Monitoring &
Evaluation"
kilifi,2021_22,3,Health,Family planning services,600000.0,596444.0,False,,Health,Family planning services
kilifi,2021_22,3,Health,"Reproductive Maternal Neonatal
Child Adolescent Health",2700000.0,331440.0,False,,Health,"Reproductive Maternal Neonatal
Child Adolescent Health"
kilifi,2021_22,3,Health,Immunization,1000000.0,,False,,Health,Immunization
kilifi,2021_22,3,Public Health,Communicable Disease Control,215264431.0,30357900.0,False,,Public Health,Communicable Disease Control
kirinyaga,2021_22,3,"Curative and Rehabil-
itative Services","040301 Curative and Rehabilitative
Services",2921022278.0,1823389119.06,False,,"Curative and Rehabil-
itative Services","040301 Curative and Rehabilitative
Services"
kisii,2021_22,3,"County Health Ser-
vices",Medical services,3920271432.0,2230553870.0,False,,"County Health Ser-
vices",Medical services
kisii,2021_22,3,"County Health Ser-
vices",Public health,45060000.0,6278310.0,False,,"County Health Ser-
vices",Public health
kisumu,2021_22,3,703005060.0,"Medical Services and Public
Health",4018172321.0,2599713201.0,False,,703005060.0,"Medical Services and Public
Health"
kisumu,2021_22,3,407005060.0,"Jaramogi Oginga Odinga
Teaching
and Referral Hospital",296334964.0,96334964.0,False,,407005060.0,"Jaramogi Oginga Odinga
Teaching
and Referral Hospital"
kisumu,2021_22,3,405005060.0,"Health Sector support Pro-
gram
(DANIDA)",160792947.0,47453779.0,False,,405005060.0,"Health Sector support Pro-
gram
(DANIDA)"
kisumu,2021_22,3,408005060.0,"Kisumu County Referral
Hospital",60000000.0,47895155.0,False,,408005060.0,"Kisumu County Referral
Hospital"
kisumu,2021_22,3,402005060.0,Health Curative Services,141315014.0,29720989.0,False,,402005060.0,Health Curative Services
kisumu,2021_22,3,401005060.0,"Preventive & Promotive
Health
Services",156450000.0,44000000.0,False,,401005060.0,"Preventive & Promotive
Health
Services"
kisumu,2021_22,3,409005060.0,"Medical and Bio-Medical
Services",303800000.0,87104843.0,False,,409005060.0,"Medical and Bio-Medical
Services"
kisumu,2021_22,3,401005060.0,"Preventive & Promotive
Health
Services",100000000.0,,False,,401005060.0,"Preventive & Promotive
Health
Services"
kisumu,2021_22,3,401005060.0,"Preventive & Promotive
Health
Services",93229322.0,46614546.0,False,,401005060.0,"Preventive & Promotive
Health
Services"
kitui,2021_22,3,3716 Health and Sanitation,,,,False,,3716 Health and Sanitation,
kitui,2021_22,3,Medical Services Headquarters,,2670479175.0,2422491289.0,False,,Medical Services Headquarters,
kitui,2021_22,3,Medical Services Headquarters,,18800000.0,14759463.0,False,,Medical Services Headquarters,
kitui,2021_22,3,Medical Services Headquarters,,133042972.0,124900466.0,False,,Medical Services Headquarters,
kitui,2021_22,3,Public Health Headquarters,,16675686.0,11545754.0,False,,Public Health Headquarters,
kitui,2021_22,3,Public Health Headquarters,,1700000.0,814795.0,False,,Public Health Headquarters,
kitui,2021_22,3,Public Health Headquarters,,2150000.0,1721800.0,False,,Public Health Headquarters,
kitui,2021_22,3,Rural Health Services,,382746480.0,357952475.0,False,,Rural Health Services,
kitui,2021_22,3,Rural Health Services,,13901500.0,12196174.0,False,,Rural Health Services,
kitui,2021_22,3,Rural Health Services,,63184279.0,21897502.0,False,,Rural Health Services,
kwale,2021_22,3,HEALTH,,,,False,,HEALTH,
kwale,2021_22,3,Maternal new born and child health(0401023060),,222590076.0,41315297.0,False,,Maternal new born and child health(0401023060),
kwale,2021_22,3,Medical Health Drugs (0402043060),,201950000.0,183222879.0,False,,Medical Health Drugs (0402043060),
kwale,2021_22,3,Msambweni Hospital (0405013060),,44709989.0,21645999.0,False,,Msambweni Hospital (0405013060),
kwale,2021_22,3,Kinango Hospital(0406013060),,149620000.0,115184800.0,False,,Kinango Hospital(0406013060),
kwale,2021_22,3,Kwale Hospital(0407013060),,21260000.0,2565365.0,False,,Kwale Hospital(0407013060),
kwale,2021_22,3,Tiwi Rural Health Facility(0408013060),,53298554.0,33074478.0,False,,Tiwi Rural Health Facility(0408013060),
kwale,2021_22,3,Samburu Hospital(0409013060),,85535000.0,46888251.0,False,,Samburu Hospital(0409013060),
kwale,2021_22,3,Lungalunga Hospital(0410013060),,58429194.0,35262479.0,False,,Lungalunga Hospital(0410013060),
kwale,2021_22,3,Rural Health Facilities(0412013060),,298405331.0,2719918.0,False,,Rural Health Facilities(0412013060),
kwale,2021_22,3,Diani Health Centre(0413013060),,111110750.0,84284624.0,False,,Diani Health Centre(0413013060),
laikipia,2021_22,3,County Health Services,,,,False,,County Health Services,
laikipia,2021_22,3,"Curative & Rehabilitative
Health","Health Infrastructure Devel-
opment",24000000.0,4072963.0,False,,"Curative & Rehabilitative
Health","Health Infrastructure Devel-
opment"
laikipia,2021_22,3,"Curative & Rehabilitative
Health","Health Products & Technolo-
gies Support",236736402.0,165237979.0,False,,"Curative & Rehabilitative
Health","Health Products & Technolo-
gies Support"
laikipia,2021_22,3,"Curative & Rehabilitative
Health","Emergency Referral & Reha-
bilitative Service",99548177.0,57324896.0,False,,"Curative & Rehabilitative
Health","Emergency Referral & Reha-
bilitative Service"
laikipia,2021_22,3,"General Administration &
Planning Services","Essential Health Institutions
& Services",126629882.0,71180781.0,False,,"General Administration &
Planning Services","Essential Health Institutions
& Services"
laikipia,2021_22,3,"General Administration &
Planning Services","Health Policy, Governance,
Planning & Financing",9500000.0,6635180.0,False,,"General Administration &
Planning Services","Health Policy, Governance,
Planning & Financing"
laikipia,2021_22,3,"General Administration &
Planning Services","Health Information Stan-
dards & Quality Assurance",1500000.0,,False,,"General Administration &
Planning Services","Health Information Stan-
dards & Quality Assurance"
laikipia,2021_22,3,"General Administration &
Planning Services","Community Health Strategy,
Advocacy & Surveillance",11056500.0,1817800.0,False,,"General Administration &
Planning Services","Community Health Strategy,
Advocacy & Surveillance"
laikipia,2021_22,3,Preventive Health Services,"Family Planning , Maternal
& Child Health Services",4300000.0,1731700.0,False,,Preventive Health Services,"Family Planning , Maternal
& Child Health Services"
laikipia,2021_22,3,Preventive Health Services,"Non-Communicable Diseas-
es Control & Prevention",1800000.0,1400000.0,False,,Preventive Health Services,"Non-Communicable Diseas-
es Control & Prevention"
laikipia,2021_22,3,Preventive Health Services,"Public Health Promotion &
Nutrition Services",7300000.0,5683975.0,False,,Preventive Health Services,"Public Health Promotion &
Nutrition Services"
laikipia,2021_22,3,Preventive Health Services,"Social Health Insurance
scheme",63000000.0,49213792.0,False,,Preventive Health Services,"Social Health Insurance
scheme"
laikipia,2021_22,3,Preventive Health Services,,,,False,,Preventive Health Services,
laikipia,2021_22,3,Veterinary Services,"Animal Health and Disease
Management",4200000.0,3135660.0,False,,Veterinary Services,"Animal Health and Disease
Management"
lamu,2021_22,3,Medical Services,"P1 Administration, planning &
support Services",823527182.0,612947051.0,False,,Medical Services,"P1 Administration, planning &
support Services"
lamu,2021_22,3,Medical Services,"P2. Curative & Rehabilitative
Health",118188376.0,48380630.0,False,,Medical Services,"P2. Curative & Rehabilitative
Health"
lamu,2021_22,3,Medical Services,"P3. Preventive & Promotive Health
Dept",173486163.0,22145436.0,False,,Medical Services,"P3. Preventive & Promotive Health
Dept"
lamu,2021_22,3,Medical Services,P 4: Development,284002144.0,9054756.0,False,,Medical Services,P 4: Development
machakos,2021_22,3,"Sub-programme
5",Hospitality Services Section,17580000.0,8750641.0,False,,"Sub-programme
5",Hospitality Services Section
machakos,2021_22,3,HEALTH AND EMERGENCY SERVICES,,,,False,,HEALTH AND EMERGENCY SERVICES,
machakos,2021_22,3,"Sub-programme
13","Public Health and Communi-
ty Outreach",174046416.0,70302738.0,False,,"Sub-programme
13","Public Health and Communi-
ty Outreach"
makueni,2021_22,3,Health Services,,,,False,,Health Services,
makueni,2021_22,3,"Programme 2: Curative
health care services","SP2.1: Curative health care
services",768343805.0,387710823.0,False,,"Programme 2: Curative
health care services","SP2.1: Curative health care
services"
makueni,2021_22,3,"Programme 3: Preventive and
promotive health care ser-
vices","SP3.1: Preventive and pro-
motive health care services",356522428.0,94488460.0,False,,"Programme 3: Preventive and
promotive health care ser-
vices","SP3.1: Preventive and pro-
motive health care services"
marsabit,2021_22,3,"1: General Adminis-
tration Support Ser-
vices","SP 1.2 Hospitality, Catering services, do-
nations and gifts, boards, committees,
conferences and seminars",51400000.0,22443400.0,False,,"1: General Adminis-
tration Support Ser-
vices","SP 1.2 Hospitality, Catering services, do-
nations and gifts, boards, committees,
conferences and seminars"
marsabit,2021_22,3,"Programme 3: County
Assembly Infrastruc-
ture Improvement","SP 3.20 Insurance cost for group person-
nel, building, motor vehicle and medical
cover",28937645.0,23519306.0,False,,"Programme 3: County
Assembly Infrastruc-
ture Improvement","SP 3.20 Insurance cost for group person-
nel, building, motor vehicle and medical
cover"
marsabit,2021_22,3,Health Services,Curative Health Services,180815000.0,126703050.0,False,,Health Services,Curative Health Services
marsabit,2021_22,3,Health Services,"General Administration, Planning and
Support Services",1655019330.0,1399579427.0,False,,Health Services,"General Administration, Planning and
Support Services"
marsabit,2021_22,3,Health Services,Maternal and child health,10000000.0,10000000.0,False,,Health Services,Maternal and child health
meru,2021_22,3,"DEPARTMENT: HEALTH
SERVICES",,,,False,,"DEPARTMENT: HEALTH
SERVICES",
meru,2021_22,3,Curative Health,Curative Health,735705226.7,231238806.0,False,,Curative Health,Curative Health
meru,2021_22,3,"Preventive and Promotive
Health","Preventive and Promotive
Health",205175614.36,23434504.0,False,,"Preventive and Promotive
Health","Preventive and Promotive
Health"
migori,2021_22,3,Veterinary services,"Veterinary Public Health
management",1186000.0,0.0,False,,Veterinary services,"Veterinary Public Health
management"
migori,2021_22,3,Veterinary services,"Veterinary Public Health
management",4000000.0,0.0,False,,Veterinary services,"Veterinary Public Health
management"
migori,2021_22,3,Health-Medical services,,,,False,,Health-Medical services,
migori,2021_22,3,General administration,"Infrastructure and Health
facility management",134790610.0,14528000.0,False,,General administration,"Infrastructure and Health
facility management"
migori,2021_22,3,General administration,"Health standards, quality
assurance and standards",2592000.0,56000.0,False,,General administration,"Health standards, quality
assurance and standards"
migori,2021_22,3,Maternal Health Services,Maternal Health Services,2900000.0,0.0,False,,Maternal Health Services,Maternal Health Services
migori,2021_22,3,"Preventive, promotive
Health services and Disease
Control","Human Nutrition and Di-
etetics",2200000.0,0.0,False,,"Preventive, promotive
Health services and Disease
Control","Human Nutrition and Di-
etetics"
migori,2021_22,3,"Preventive, promotive
Health services and Disease
Control",Malaria,1390000.0,0.0,False,,"Preventive, promotive
Health services and Disease
Control",Malaria
migori,2021_22,3,"Preventive, promotive
Health services and Disease
Control","Disease surveillance /
Emergency preparedness&
response",6276000.0,0.0,False,,"Preventive, promotive
Health services and Disease
Control","Disease surveillance /
Emergency preparedness&
response"
migori,2021_22,3,"Preventive, promotive
Health services and Disease
Control","Health promotion & edu-
cation",5300000.0,0.0,False,,"Preventive, promotive
Health services and Disease
Control","Health promotion & edu-
cation"
migori,2021_22,3,"Preventive, promotive
Health services and Disease
Control","Non Communicable Dis-
eases, Violence and Injuries",3040000.0,0.0,False,,"Preventive, promotive
Health services and Disease
Control","Non Communicable Dis-
eases, Violence and Injuries"
migori,2021_22,3,Health - Public health,,,,False,,Health - Public health,
migori,2021_22,3,"Preventive and promotive
health services",Community health services,70960000.0,1584900.0,False,,"Preventive and promotive
health services",Community health services
migori,2021_22,3,"Curative, rehabilitative and
referral services","Pharmaceutical and
non-pharmaceutical com-
modities",115840164.0,0.0,False,,"Curative, rehabilitative and
referral services","Pharmaceutical and
non-pharmaceutical com-
modities"
mombasa,2021_22,3,"3017 Health Ser-
vices",Administration Unit,2900061316.0,2836067642.0,False,,"3017 Health Ser-
vices",Administration Unit
mombasa,2021_22,3,"3017 Health Ser-
vices","Curative/Clinical Health Ser-
vices",58249239.0,,False,,"3017 Health Ser-
vices","Curative/Clinical Health Ser-
vices"
mombasa,2021_22,3,"3017 Health Ser-
vices","Preventive and Promotive Ser-
vices Unit",222031161.0,127098217.0,False,,"3017 Health Ser-
vices","Preventive and Promotive Ser-
vices Unit"
mombasa,2021_22,3,"3017 Health Ser-
vices",Special Programs,48123140.0,,False,,"3017 Health Ser-
vices",Special Programs
nakuru,2021_22,3,Department of Health Services,,,,False,,Department of Health Services,
nakuru,2021_22,3,"Programme 1: Admin-
istration and Planning","SP 1.1: Health Information
System",111970436.0,1388176.0,False,,"Programme 1: Admin-
istration and Planning","SP 1.1: Health Information
System"
nakuru,2021_22,3,"Programme 1: Admin-
istration and Planning","SP 1.5: Health Infrastructure
and Development",29400000.0,152040.0,False,,"Programme 1: Admin-
istration and Planning","SP 1.5: Health Infrastructure
and Development"
nakuru,2021_22,3,"Programme 2: Health
Preventive and Promo-
tive Services",SP 2:1: Primary Health Care,477563074.0,89965339.0,False,,"Programme 2: Health
Preventive and Promo-
tive Services",SP 2:1: Primary Health Care
nakuru,2021_22,3,"Programme 2: Health
Preventive and Promo-
tive Services","SP 2.2: Environmental Health
and Sanitation",3150000.0,,False,,"Programme 2: Health
Preventive and Promo-
tive Services","SP 2.2: Environmental Health
and Sanitation"
nakuru,2021_22,3,"Programme 2: Health
Preventive and Promo-
tive Services",SP 2:3: Human Resource,1510739524.0,920216535.0,False,,"Programme 2: Health
Preventive and Promo-
tive Services",SP 2:3: Human Resource
nakuru,2021_22,3,"Programme 2: Health
Preventive and Promo-
tive Services","SP 2.4: Disease Surveillance
and Emergency Response",1997550.0,,False,,"Programme 2: Health
Preventive and Promo-
tive Services","SP 2.4: Disease Surveillance
and Emergency Response"
nakuru,2021_22,3,"Programme 2: Health
Preventive and Promo-
tive Services",SP 2.5: Health Promotive,1740000.0,,False,,"Programme 2: Health
Preventive and Promo-
tive Services",SP 2.5: Health Promotive
nakuru,2021_22,3,"Programme 2: Health
Preventive and Promo-
tive Services",SP 2:6: HIV Programme,2300000.0,2262700.0,False,,"Programme 2: Health
Preventive and Promo-
tive Services",SP 2:6: HIV Programme
nakuru,2021_22,3,"Programme 2: Health
Preventive and Promo-
tive Services",SP 2:7: Nutrition,20000000.0,,False,,"Programme 2: Health
Preventive and Promo-
tive Services",SP 2:7: Nutrition
nakuru,2021_22,3,"Programme 2: Health
Preventive and Promo-
tive Services",SP 2:8 Reproductive Health,1750000.0,,False,,"Programme 2: Health
Preventive and Promo-
tive Services",SP 2:8 Reproductive Health
nakuru,2021_22,3,"Programme 2: Health
Preventive and Promo-
tive Services",SP 2:9 Immunization,2500000.0,,False,,"Programme 2: Health
Preventive and Promo-
tive Services",SP 2:9 Immunization
nakuru,2021_22,3,"Programme 3: Health
Curative and Rehabili-
tative Services","SP 3:1: Provision of Essential
Health Services in all levels",2222537135.0,843505186.0,False,,"Programme 3: Health
Curative and Rehabili-
tative Services","SP 3:1: Provision of Essential
Health Services in all levels"
nakuru,2021_22,3,"Programme 3: Health
Curative and Rehabili-
tative Services","SP 3.2: Elimination of commu-
nicable and non-communica-
ble diseases",2200000.0,,False,,"Programme 3: Health
Curative and Rehabili-
tative Services","SP 3.2: Elimination of commu-
nicable and non-communica-
ble diseases"
nakuru,2021_22,3,"Programme 3: Health
Curative and Rehabili-
tative Services",SP 3:3: Human Resource,2573622163.0,1769008288.0,False,,"Programme 3: Health
Curative and Rehabili-
tative Services",SP 3:3: Human Resource
nandi,2021_22,3,Health and Sanitation,,,,False,,Health and Sanitation,
nandi,2021_22,3,Public Health and Sanitation,"Health Service Delivery Ad-
ministration Services",2863677844.0,2201375920.0,False,,Public Health and Sanitation,"Health Service Delivery Ad-
ministration Services"
nandi,2021_22,3,Curative Health Services,Physical Planning,539446273.0,141774485.0,False,,Curative Health Services,Physical Planning
nandi,2021_22,3,Curative Health Services,,,,False,,Curative Health Services,
narok,2021_22,3,Preventive &Promotive Health Services,,,,False,,Preventive &Promotive Health Services,
narok,2021_22,3,Health- Medical Services,,3886131922.0,2083987553.0,False,,Health- Medical Services,
narok,2021_22,3,Preventive &Promotive Health Services,,1935999068.0,567441586.0,False,,Preventive &Promotive Health Services,
narok,2021_22,3,Public Health,,347824451.0,118519199.0,False,,Public Health,
narok,2021_22,3,Curative Health Services,,347824451.0,118519199.0,False,,Curative Health Services,
nyamira,2021_22,3,Curative health services,,10355529.0,6484560.0,False,,Curative health services,
nyamira,2021_22,3,Curative health services,,1598855521.0,1144189005.0,False,,Curative health services,
nyamira,2021_22,3,Curative health services,,700271470.0,345566075.0,False,,Curative health services,
nyamira,2021_22,3,Curative health services,,700271470.0,345566075.0,False,,Curative health services,
nyamira,2021_22,3,Curative health services,,,,False,,Curative health services,
nyandarua,2021_22,3,"Human Resource Manage-
ment","Human Resource Management (In-
cluding employee gratuity, pension
and medical insurance)",154520000.0,28878822.0,False,,"Human Resource Manage-
ment","Human Resource Management (In-
cluding employee gratuity, pension
and medical insurance)"
nyandarua,2021_22,3,"Preventive and Promotive
Services",Preventive and Promotive Services,6271274.0,5314728.0,False,,"Preventive and Promotive
Services",Preventive and Promotive Services
nyandarua,2021_22,3,Curative Services,Curative Services,218199497.0,176410164.0,False,,Curative Services,Curative Services
nyandarua,2021_22,3,Curative Services,universal health care and grants,309636578.0,46864209.0,False,,Curative Services,universal health care and grants
samburu,2021_22,3,"Department of Medical Services, Public Health & Sanitation",,,,False,,"Department of Medical Services, Public Health & Sanitation",
samburu,2021_22,3,"0401004210 P1 Preventive and
Promotive Health Services","0401044210 SP2 En-
vironmental & Health
promotion",105699435.0,81809590.0,False,,"0401004210 P1 Preventive and
Promotive Health Services","0401044210 SP2 En-
vironmental & Health
promotion"
samburu,2021_22,3,"0401004210 P1 Preventive and
Promotive Health Services","0402014210 SP1 Nutri-
tion",15014900.0,5221345.0,False,,"0401004210 P1 Preventive and
Promotive Health Services","0402014210 SP1 Nutri-
tion"
samburu,2021_22,3,"0401004210 P1 Preventive and
Promotive Health Services","0401054210 SP3 Com-
municable Disease Con-
trol",94936472.0,59529917.0,False,,"0401004210 P1 Preventive and
Promotive Health Services","0401054210 SP3 Com-
municable Disease Con-
trol"
samburu,2021_22,3,"0401004210 P1 Preventive and
Promotive Health Services","0401064210 SP4
Non-communicable
Disease Prevention &
Control",37972158.0,16342139.0,False,,"0401004210 P1 Preventive and
Promotive Health Services","0401064210 SP4
Non-communicable
Disease Prevention &
Control"
samburu,2021_22,3,"0401004210 P1 Preventive and
Promotive Health Services","0401074210 SP5 Repro-
ductive, Maternal, Neo-
natal, child and Adoles-
cent Health",59730924.0,32514767.0,False,,"0401004210 P1 Preventive and
Promotive Health Services","0401074210 SP5 Repro-
ductive, Maternal, Neo-
natal, child and Adoles-
cent Health"
samburu,2021_22,3,0402004210 P2 Curative Health,"0402044210 SP1 Coun-
ty Hospital and Referral
Services",608243935.0,462494681.0,False,,0402004210 P2 Curative Health,"0402044210 SP1 Coun-
ty Hospital and Referral
Services"
samburu,2021_22,3,0402004210 P2 Curative Health,"0402054210 SP2 Free
Primary Health Services",330414139.0,97521127.0,False,,0402004210 P2 Curative Health,"0402054210 SP2 Free
Primary Health Services"
samburu,2021_22,3,"0403004210 P3 General Admin-
istration Planning and Support
Services","0403014210 SP1 Health
Infrastructure Develop-
ment",321551018.0,59195805.0,False,,"0403004210 P3 General Admin-
istration Planning and Support
Services","0403014210 SP1 Health
Infrastructure Develop-
ment"
samburu,2021_22,3,"0403004210 P3 General Admin-
istration Planning and Support
Services","0403054210 SP4 Health
Policy, Planning & Fi-
nancing",31260403.0,11200117.0,False,,"0403004210 P3 General Admin-
istration Planning and Support
Services","0403054210 SP4 Health
Policy, Planning & Fi-
nancing"
samburu,2021_22,3,"0403004210 P3 General Admin-
istration Planning and Support
Services","0403064210 SP5 Health
Standards and Quality
Assurance Services",90987595.0,69374267.0,False,,"0403004210 P3 General Admin-
istration Planning and Support
Services","0403064210 SP5 Health
Standards and Quality
Assurance Services"
siaya,2021_22,3,COUNTY HEALTH SERVICES,,,,False,,COUNTY HEALTH SERVICES,
siaya,2021_22,3,"Curative health Care
Services","Curative health
Care Services",297008538.0,93314736.95,False,,"Curative health Care
Services","Curative health
Care Services"
siaya,2021_22,3,"Preventive, Promo-
tive and Rehabilitative
Health Services","Preventive, Pro-
motive and Reha-
bilitative Health
Services",295562669.0,128856464.65,False,,"Preventive, Promo-
tive and Rehabilitative
Health Services","Preventive, Pro-
motive and Reha-
bilitative Health
Services"
siaya,2021_22,3,"Environmental Health
Services","Environmental
Health Services",50158116.0,6992265.0,False,,"Environmental Health
Services","Environmental
Health Services"
taita,2021_22,3,402003260.0,Health Development Programme,295368189.0,89463899.0,False,,402003260.0,Health Development Programme
taita,2021_22,3,402003260.0,Health Development Programme,295368189.0,89463899.0,False,,402003260.0,Health Development Programme
tana,2021_22,3,"Health & Medical
Services",Curative and Rehabilitative,403071235.0,247733262.0,False,,"Health & Medical
Services",Curative and Rehabilitative
tana,2021_22,3,"Health & Medical
Services",Medical Supplies,156599895.0,115990201.0,False,,"Health & Medical
Services",Medical Supplies
tana,2021_22,3,"Health & Medical
Services",Medical Services,46968340.0,34240061.0,False,,"Health & Medical
Services",Medical Services
tana,2021_22,3,"Health & Medical
Services",Ambulance Services,67503000.0,67503000.0,False,,"Health & Medical
Services",Ambulance Services
tana,2021_22,3,"Health & Medical
Services",SP4 Curative Services,132000000.0,30000000.0,False,,"Health & Medical
Services",SP4 Curative Services
tana,2021_22,3,"Health & Medical
Services",Preventive and Promotive,25173900.0,15211420.0,False,,"Health & Medical
Services",Preventive and Promotive
tana,2021_22,3,"Health & Medical
Services",Preventive and Promotive,14353500.0,7488766.0,False,,"Health & Medical
Services",Preventive and Promotive
tana,2021_22,3,"Health & Medical
Services",Licensing and Control of Undertaking,5820400.0,4460279.0,False,,"Health & Medical
Services",Licensing and Control of Undertaking
tana,2021_22,3,"Health & Medical
Services",Mobile Clinics,5000000.0,3262375.0,False,,"Health & Medical
Services",Mobile Clinics
tana,2021_22,3,"Health & Medical
Services","General Administration, Planning and
Support services",164805896.0,156163992.0,False,,"Health & Medical
Services","General Administration, Planning and
Support services"
tana,2021_22,3,"Health & Medical
Services","General operation, Planning and support
services",164805896.0,156163992.0,False,,"Health & Medical
Services","General operation, Planning and support
services"
tharaka,2021_22,3,SP: Medical Supplies,,207000000.0,99117784.0,False,,SP: Medical Supplies,
tharaka,2021_22,3,"SP: Health sector planning,
budgeting Monitoring and
Evaluation",,8496000.0,,False,,"SP: Health sector planning,
budgeting Monitoring and
Evaluation",
turkana,2021_22,3,Health Facilities,,542259106.0,85664630.0,False,,Health Facilities,
turkana,2021_22,3,Support to Health Programs,,211775789.0,57894690.0,False,,Support to Health Programs,
turkana,2021_22,3,Reproductive health,,4015393.0,,False,,Reproductive health,
turkana,2021_22,3,Health promotion,,163044066.0,31741900.0,False,,Health promotion,
turkana,2021_22,3,Environmental health services,,795600.0,,False,,Environmental health services,
turkana,2021_22,3,Community Health Services,,38000000.0,24912390.0,False,,Community Health Services,
turkana,2021_22,3,Community Health Services,,85824481.0,45000000.0,False,,Community Health Services,
turkana,2021_22,3,Rural Health Facility Support,,48510386.0,45000000.0,False,,Rural Health Facility Support,
turkana,2021_22,3,Subcounty Health Facilities Support,,6621600.0,,False,,Subcounty Health Facilities Support,
turkana,2021_22,3,Universal Health Care Turkana,,24624585.0,,False,,Universal Health Care Turkana,
turkana,2021_22,3,Universal Health Care Turkana,,44114.0,,False,,Universal Health Care Turkana,
turkana,2021_22,3,Rural Health Facility Support,,44114.0,,False,,Rural Health Facility Support,
turkana,2021_22,3,Rural Health Facility Support,,264591200.0,110630687.0,False,,Rural Health Facility Support,
turkana,2021_22,3,Medical Supplies,,263000000.0,110035907.0,False,,Medical Supplies,
turkana,2021_22,3,Health Mgt,,1591200.0,594780.0,False,,Health Mgt,
turkana,2021_22,3,Health Mgt,,3712800.0,,False,,Health Mgt,
turkana,2021_22,3,Health Information & Mgt,,1326000.0,,False,,Health Information & Mgt,
turkana,2021_22,3,Electronic Medical Records,,265200.0,,False,,Electronic Medical Records,
turkana,2021_22,3,Monitoring & Evaluation Health,,795600.0,,False,,Monitoring & Evaluation Health,
vihiga,2021_22,3,"Administration, Plan-
ning and Support Ser-
vice","Healthcare Financ-
ing",2500000.0,2283000.0,False,,"Administration, Plan-
ning and Support Ser-
vice","Healthcare Financ-
ing"
vihiga,2021_22,3,"Promotive and Pre-
ventive Healthcare
Services","Public Health Ser-
vices",19886125.0,2228620.0,False,,"Promotive and Pre-
ventive Healthcare
Services","Public Health Ser-
vices"
vihiga,2021_22,3,"Promotive and Pre-
ventive Healthcare
Services",,3500000.0,,False,,"Promotive and Pre-
ventive Healthcare
Services",
vihiga,2021_22,3,"Promotive and Pre-
ventive Healthcare
Services","Community Health
Strategy",9086125.0,639120.0,False,,"Promotive and Pre-
ventive Healthcare
Services","Community Health
Strategy"
vihiga,2021_22,3,"Promotive and Pre-
ventive Healthcare
Services",Health Promotion,3000000.0,983300.0,False,,"Promotive and Pre-
ventive Healthcare
Services",Health Promotion
vihiga,2021_22,3,"Promotive and Pre-
ventive Healthcare
Services","Reproductive
Healthcare",3500000.0,431200.0,False,,"Promotive and Pre-
ventive Healthcare
Services","Reproductive
Healthcare"
vihiga,2021_22,3,"Promotive and Pre-
ventive Healthcare
Services","Disease Surveillance
and Emergency",800000.0,175000.0,False,,"Promotive and Pre-
ventive Healthcare
Services","Disease Surveillance
and Emergency"
vihiga,2021_22,3,"Curative And Reha-
bilitative Health Ser-
vices",,100150000.0,60542479.0,False,,"Curative And Reha-
bilitative Health Ser-
vices",
vihiga,2021_22,3,"Curative And Reha-
bilitative Health Ser-
vices",Medical services,99950000.0,60542479.0,False,,"Curative And Reha-
bilitative Health Ser-
vices",Medical services
vihiga,2021_22,3,"Curative And Reha-
bilitative Health Ser-
vices","County referral ser-
vices",200000.0,,False,,"Curative And Reha-
bilitative Health Ser-
vices","County referral ser-
vices"
vihiga,2021_22,3,"Child and Maternal
Health Care",,50572613.0,9337505.0,False,,"Child and Maternal
Health Care",
vihiga,2021_22,3,"Child and Maternal
Health Care","Antenatal and Post
Natal healthcare",4000000.0,874300.0,False,,"Child and Maternal
Health Care","Antenatal and Post
Natal healthcare"
vihiga,2021_22,3,"Child and Maternal
Health Care","Antenatal and Post
Natal Healthcare",11010500.0,2621989.0,False,,"Child and Maternal
Health Care","Antenatal and Post
Natal Healthcare"
vihiga,2021_22,3,"Child and Maternal
Health Care","Newborne, Child
and Adolescent
Health",1200000.0,74750.0,False,,"Child and Maternal
Health Care","Newborne, Child
and Adolescent
Health"
vihiga,2021_22,3,"Child and Maternal
Health Care",Nutrition Services,34362113.0,5766466.0,False,,"Child and Maternal
Health Care",Nutrition Services
wajir,2021_22,3,Public Health,,,,False,,Public Health,
wajir,2021_22,3,"Preventive and pro-
motive services",,101787000.0,80731265.0,False,,"Preventive and pro-
motive services",
wajir,2021_22,3,"Preventive and pro-
motive services",,,924727.0,False,,"Preventive and pro-
motive services",
wajir,2021_22,3,"Preventive and pro-
motive services",,,,False,,"Preventive and pro-
motive services",
wajir,2021_22,3,"Preventive and pro-
motive services",,50000000.0,47852294.0,False,,"Preventive and pro-
motive services",
wajir,2021_22,3,"Preventive and pro-
motive services",,,,False,,"Preventive and pro-
motive services",
wajir,2021_22,3,Medical Services,,,,False,,Medical Services,
wajir,2021_22,3,Medical Services,,,,False,,Medical Services,
wajir,2021_22,3,Medical Services,,727448000.0,266046198.0,False,,Medical Services,
wajir,2021_22,3,"Kenya Medical
Training College",,,,False,,"Kenya Medical
Training College",
wajir,2021_22,3,"Kenya Medical
Training College",,,,False,,"Kenya Medical
Training College",
wajir,2021_22,3,Health Research,,,,False,,Health Research,
wajir,2021_22,3,Health Research,,13256000.0,10593337.0,False,,Health Research,
wajir,2021_22,3,"Health Shared Ser-
vices",,,,False,,"Health Shared Ser-
vices",
wajir,2021_22,3,"Health Shared Ser-
vices",,2005754734.0,1639121480.0,False,,"Health Shared Ser-
vices",
wajir,2021_22,3,"Health Shared Ser-
vices",,2500000.0,,False,,"Health Shared Ser-
vices",
west,2021_22,3,"HEALTH AND SANITA-
TION",,,,False,,"HEALTH AND SANITA-
TION",
west,2021_22,3,"HEALTH AND SANITA-
TION","SP 1(General Administra-
tion, planning and Support
Services",1742637777.0,1137637284.9,False,,"HEALTH AND SANITA-
TION","SP 1(General Administra-
tion, planning and Support
Services"
west,2021_22,3,"HEALTH AND SANITA-
TION","SP 2-(Preventive Health Ser-
vices)",96166000.0,64320952.0,False,,"HEALTH AND SANITA-
TION","SP 2-(Preventive Health Ser-
vices)"
west,2021_22,3,"HEALTH AND SANITA-
TION","SP 3-(Curative Health Ser-
vices)",301142701.0,80483409.65,False,,"HEALTH AND SANITA-
TION","SP 3-(Curative Health Ser-
vices)"
west,2021_22,3,"HEALTH AND SANITA-
TION","SP 4-(Kacheliba Sub county
hospital)",20040000.0,5665400.0,False,,"HEALTH AND SANITA-
TION","SP 4-(Kacheliba Sub county
hospital)"
west,2021_22,3,"HEALTH AND SANITA-
TION","SP 5-(Sigor Sub county hos-
pital)",15460000.0,1583385.0,False,,"HEALTH AND SANITA-
TION","SP 5-(Sigor Sub county hos-
pital)"
west,2021_22,3,"HEALTH AND SANITA-
TION","SP 6-(Chepareria Sub county
hospital)",16360000.0,1041380.0,False,,"HEALTH AND SANITA-
TION","SP 6-(Chepareria Sub county
hospital)"
west,2021_22,3,"HEALTH AND SANITA-
TION","SP 7(Facility Improvement
Fund)",76800000.0,52054148.0,False,,"HEALTH AND SANITA-
TION","SP 7(Facility Improvement
Fund)"
west,2021_22,3,"HEALTH AND SANITA-
TION",SP 8(Ward Specific),110014931.0,22820631.05,False,,"HEALTH AND SANITA-
TION",SP 8(Ward Specific)
bomet,2021_22,4,Human Resources for Health Services,,1252531842.0,1238911376.0,False,,Human Resources for Health Services,
bomet,2021_22,4,Curative Services,,229697381.0,167054895.0,False,,Curative Services,
bomet,2021_22,4,Health Care Financing,,227238000.0,213938050.0,False,,Health Care Financing,
bomet,2021_22,4,Health Infrastructure,,225407763.0,30392620.0,False,,Health Infrastructure,
bomet,2021_22,4,Reproductive Health Services,,134794849.0,87446496.0,False,,Reproductive Health Services,
bungoma,2021_22,4,HEALTH & SANITATION,,,,False,,HEALTH & SANITATION,
bungoma,2021_22,4,"SP 1: Health Admin-
istration Planning and
support services","SP 1: Health Administra-
tion Planning and support
services",680964067.0,,False,,"SP 1: Health Admin-
istration Planning and
support services","SP 1: Health Administra-
tion Planning and support
services"
bungoma,2021_22,4,"SP3.Health Infrastruc-
ture",SP3.Health Infrastructure,97124894.0,,False,,"SP3.Health Infrastruc-
ture",SP3.Health Infrastructure
bungoma,2021_22,4,"SP 2: Health Promo-
tion services","SP 2: Health Promotion
services",6000000.0,,False,,"SP 2: Health Promo-
tion services","SP 2: Health Promotion
services"
bungoma,2021_22,4,"SP 4: Community
health services","SP 4: Community health
services",78072000.0,,False,,"SP 4: Community
health services","SP 4: Community health
services"
bungoma,2021_22,4,"Programme 3:
Curative & Health
Services",,,,False,,"Programme 3:
Curative & Health
Services",
bungoma,2021_22,4,"SP 3: Routine Medical
Services","SP 3: Routine Medical
Services",424865820.0,,False,,"SP 3: Routine Medical
Services","SP 3: Routine Medical
Services"
bungoma,2021_22,4,"Programme 4: Health
Research",,8200000.0,,False,,"Programme 4: Health
Research",
bungoma,2021_22,4,"Programme 5: Mater-
nal and Child Health",,54469787.0,,False,,"Programme 5: Mater-
nal and Child Health",
busia,2021_22,4,"CP 9: Veterinary Health
Services","CSP 9.1: Veterinary
Disease Control",11138104.0,2965030.0,False,,"CP 9: Veterinary Health
Services","CSP 9.1: Veterinary
Disease Control"
busia,2021_22,4,"CP 9: Veterinary Health
Services",CSP 9.2:AI services,3500000.0,1162500.0,False,,"CP 9: Veterinary Health
Services",CSP 9.2:AI services
busia,2021_22,4,"CP 9: Veterinary Health
Services","CSP 9.3 Meat inspec-
tion services",3000000.0,,False,,"CP 9: Veterinary Health
Services","CSP 9.3 Meat inspec-
tion services"
busia,2021_22,4,"CP 9: Veterinary Health
Services","CSP 9.4 Veterinary
Extention",6000000.0,,False,,"CP 9: Veterinary Health
Services","CSP 9.4 Veterinary
Extention"
busia,2021_22,4,HEALTH,,,,False,,HEALTH,
busia,2021_22,4,"CP 55: Curative Health
Services","CSP 55.1: Infrastruc-
ture development",303680900.6,204065677.0,False,,"CP 55: Curative Health
Services","CSP 55.1: Infrastruc-
ture development"
busia,2021_22,4,"CP 55: Curative Health
Services","CSP 55.2: Hospital
equipment",46625360.0,19351209.8,False,,"CP 55: Curative Health
Services","CSP 55.2: Hospital
equipment"
busia,2021_22,4,"CP 56: Preventive and Pro-
motive Health services","CSP 56.1: Infrastruc-
ture development",105838637.0,49219847.0,False,,"CP 56: Preventive and Pro-
motive Health services","CSP 56.1: Infrastruc-
ture development"
busia,2021_22,4,"CP 56: Preventive and Pro-
motive Health services","CSP 56.2: Lower-level
hospital equipment",1345360.0,,False,,"CP 56: Preventive and Pro-
motive Health services","CSP 56.2: Lower-level
hospital equipment"
busia,2021_22,4,"CP 56: Preventive and Pro-
motive Health services","CSP 56.3:Preventive
Services",12000000.0,,False,,"CP 56: Preventive and Pro-
motive Health services","CSP 56.3:Preventive
Services"
busia,2021_22,4,"CP 56: Preventive and Pro-
motive Health services","CSP 56.4: Health pro-
motion unit",129133623.0,70269795.0,False,,"CP 56: Preventive and Pro-
motive Health services","CSP 56.4: Health pro-
motion unit"
elgeyo,2021_22,4,Health and Sanitation,,,,False,,Health and Sanitation,
elgeyo,2021_22,4,Preventive and Promotive Health,,57284046.0,31705699.25,False,,Preventive and Promotive Health,
elgeyo,2021_22,4,Preventive and Promotive Health,Community and Environmental Health,57284046.0,31705699.25,False,,Preventive and Promotive Health,Community and Environmental Health
embu,2021_22,4,HEALTH,,,,False,,HEALTH,
embu,2021_22,4,"P1: Curative Health
Services","SP1.1: Primary Health
Care",1173654053.0,995795118.0,False,,"P1: Curative Health
Services","SP1.1: Primary Health
Care"
embu,2021_22,4,"P2: Preventive and Promo-
tive Health Services","SP2.1: Health Promo-
tion & Disease Control",483067503.0,409862054.0,False,,"P2: Preventive and Promo-
tive Health Services","SP2.1: Health Promo-
tion & Disease Control"
embu,2021_22,4,EMBU LEVEL 5 HOSPITAL,,,,False,,EMBU LEVEL 5 HOSPITAL,
embu,2021_22,4,"P1: Curative Health
Services","SP1.1: Primary Health
Care",207978515.0,153226859.0,False,,"P1: Curative Health
Services","SP1.1: Primary Health
Care"
embu,2021_22,4,"P2: Preventive and Promo-
tive Health Services","SP2.1: Health Promo-
tion & Disease Control",58275818.0,42934341.0,False,,"P2: Preventive and Promo-
tive Health Services","SP2.1: Health Promo-
tion & Disease Control"
garissa,2021_22,4,"Health and Sani-
tation",,,,False,,"Health and Sani-
tation",
garissa,2021_22,4,"Preventive and
Promotive",Preventive,497297872.0,201034710.0,False,,"Preventive and
Promotive",Preventive
garissa,2021_22,4,Curative,Curative,207997156.0,154067000.0,False,,Curative,Curative
homa,2021_22,4,Department of Health Services,,,,False,,Department of Health Services,
homa,2021_22,4,"Preventive and promotive
health services","Community health
services",18000000.0,6434379.0,False,,"Preventive and promotive
health services","Community health
services"
homa,2021_22,4,"Preventive and promotive
health services","Disease control
services",67750000.0,35579159.0,False,,"Preventive and promotive
health services","Disease control
services"
homa,2021_22,4,"Preventive and promotive
health services","Facility infrastruc-
ture improvement
services",103276310.0,78435899.0,False,,"Preventive and promotive
health services","Facility infrastruc-
ture improvement
services"
homa,2021_22,4,"Curative and rehabilitative
health services","Routine medical
health services",228089518.0,91000000.0,False,,"Curative and rehabilitative
health services","Routine medical
health services"
homa,2021_22,4,"Curative and rehabilitative
health services","Medical emergency
response services",20000000.0,,False,,"Curative and rehabilitative
health services","Medical emergency
response services"
homa,2021_22,4,"Curative and rehabilitative
health services","Facility infrastruc-
ture improvement
services",247347872.0,237598750.0,False,,"Curative and rehabilitative
health services","Facility infrastruc-
ture improvement
services"
kajiado,2021_22,4,211014660.0,Environmental Management and Public Health,4850000.0,505123.0,False,,211014660.0,Environmental Management and Public Health
kajiado,2021_22,4,214014660.0,Environmental Management and Public Health,9000000.0,,False,,214014660.0,Environmental Management and Public Health
kajiado,2021_22,4,401024660.0,Curative Health Services,286873940.0,255625622.0,False,,401024660.0,Curative Health Services
kajiado,2021_22,4,403024660.0,Medical Services,286873940.0,255625622.0,False,,403024660.0,Medical Services
kajiado,2021_22,4,403024660.0,Curative and Rehabilitative,5507600.0,2731574.0,False,,403024660.0,Curative and Rehabilitative
kajiado,2021_22,4,404024660.0,Public Health and Sanitation,224783129.0,131040328.0,False,,404024660.0,Public Health and Sanitation
kajiado,2021_22,4,405014660.0,Preventive and Promotive,204196323.0,119931420.0,False,,405014660.0,Preventive and Promotive
kakamega,2021_22,4,401004810.0,Preventive and promotive services,84000000.0,50000000.0,False,,401004810.0,Preventive and promotive services
kakamega,2021_22,4,401004810.0,Maternal and child healthcare promotion,84000000.0,50000000.0,False,,401004810.0,Maternal and child healthcare promotion
kakamega,2021_22,4,402004810.0,Promotion of Curative health services,772724270.0,597059220.0,False,,402004810.0,Promotion of Curative health services
kakamega,2021_22,4,402004810.0,Health Infrastructure Development,653724270.0,509217770.0,False,,402004810.0,Health Infrastructure Development
kakamega,2021_22,4,402004810.0,Primary medical health services,98000000.0,84728750.0,False,,402004810.0,Primary medical health services
kericho,2021_22,4,"DEPARTMENT:
HEALTH SERVICES",,,,False,,"DEPARTMENT:
HEALTH SERVICES",
kericho,2021_22,4,Curative Health,Administration and Planning,1705104024.0,1517965366.0,False,,Curative Health,Administration and Planning
kericho,2021_22,4,Curative Health,Hospital(curative)Services,,,False,,Curative Health,Hospital(curative)Services
kericho,2021_22,4,"Preventive and Promotive
Health","Preventive Medicine and Pro-
motive Health",1337816607.0,1258315337.0,False,,"Preventive and Promotive
Health","Preventive Medicine and Pro-
motive Health"
kericho,2021_22,4,"Preventive and Promotive
Health",,3042920631.0,2776280703.0,False,,"Preventive and Promotive
Health",
kiambu,2021_22,4,Health Services,,,,False,,Health Services,
kiambu,2021_22,4,Health curative services,,606824220.0,209718718.0,False,,Health curative services,
kiambu,2021_22,4,Health curative services,Health Curative Services,606824220.0,209718718.0,False,,Health curative services,Health Curative Services
kiambu,2021_22,4,"Community Health Ser-
vices",,453407612.0,165728654.0,False,,"Community Health Ser-
vices",
kiambu,2021_22,4,"Community Health Ser-
vices","Community Health Ser-
vices",453407612.0,165728654.0,False,,"Community Health Ser-
vices","Community Health Ser-
vices"
kiambu,2021_22,4,"County Hospital Infra-
structure",,449142334.0,187469603.0,False,,"County Hospital Infra-
structure",
kiambu,2021_22,4,"County Hospital Infra-
structure","County Hospital Infra-
structure",449142334.0,187469603.0,False,,"County Hospital Infra-
structure","County Hospital Infra-
structure"
kirinyaga,2021_22,4,"Curative and Rehabilitative
Services","040301 Curative and Rehabil-
itative Services",2921022278.0,2451512581.23,False,,"Curative and Rehabilitative
Services","040301 Curative and Rehabil-
itative Services"
kisii,2021_22,4,"County Health
Services",medical services,,,False,,"County Health
Services",medical services
kisii,2021_22,4,"County Health
Services",public health,,,False,,"County Health
Services",public health
kisumu,2021_22,4,401005060.0,"Preventive & Promotive
Health Services",241974322.0,183784783.0,False,,401005060.0,"Preventive & Promotive
Health Services"
kisumu,2021_22,4,401005060.0,"Environmental health and
sanitation",87005269.0,87005268.0,False,,401005060.0,"Environmental health and
sanitation"
kisumu,2021_22,4,401005060.0,Community health strategy,500000.0,,False,,401005060.0,Community health strategy
kisumu,2021_22,4,401005060.0,Health promotion service,146224053.0,88734515.0,False,,401005060.0,Health promotion service
kisumu,2021_22,4,402005060.0,Health Curative Services,138450529.0,72163511.0,False,,402005060.0,Health Curative Services
kisumu,2021_22,4,402005060.0,Reproductive Health,137300529.0,71386111.0,False,,402005060.0,Reproductive Health
kisumu,2021_22,4,403005060.0,Human resources for Health,3058295156.0,1507750206.0,False,,403005060.0,Human resources for Health
kisumu,2021_22,4,405005060.0,"Health Sector Support Pro-
gram (DANIDA)",138044056.0,62994129.0,False,,405005060.0,"Health Sector Support Pro-
gram (DANIDA)"
kisumu,2021_22,4,405005060.0,Health Promotive Services,138044056.0,62994129.0,False,,405005060.0,Health Promotive Services
kisumu,2021_22,4,407005060.0,"Jaramogi Oginga Odinga
Teaching and Referral
Hospital",146334964.0,146334964.0,False,,407005060.0,"Jaramogi Oginga Odinga
Teaching and Referral
Hospital"
kisumu,2021_22,4,407005060.0,"Jaramogi Oginga Odinga
Teaching and Referral
Hospital",146334964.0,146334964.0,False,,407005060.0,"Jaramogi Oginga Odinga
Teaching and Referral
Hospital"
kisumu,2021_22,4,408005060.0,"Kisumu County Referral
Hospital",55000000.0,47895155.0,False,,408005060.0,"Kisumu County Referral
Hospital"
kisumu,2021_22,4,408005060.0,"Kisumu County Referral
Hospital",55000000.0,47895155.0,False,,408005060.0,"Kisumu County Referral
Hospital"
kisumu,2021_22,4,409005060.0,"Medical and Bio-Medical
Services",234200000.0,128139422.0,False,,409005060.0,"Medical and Bio-Medical
Services"
kisumu,2021_22,4,409005060.0,"County and Sub-County
Hospital Services",234200000.0,128139422.0,False,,409005060.0,"County and Sub-County
Hospital Services"
kitui,2021_22,4,Department of Health and Sanitation,,,,False,,Department of Health and Sanitation,
kitui,2021_22,4,Health,,3677301.0,1689750.0,False,,Health,
kitui,2021_22,4,Health,,0.0,,False,,Health,
kitui,2021_22,4,Health,,1296995.0,1296995.0,False,,Health,
kitui,2021_22,4,Medical Services,,2670479175.0,2512793943.0,False,,Medical Services,
kitui,2021_22,4,Medical Services,,18800000.0,17144189.0,False,,Medical Services,
kitui,2021_22,4,Medical Services,,133042972.0,132110341.0,False,,Medical Services,
kitui,2021_22,4,Medical Services,,60621486.0,32816287.0,False,,Medical Services,
kitui,2021_22,4,Public Health,,16675686.0,13657431.0,False,,Public Health,
kitui,2021_22,4,Public Health,,1700000.0,814795.0,False,,Public Health,
kitui,2021_22,4,Public Health,,2150000.0,1721800.0,False,,Public Health,
kitui,2021_22,4,Rural Health Services,,382746480.0,367889495.0,False,,Rural Health Services,
kitui,2021_22,4,Rural Health Services,,13901500.0,11408069.0,False,,Rural Health Services,
kitui,2021_22,4,Rural Health Services,,2562793.0,1804264.0,False,,Rural Health Services,
kwale,2021_22,4,Medical and Public Health Services,,,,False,,Medical and Public Health Services,
kwale,2021_22,4,Maternal newborn and child health,,116947169.0,29702211.0,False,,Maternal newborn and child health,
kwale,2021_22,4,Public health Hygiene,,2495000.0,2379783.0,False,,Public health Hygiene,
kwale,2021_22,4,Medical Health Drugs,,425110750.0,425085369.0,False,,Medical Health Drugs,
kwale,2021_22,4,Msambweni hospital,,78107710.0,64427784.0,False,,Msambweni hospital,
kwale,2021_22,4,Kinango Hospital,,38100000.0,37183464.0,False,,Kinango Hospital,
kwale,2021_22,4,Kwale Hospital,,37160000.0,23777061.0,False,,Kwale Hospital,
kwale,2021_22,4,Tiwi Rural Health Facility,,16753554.0,8236167.0,False,,Tiwi Rural Health Facility,
kwale,2021_22,4,Samburu Hospital,,30138000.0,11201630.0,False,,Samburu Hospital,
kwale,2021_22,4,Lunga Lunga Hospital,,30035694.0,19238465.0,False,,Lunga Lunga Hospital,
kwale,2021_22,4,Rural Health facilities,,366132900.0,105738337.0,False,,Rural Health facilities,
kwale,2021_22,4,Diani Health Centre,,2590000.0,2280750.0,False,,Diani Health Centre,
laikipia,2021_22,4,County Health Services,,,,False,,County Health Services,
laikipia,2021_22,4,"Curative & Rehabilitative
Health","Health Infrastructure De-
velopment",46179859.0,23176668.0,False,,"Curative & Rehabilitative
Health","Health Infrastructure De-
velopment"
laikipia,2021_22,4,"Curative & Rehabilitative
Health","Health Products & Tech-
nologies Support",274436312.0,182667726.0,False,,"Curative & Rehabilitative
Health","Health Products & Tech-
nologies Support"
laikipia,2021_22,4,"Curative & Rehabilitative
Health","Emergency Referral & Re-
habilitative Service",99548177.0,61478640.0,False,,"Curative & Rehabilitative
Health","Emergency Referral & Re-
habilitative Service"
laikipia,2021_22,4,"General Administration &
Planning Services","Essential Health Institu-
tions & Services",126629882.0,90952514.0,False,,"General Administration &
Planning Services","Essential Health Institu-
tions & Services"
laikipia,2021_22,4,"General Administration &
Planning Services","Health Policy, Gover-
nance, Planning & Fi-
nancing",21424203.0,19756410.0,False,,"General Administration &
Planning Services","Health Policy, Gover-
nance, Planning & Fi-
nancing"
laikipia,2021_22,4,"General Administration &
Planning Services","Health Information Stan-
dards & Quality Assur-
ance",1500000.0,359990.0,False,,"General Administration &
Planning Services","Health Information Stan-
dards & Quality Assur-
ance"
laikipia,2021_22,4,"General Administration &
Planning Services","Community Health Strat-
egy, Advocacy & Surveil-
lance",43441900.0,8846000.0,False,,"General Administration &
Planning Services","Community Health Strat-
egy, Advocacy & Surveil-
lance"
laikipia,2021_22,4,Preventive Health Services,"Family Planning, Mater-
nal & Child Health Ser-
vices",3598100.0,1731700.0,False,,Preventive Health Services,"Family Planning, Mater-
nal & Child Health Ser-
vices"
laikipia,2021_22,4,Preventive Health Services,"Non-Communicable Dis-
eases Control & Preven-
tion",2800000.0,1400000.0,False,,Preventive Health Services,"Non-Communicable Dis-
eases Control & Preven-
tion"
laikipia,2021_22,4,Preventive Health Services,"Public Health Promotion
& Nutrition Services",7935123.0,9316273.0,False,,Preventive Health Services,"Public Health Promotion
& Nutrition Services"
laikipia,2021_22,4,Preventive Health Services,"Social Health Insurance
scheme",32178971.0,51296942.0,False,,Preventive Health Services,"Social Health Insurance
scheme"
laikipia,2021_22,4,Veterinary Services,"Animal Health and Dis-
ease Management",4200000.0,,False,,Veterinary Services,"Animal Health and Dis-
ease Management"
lamu,2021_22,4,Medical Services,,1427780347.0,1181105700.2,False,,Medical Services,
lamu,2021_22,4,P:2 Primary health services,"SP:2.1 Curative & Rehabili-
tative",409167970.0,291017783.2,False,,P:2 Primary health services,"SP:2.1 Curative & Rehabili-
tative"
lamu,2021_22,4,"P1. General Administra-
tion, Planning, Monitoring
and Support Services","SP4 Preventive and Promo-
tive Services",1800000.0,639000.0,False,,"P1. General Administra-
tion, Planning, Monitoring
and Support Services","SP4 Preventive and Promo-
tive Services"
lamu,2021_22,4,"P1. General Administra-
tion, Planning, Monitoring
and Support Services","SP4 Preventive and Promo-
tive Services",21021358.0,18646220.9,False,,"P1. General Administra-
tion, Planning, Monitoring
and Support Services","SP4 Preventive and Promo-
tive Services"
lamu,2021_22,4,"P3: Preventive & Promo-
tive Health
Dept","SP4 Preventive and Pro-
motive Services",172176163.0,57701600.95,False,,"P3: Preventive & Promo-
tive Health
Dept","SP4 Preventive and Pro-
motive Services"
lamu,2021_22,4,Public Health Environment and Sanitation,,93284483.0,87752929.0,False,,Public Health Environment and Sanitation,
lamu,2021_22,4,"201 Public Health and
Sanitation","SP1.2: Public Health and
Sanitation",1865000.0,1809760.0,False,,"201 Public Health and
Sanitation","SP1.2: Public Health and
Sanitation"
lamu,2021_22,4,"P 1: Administration Ser-
vices","SP1.2: Public Health and
Sanitation",2745000.0,1973765.0,False,,"P 1: Administration Ser-
vices","SP1.2: Public Health and
Sanitation"
machakos,2021_22,4,Health and Emergency Services,,,,False,,Health and Emergency Services,
machakos,2021_22,4,Sub-programme 13,"Public Health and Community
Outreach",,58539759.0,False,,Sub-programme 13,"Public Health and Community
Outreach"
makueni,2021_22,4,Programme 2: Curative health care services,,,,False,,Programme 2: Curative health care services,
makueni,2021_22,4,SP2.1: Curative health care services,,850095305.0,434965582.0,False,,SP2.1: Curative health care services,
makueni,2021_22,4,Programme 3: Preventive and promotive health care services,,,,False,,Programme 3: Preventive and promotive health care services,
makueni,2021_22,4,"SP3.1: Preventive and promotive health care
services",,324128357.0,261487886.0,False,,"SP3.1: Preventive and promotive health care
services",
marsabit,2021_22,4,"1: General Admin-
istration Support
Services","SP 1.2 Hospitality, Catering
services, donations and gifts,
boards, committees, confer-
ences and seminars",47674469.0,47674469.0,False,,"1: General Admin-
istration Support
Services","SP 1.2 Hospitality, Catering
services, donations and gifts,
boards, committees, confer-
ences and seminars"
marsabit,2021_22,4,"HEALTH SER-
VICES",Curative Health Services,180815000.0,135929945.0,False,,"HEALTH SER-
VICES",Curative Health Services
marsabit,2021_22,4,"HEALTH SER-
VICES","General Administration, Plan-
ning and Support Services",1660983678.0,1510685552.0,False,,"HEALTH SER-
VICES","General Administration, Plan-
ning and Support Services"
marsabit,2021_22,4,"HEALTH SER-
VICES",Maternal and child health,10000000.0,10000000.0,False,,"HEALTH SER-
VICES",Maternal and child health
meru,2021_22,4,"DEPARTMENT:
HEALTH SERVICES",,,,False,,"DEPARTMENT:
HEALTH SERVICES",
meru,2021_22,4,Curative Health,Curative Health,741964134.0,368466163.37,False,,Curative Health,Curative Health
meru,2021_22,4,"Preventive and Promo-
tive Health","Preventive and Pro-
motive Health",207546020.0,77859091.28,False,,"Preventive and Promo-
tive Health","Preventive and Pro-
motive Health"
migori,2021_22,4,Veterinary services,"Veterinary Public Health Manage-
ment",1186000.0,631551.0,False,,Veterinary services,"Veterinary Public Health Manage-
ment"
migori,2021_22,4,Veterinary services,"Veterinary Public Health Manage-
ment",4000000.0,4000000.0,False,,Veterinary services,"Veterinary Public Health Manage-
ment"
migori,2021_22,4,Health-Medical services,,,,False,,Health-Medical services,
migori,2021_22,4,General administration,"Infrastructure and Health facility
management",184790610.0,184790609.0,False,,General administration,"Infrastructure and Health facility
management"
migori,2021_22,4,"Preventive, promotive
Health services and Dis-
ease Control",Purchase of Non-pharmaceuticals,226057461.0,226056481.0,False,,"Preventive, promotive
Health services and Dis-
ease Control",Purchase of Non-pharmaceuticals
migori,2021_22,4,"Curative, Rehabilitative
and Referral services",Hospital Services,32070725.0,32070697.0,False,,"Curative, Rehabilitative
and Referral services",Hospital Services
migori,2021_22,4,Health - Public health,,,,False,,Health - Public health,
migori,2021_22,4,"Preventive and promo-
tive health services",Community health services,70960000.0,20084900.0,False,,"Preventive and promo-
tive health services",Community health services
migori,2021_22,4,"Curative, rehabilitative
and referral services","Pharmaceutical and non-pharma-
ceutical commodities",115840164.0,115000000.0,False,,"Curative, rehabilitative
and referral services","Pharmaceutical and non-pharma-
ceutical commodities"
mombasa,2021_22,4,3017 Health Services,Administration Unit,2900061316.0,3515102557.0,False,,3017 Health Services,Administration Unit
mombasa,2021_22,4,3017 Health Services,Curative/Clinical Health Services,58249239.0,0.0,False,,3017 Health Services,Curative/Clinical Health Services
mombasa,2021_22,4,3017 Health Services,"Preventive and Promotive Services
Unit",222031161.0,152638047.0,False,,3017 Health Services,"Preventive and Promotive Services
Unit"
mombasa,2021_22,4,3017 Health Services,Special Programs,48123140.0,215578.0,False,,3017 Health Services,Special Programs
nairobi,2021_22,4,"5315001200 Repro-
ductive Health, Ma-
ternal Health (RM-
NCAH)",,144815852.0,,False,,"5315001200 Repro-
ductive Health, Ma-
ternal Health (RM-
NCAH)",
nairobi,2021_22,4,"0404005310 Gener-
al administration,
planning and sup-
port services","0404015310 Sp4.1 Adminis-
tration/Human Resource for
Health",100254954.0,,False,,"0404005310 Gener-
al administration,
planning and sup-
port services","0404015310 Sp4.1 Adminis-
tration/Human Resource for
Health"
nairobi,2021_22,4,"0116005310 P.10:-
Animal Health,
Safety and Quality
Assurance","0116015310 sp 10.1 Animal Re-
search, Diseases, Pest Control &
Quality Assurance",14143917.0,,False,,"0116005310 P.10:-
Animal Health,
Safety and Quality
Assurance","0116015310 sp 10.1 Animal Re-
search, Diseases, Pest Control &
Quality Assurance"
nakuru,2021_22,4,Department of Health Service,,,,False,,Department of Health Service,
nakuru,2021_22,4,"Programme 1:
Administration and
Planning","SP 1.1: Health Information
System",111970436.0,17292206.0,False,,"Programme 1:
Administration and
Planning","SP 1.1: Health Information
System"
nakuru,2021_22,4,"Programme 1:
Administration and
Planning","SP 1.5: Health Infrastructure
and Development",29400000.0,8744530.0,False,,"Programme 1:
Administration and
Planning","SP 1.5: Health Infrastructure
and Development"
nakuru,2021_22,4,"Programme 2: Health
Preventive and Pro-
motive Services",SP 2:1: Primary Health Care,477563074.0,224793486.0,False,,"Programme 2: Health
Preventive and Pro-
motive Services",SP 2:1: Primary Health Care
nakuru,2021_22,4,"Programme 2: Health
Preventive and Pro-
motive Services","SP 2.2: Environmental Health
and Sanitation",3150000.0,2599399.0,False,,"Programme 2: Health
Preventive and Pro-
motive Services","SP 2.2: Environmental Health
and Sanitation"
nakuru,2021_22,4,"Programme 2: Health
Preventive and Pro-
motive Services",SP 2:3: Human Resource,1510739524.0,1457565355.0,False,,"Programme 2: Health
Preventive and Pro-
motive Services",SP 2:3: Human Resource
nakuru,2021_22,4,"Programme 2: Health
Preventive and Pro-
motive Services","SP 2.4: Disease Surveillance
and Emergency Response",1997550.0,1381276.0,False,,"Programme 2: Health
Preventive and Pro-
motive Services","SP 2.4: Disease Surveillance
and Emergency Response"
nakuru,2021_22,4,"Programme 2: Health
Preventive and Pro-
motive Services",SP 2.5: Health Promotive,1740000.0,1006000.0,False,,"Programme 2: Health
Preventive and Pro-
motive Services",SP 2.5: Health Promotive
nakuru,2021_22,4,"Programme 2: Health
Preventive and Pro-
motive Services",SP 2:6: HIV Programme,2300000.0,1904625.0,False,,"Programme 2: Health
Preventive and Pro-
motive Services",SP 2:6: HIV Programme
nakuru,2021_22,4,"Programme 2: Health
Preventive and Pro-
motive Services",SP 2:7: Nutrition,20000000.0,6973544.0,False,,"Programme 2: Health
Preventive and Pro-
motive Services",SP 2:7: Nutrition
nakuru,2021_22,4,"Programme 2: Health
Preventive and Pro-
motive Services",SP 2:8 Reproductive Health,1750000.0,1357005.0,False,,"Programme 2: Health
Preventive and Pro-
motive Services",SP 2:8 Reproductive Health
nakuru,2021_22,4,"Programme 2: Health
Preventive and Pro-
motive Services",SP 2:9 Immunisation,2500000.0,2397719.0,False,,"Programme 2: Health
Preventive and Pro-
motive Services",SP 2:9 Immunisation
nakuru,2021_22,4,"Programme 3: Health
Curative and Rehabil-
itative Services","SP 3:1: Provision of Essential
Health Services at all levels",2222537135.0,1572612259.0,False,,"Programme 3: Health
Curative and Rehabil-
itative Services","SP 3:1: Provision of Essential
Health Services at all levels"
nakuru,2021_22,4,"Programme 3: Health
Curative and Rehabil-
itative Services","SP 3.2: Elimination of commu-
nicable and non-communica-
ble diseases",2200000.0,1981050.0,False,,"Programme 3: Health
Curative and Rehabil-
itative Services","SP 3.2: Elimination of commu-
nicable and non-communica-
ble diseases"
nakuru,2021_22,4,"Programme 3: Health
Curative and Rehabil-
itative Services",SP 3:3: Human Resource,2573622163.0,2306357108.0,False,,"Programme 3: Health
Curative and Rehabil-
itative Services",SP 3:3: Human Resource
nandi,2021_22,4,Health and Sanitation,,,,False,,Health and Sanitation,
nandi,2021_22,4,Public Health and Sanitation,"Health Service Delivery
Administration Services",2863677844.0,2814543357.0,False,,Public Health and Sanitation,"Health Service Delivery
Administration Services"
nandi,2021_22,4,Curative Health Services,Physical Planning,539446273.0,344328695.0,False,,Curative Health Services,Physical Planning
nyamira,2021_22,4,Curative health services,,,,False,,Curative health services,
nyamira,2021_22,4,Curative health services,,1598855521.0,1596235243.0,False,,Curative health services,
nyamira,2021_22,4,Curative health services,,,,False,,Curative health services,
nyamira,2021_22,4,Curative health services,,,,False,,Curative health services,
nyamira,2021_22,4,Curative health services,,,,False,,Curative health services,
nyandarua,2021_22,4,"Human Resource Man-
agement","Human Resource Management (In-
cluding employee gratuity, pension and
medical insurance)",155020000.0,154839743.0,False,,"Human Resource Man-
agement","Human Resource Management (In-
cluding employee gratuity, pension and
medical insurance)"
nyandarua,2021_22,4,"Preventive and Promotive
Services",Preventive and Promotive Services,6271274.0,6271274.0,False,,"Preventive and Promotive
Services",Preventive and Promotive Services
nyandarua,2021_22,4,Curative Services,Curative Services,253199497.0,252799272.0,False,,Curative Services,Curative Services
nyandarua,2021_22,4,Curative Services,Universal health care and grants,399775885.0,150399810.0,False,,Curative Services,Universal health care and grants
nyeri,2021_22,4,Health Services,,116706488.0,97398952.0,False,,Health Services,
nyeri,2021_22,4,Health Services,,2954266382.0,2698053490.0,False,,Health Services,
samburu,2021_22,4,"Medical Services, Public Health & Sanitation",,,,False,,"Medical Services, Public Health & Sanitation",
samburu,2021_22,4,"0401004210 P1 Preventive
and Promotive Health
Services","0401044210 SP2
Environmental &
Health Promotion",110172827.0,107513632.0,False,,"0401004210 P1 Preventive
and Promotive Health
Services","0401044210 SP2
Environmental &
Health Promotion"
samburu,2021_22,4,"0401004210 P1 Preventive
and Promotive Health
Services","0402014210 SP1
Nutrition",15014900.0,14223773.0,False,,"0401004210 P1 Preventive
and Promotive Health
Services","0402014210 SP1
Nutrition"
samburu,2021_22,4,"0401004210 P1 Preventive
and Promotive Health
Services","0401054210 SP3
Communicable
Disease Control",94731472.0,94451371.0,False,,"0401004210 P1 Preventive
and Promotive Health
Services","0401054210 SP3
Communicable
Disease Control"
samburu,2021_22,4,"0401004210 P1 Preventive
and Promotive Health
Services","0401064210 SP4
Non-communica-
ble Disease Preven-
tion & Control",37912158.0,37640850.0,False,,"0401004210 P1 Preventive
and Promotive Health
Services","0401064210 SP4
Non-communica-
ble Disease Preven-
tion & Control"
samburu,2021_22,4,"0401004210 P1 Preventive
and Promotive Health
Services","0401074210 SP5
Reproductive, Ma-
ternal, Neonatal,
Child and Adoles-
cent Health",58280924.0,56516511.0,False,,"0401004210 P1 Preventive
and Promotive Health
Services","0401074210 SP5
Reproductive, Ma-
ternal, Neonatal,
Child and Adoles-
cent Health"
samburu,2021_22,4,"0402004210 P2 Curative
Health","0402044210 SP1
County Hospi-
tal and Referral
Services",694926888.0,622917519.0,False,,"0402004210 P2 Curative
Health","0402044210 SP1
County Hospi-
tal and Referral
Services"
samburu,2021_22,4,"0402004210 P2 Curative
Health","0402054210 SP2
Free Primary
Health Services",311731498.0,197647547.0,False,,"0402004210 P2 Curative
Health","0402054210 SP2
Free Primary
Health Services"
samburu,2021_22,4,"0403004210 P3 General
Administration Planning
and Support Services","0403014210 SP1
Health Infrastruc-
ture Development",238936565.0,139363917.0,False,,"0403004210 P3 General
Administration Planning
and Support Services","0403014210 SP1
Health Infrastruc-
ture Development"
samburu,2021_22,4,"0403004210 P3 General
Administration Planning
and Support Services","0403054210 SP4
Health Policy,
Planning & Fi-
nancing",28050403.0,16224952.0,False,,"0403004210 P3 General
Administration Planning
and Support Services","0403054210 SP4
Health Policy,
Planning & Fi-
nancing"
samburu,2021_22,4,"0403004210 P3 General
Administration Planning
and Support Services","0403064210 SP5
Health Standards
and Quality Assur-
ance Services",91945595.0,91707832.0,False,,"0403004210 P3 General
Administration Planning
and Support Services","0403064210 SP5
Health Standards
and Quality Assur-
ance Services"
taita,2021_22,4,402003260.0,Health Development Programme,271191087.0,231425782.0,False,,402003260.0,Health Development Programme
taita,2021_22,4,402003260.0,Health Development Programme,271191087.0,231425782.0,False,,402003260.0,Health Development Programme
tana,2021_22,4,Medical Services,,,897020125.8,False,,Medical Services,
tana,2021_22,4,Medical Services,,,421032107.0,False,,Medical Services,
tana,2021_22,4,Medical Services,,,141178326.3,False,,Medical Services,
tana,2021_22,4,Medical Services,,,35659810.7,False,,Medical Services,
tana,2021_22,4,Medical Services,,,168831707.6,False,,Medical Services,
tana,2021_22,4,Medical Services,,,75362262.4,False,,Medical Services,
tana,2021_22,4,Medical Services,,,20390809.9,False,,Medical Services,
tana,2021_22,4,Medical Services,,,11393456.0,False,,Medical Services,
tana,2021_22,4,Medical Services,,,5734979.0,False,,Medical Services,
tana,2021_22,4,Medical Services,,,3262374.9,False,,Medical Services,
tharaka,2021_22,4,Department of Public Health and Sanitation,,,,False,,Department of Public Health and Sanitation,
tharaka,2021_22,4,"Preventive and promo-
tive Health Services",Disease Surveillance,,,False,,"Preventive and promo-
tive Health Services",Disease Surveillance
tharaka,2021_22,4,"Preventive and promo-
tive Health Services",Environmental Health Services,,8783285.0,False,,"Preventive and promo-
tive Health Services",Environmental Health Services
tharaka,2021_22,4,"Preventive and promo-
tive Health Services",Health promotion and Disease Control,,228295138.0,False,,"Preventive and promo-
tive Health Services",Health promotion and Disease Control
tharaka,2021_22,4,"Preventive and promo-
tive Health Services",HIV and AIDS support services,,240000.0,False,,"Preventive and promo-
tive Health Services",HIV and AIDS support services
turkana,2021_22,4,Health Facilities,,547774680.0,226639629.0,False,,Health Facilities,
turkana,2021_22,4,Support to Health Programs,,213512343.0,134917437.0,False,,Support to Health Programs,
turkana,2021_22,4,Reproductive health,,4061370.0,2632083.0,False,,Reproductive health,
turkana,2021_22,4,Health promotion,,164273881.0,101682833.0,False,,Health promotion,
turkana,2021_22,4,Environmental health services,,806472.0,,False,,Environmental health services,
turkana,2021_22,4,Community Health Services,,38374297.0,29432511.0,False,,Community Health Services,
turkana,2021_22,4,Community Health Services,,86757967.0,55990466.0,False,,Community Health Services,
turkana,2021_22,4,Rural Health Facility Support,,49037832.0,42446294.0,False,,Rural Health Facility Support,
turkana,2021_22,4,Sub county Health Facilities Support,,6683242.0,6225456.0,False,,Sub county Health Facilities Support,
turkana,2021_22,4,Medical Supplies,,265649304.0,228246091.0,False,,Medical Supplies,
turkana,2021_22,4,Health mgt,,1612943.0,561027.0,False,,Health mgt,
turkana,2021_22,4,Health mgt,,3763535.0,79233.0,False,,Health mgt,
turkana,2021_22,4,Health Information & Mgt,,1344120.0,,False,,Health Information & Mgt,
turkana,2021_22,4,Electronic Medical Records,,268824.0,,False,,Electronic Medical Records,
turkana,2021_22,4,Monitoring & Evaluation Health,,806472.0,79233.0,False,,Monitoring & Evaluation Health,
uasin,2021_22,4,Health Services,,2798020115.0,2550579711.0,False,,Health Services,
uasin,2021_22,4,Curative Health Services,,438836534.0,405104291.0,False,,Curative Health Services,
uasin,2021_22,4,Health Infrastructure,,48013947.0,21891797.0,False,,Health Infrastructure,
uasin,2021_22,4,Prevention and Health Promotion,,5000000.0,5000000.0,False,,Prevention and Health Promotion,
uasin,2021_22,4,Public Health Services,,5000000.0,5000000.0,False,,Public Health Services,
uasin,2021_22,4,Public Health Services,,,,False,,Public Health Services,
vihiga,2021_22,4,"Administration, Plan-
ning and Support Service",Healthcare Financing,2500000.0,2283000.0,False,,"Administration, Plan-
ning and Support Service",Healthcare Financing
vihiga,2021_22,4,"Promotive and Preven-
tive Healthcare Services",Public Health Services,17386125.0,14540419.0,False,,"Promotive and Preven-
tive Healthcare Services",Public Health Services
vihiga,2021_22,4,"Promotive and Preven-
tive Healthcare Services",,3500000.0,2886899.0,False,,"Promotive and Preven-
tive Healthcare Services",
vihiga,2021_22,4,"Promotive and Preven-
tive Healthcare Services","Community Health
Strategy",9086125.0,8495320.0,False,,"Promotive and Preven-
tive Healthcare Services","Community Health
Strategy"
vihiga,2021_22,4,"Promotive and Preven-
tive Healthcare Services",Health Promotion,1000000.0,983300.0,False,,"Promotive and Preven-
tive Healthcare Services",Health Promotion
vihiga,2021_22,4,"Promotive and Preven-
tive Healthcare Services",Reproductive Healthcare,3000000.0,1999900.0,False,,"Promotive and Preven-
tive Healthcare Services",Reproductive Healthcare
vihiga,2021_22,4,"Promotive and Preven-
tive Healthcare Services","Disease Surveillance and
Emergency",800000.0,175000.0,False,,"Promotive and Preven-
tive Healthcare Services","Disease Surveillance and
Emergency"
vihiga,2021_22,4,"Curative And Rehabilita-
tive Health Services",,105572575.0,105171639.0,False,,"Curative And Rehabilita-
tive Health Services",
vihiga,2021_22,4,"Curative And Rehabilita-
tive Health Services",Medical services,105372575.0,105171639.0,False,,"Curative And Rehabilita-
tive Health Services",Medical services
vihiga,2021_22,4,"Curative And Rehabilita-
tive Health Services",County referral services,200000.0,0.0,False,,"Curative And Rehabilita-
tive Health Services",County referral services
vihiga,2021_22,4,"Child and Maternal
Health Care",,47362113.0,21262205.0,False,,"Child and Maternal
Health Care",
vihiga,2021_22,4,"Child and Maternal
Health Care","Antenatal and Post Natal
healthcare",2500000.0,1331748.0,False,,"Child and Maternal
Health Care","Antenatal and Post Natal
healthcare"
vihiga,2021_22,4,"Child and Maternal
Health Care","Antenatal and Post Natal
Healthcare",9700000.0,2478716.0,False,,"Child and Maternal
Health Care","Antenatal and Post Natal
Healthcare"
vihiga,2021_22,4,"Child and Maternal
Health Care","Newborn, Child and
Adolescent Health",800000.0,74750.0,False,,"Child and Maternal
Health Care","Newborn, Child and
Adolescent Health"
vihiga,2021_22,4,"Child and Maternal
Health Care",Nutrition Services,34362113.0,17376991.0,False,,"Child and Maternal
Health Care",Nutrition Services
wajir,2021_22,4,Headquarters,"Preventive and promotive
services",,,False,,Headquarters,"Preventive and promotive
services"
wajir,2021_22,4,Headquarters,Curative Services,,,False,,Headquarters,Curative Services
wajir,2021_22,4,Public Health,,,,False,,Public Health,
wajir,2021_22,4,"Preventive and pro-
motive services","Preventive and promotive
services",101787000.0,119532965.0,False,,"Preventive and pro-
motive services","Preventive and promotive
services"
wajir,2021_22,4,"Preventive and pro-
motive services","General Administration and
Support Services",,924727.32,False,,"Preventive and pro-
motive services","General Administration and
Support Services"
wajir,2021_22,4,"Preventive and pro-
motive services",Reproductive Health Services,,,False,,"Preventive and pro-
motive services",Reproductive Health Services
wajir,2021_22,4,"Preventive and pro-
motive services",Curative Services,884312000.0,984168588.5,False,,"Preventive and pro-
motive services",Curative Services
wajir,2021_22,4,"Preventive and pro-
motive services",RMNCH,,,False,,"Preventive and pro-
motive services",RMNCH
wajir,2021_22,4,"Kenya Medical
Training College",Kenya Medical Training College,,,False,,"Kenya Medical
Training College",Kenya Medical Training College
wajir,2021_22,4,"Kenya Medical
Training College","Kenya Medical Training College
(KMTC)",,,False,,"Kenya Medical
Training College","Kenya Medical Training College
(KMTC)"
wajir,2021_22,4,Health Research,Health Research,,,False,,Health Research,Health Research
wajir,2021_22,4,Health Research,Health Research Services,13256000.0,13241671.45,False,,Health Research,Health Research Services
wajir,2021_22,4,"Health Shared
Services",Health Shared Services,,,False,,"Health Shared
Services",Health Shared Services
wajir,2021_22,4,"Health Shared
Services","General Administration and
Support Services",2005754734.0,1400567898.0,False,,"Health Shared
Services","General Administration and
Support Services"
west,2021_22,4,"HEALTH AND
SANITATION",,,,False,,"HEALTH AND
SANITATION",
west,2021_22,4,"HEALTH AND
SANITATION","SP 1(General Administra-
tion, Planning and Support
Services",1742642577.0,1728360502.7,False,,"HEALTH AND
SANITATION","SP 1(General Administra-
tion, Planning and Support
Services"
west,2021_22,4,"HEALTH AND
SANITATION","SP 2-(Preventive Health
Services)",96166000.0,95320945.15,False,,"HEALTH AND
SANITATION","SP 2-(Preventive Health
Services)"
west,2021_22,4,"HEALTH AND
SANITATION","SP 3-(Curative Health
Services)",302815840.0,203326991.0,False,,"HEALTH AND
SANITATION","SP 3-(Curative Health
Services)"
west,2021_22,4,"HEALTH AND
SANITATION","SP 4-(Kacheliba Sub-county
hospital)",19980000.0,18430978.2,False,,"HEALTH AND
SANITATION","SP 4-(Kacheliba Sub-county
hospital)"
west,2021_22,4,"HEALTH AND
SANITATION","SP 5-(Sigor Sub-county
hospital)",15430000.0,14462245.35,False,,"HEALTH AND
SANITATION","SP 5-(Sigor Sub-county
hospital)"
west,2021_22,4,"HEALTH AND
SANITATION","SP 6-(Chepareria Sub-coun-
ty hospital)",16330000.0,12600984.9,False,,"HEALTH AND
SANITATION","SP 6-(Chepareria Sub-coun-
ty hospital)"
west,2021_22,4,"HEALTH AND
SANITATION","SP 7(Facility Improvement
Fund)",76800000.0,72345485.1,False,,"HEALTH AND
SANITATION","SP 7(Facility Improvement
Fund)"
west,2021_22,4,"HEALTH AND
SANITATION",SP 8(Ward Specific),121463042.0,87164152.3,False,,"HEALTH AND
SANITATION",SP 8(Ward Specific)
baringo,2022_23,1,County Health Services,,845636888.0,53701775.0,False,,County Health Services,
baringo,2022_23,1,County Health Services,"Curative and Rehabilitative
Services",32102225.0,,False,,County Health Services,"Curative and Rehabilitative
Services"
baringo,2022_23,1,County Health Services,"Preventive and Promotive
Health Services",387288839.0,491852.0,False,,County Health Services,"Preventive and Promotive
Health Services"
baringo,2022_23,1,County Health Services,Health/preventive services,21000000.0,,False,,County Health Services,Health/preventive services
baringo,2022_23,1,County Health Services,General administration,405245824.0,53209923.0,False,,County Health Services,General administration
baringo,2022_23,1,"Promotion Of Primary
Health Care",,,,False,,"Promotion Of Primary
Health Care",
baringo,2022_23,1,"Promotion Of Primary
Health Care",General administration,,,False,,"Promotion Of Primary
Health Care",General administration
bungoma,2022_23,1,Health and Sanitation,,,,False,,Health and Sanitation,
bungoma,2022_23,1,Health Administration Planning and support services,"SP 1: Health Administration
Planning and support services",122366728.0,,False,,Health Administration Planning and support services,"SP 1: Health Administration
Planning and support services"
bungoma,2022_23,1,Health Infrastructure,SP3.Health Infrastructure,326401888.0,,False,,Health Infrastructure,SP3.Health Infrastructure
bungoma,2022_23,1,"Programme 2: Preventive Promotive and Rehabilita-
tive",,107118938.0,,False,,"Programme 2: Preventive Promotive and Rehabilita-
tive",
bungoma,2022_23,1,Health Promotion services,"SP 2: Health Promotion ser-
vices",6000000.0,,False,,Health Promotion services,"SP 2: Health Promotion ser-
vices"
bungoma,2022_23,1,Community health services,"SP 4: Community health ser-
vices",78072000.0,,False,,Community health services,"SP 4: Community health ser-
vices"
bungoma,2022_23,1,Programme 3: Curative,,435853571.0,,False,,Programme 3: Curative,
bungoma,2022_23,1,Health Services,Health Services,,,False,,Health Services,Health Services
bungoma,2022_23,1,Routine Medical Services,SP 3: Routine Medical Services,424865820.0,,False,,Routine Medical Services,SP 3: Routine Medical Services
bungoma,2022_23,1,Programme 4: Health Research,,,,False,,Programme 4: Health Research,
bungoma,2022_23,1,Programme 5: Maternal and Child Health,,54469787.0,,False,,Programme 5: Maternal and Child Health,
busia,2022_23,1,"CP 10: Veterinary health
services","CSP 10.1: Veterinary Disease
Control",14751914.0,0.0,False,,"CP 10: Veterinary health
services","CSP 10.1: Veterinary Disease
Control"
busia,2022_23,1,"CP 10: Veterinary health
services",CSP 10.2: AI services,4100000.0,0.0,False,,"CP 10: Veterinary health
services",CSP 10.2: AI services
busia,2022_23,1,"CP 10: Veterinary health
services","CSP 10.3: Meat inspection ser-
vices",16799886.0,0.0,False,,"CP 10: Veterinary health
services","CSP 10.3: Meat inspection ser-
vices"
busia,2022_23,1,"CP 10: Veterinary health
services","CSP 10.4: Veterinary Exten-
sion",5000000.0,0.0,False,,"CP 10: Veterinary health
services","CSP 10.4: Veterinary Exten-
sion"
busia,2022_23,1,Department of Health and Sanitation,,,,False,,Department of Health and Sanitation,
busia,2022_23,1,"CP 54: Curative Health
Services","CSP 54.1: Infrastructure devel-
opment",129488069.0,,False,,"CP 54: Curative Health
Services","CSP 54.1: Infrastructure devel-
opment"
busia,2022_23,1,"CP 54: Curative Health
Services",CSP 54.2: Hospital equipment,101500000.0,,False,,"CP 54: Curative Health
Services",CSP 54.2: Hospital equipment
busia,2022_23,1,"CP 54: Curative Health
Services","CSP 54.3: Blood transfusion
Services",5000000.0,,False,,"CP 54: Curative Health
Services","CSP 54.3: Blood transfusion
Services"
busia,2022_23,1,"CP 55: Preventive and
Promotive Health Ser-
vices","CSP 55.1: Infrastructure devel-
opment",62500000.0,,False,,"CP 55: Preventive and
Promotive Health Ser-
vices","CSP 55.1: Infrastructure devel-
opment"
busia,2022_23,1,"CP 55: Preventive and
Promotive Health Ser-
vices","CSP 55.2: Lower-level hospital
equipment",10000000.0,,False,,"CP 55: Preventive and
Promotive Health Ser-
vices","CSP 55.2: Lower-level hospital
equipment"
busia,2022_23,1,"CP 55: Preventive and
Promotive Health Ser-
vices",CSP 55.3: Preventive Services,8000000.0,,False,,"CP 55: Preventive and
Promotive Health Ser-
vices",CSP 55.3: Preventive Services
busia,2022_23,1,"CP 55: Preventive and
Promotive Health Ser-
vices","CSP 55.4: Health promotion
unit",69500000.0,,False,,"CP 55: Preventive and
Promotive Health Ser-
vices","CSP 55.4: Health promotion
unit"
embu,2022_23,1,HEALTH,,,,False,,HEALTH,
embu,2022_23,1,P1: Curative Health Services,SP1.1: Primary Health Care,1207216901.0,224790598.0,False,,P1: Curative Health Services,SP1.1: Primary Health Care
embu,2022_23,1,"P2: Preventive and Promotive
Health Services","SP2.1: Health Promotion &
Disease Control",474458325.0,88346817.0,False,,"P2: Preventive and Promotive
Health Services","SP2.1: Health Promotion &
Disease Control"
embu,2022_23,1,EMBU LEVEL 5 HOSPITAL,,,,False,,EMBU LEVEL 5 HOSPITAL,
embu,2022_23,1,P1: Curative Health Services,SP1.1: Primary Health Care,173522994.0,35735935.0,False,,P1: Curative Health Services,SP1.1: Primary Health Care
embu,2022_23,1,"P2: Preventive and Promotive
Health Services","SP2.1: Health Promotion &
Disease Control",48621341.0,10013250.0,False,,"P2: Preventive and Promotive
Health Services","SP2.1: Health Promotion &
Disease Control"
garissa,2022_23,1,Department of Health and Sanitation,,,,False,,Department of Health and Sanitation,
garissa,2022_23,1,Curative Service,Curative,151267750.0,127000000.0,False,,Curative Service,Curative
garissa,2022_23,1,"Preventive Ser-
vice","Health promotion
and Campaign",144000000.0,65000000.0,False,,"Preventive Ser-
vice","Health promotion
and Campaign"
homa,2022_23,1,"Livestock
Development
Programme","Livestock Health and Disease Manage-
ment",25072625.0,0.0,False,,"Livestock
Development
Programme","Livestock Health and Disease Manage-
ment"
homa,2022_23,1,Department of Health Services,,,,False,,Department of Health Services,
homa,2022_23,1,"Preventive and
Promotive Health
Services",Community health services,77650000.0,58782771.0,False,,"Preventive and
Promotive Health
Services",Community health services
homa,2022_23,1,"Preventive and
Promotive Health
Services",Disease control services,26750000.0,,False,,"Preventive and
Promotive Health
Services",Disease control services
homa,2022_23,1,"Preventive and
Promotive Health
Services","Facility Infrastructure Improvement
Services",140000000.0,7468313.0,False,,"Preventive and
Promotive Health
Services","Facility Infrastructure Improvement
Services"
homa,2022_23,1,"Curative and
Rehabilitative
Health Services",Routine medical health services,185975632.0,,False,,"Curative and
Rehabilitative
Health Services",Routine medical health services
homa,2022_23,1,"Curative and
Rehabilitative
Health Services",Medical Emergency Response Services,8000000.0,,False,,"Curative and
Rehabilitative
Health Services",Medical Emergency Response Services
homa,2022_23,1,"Curative and
Rehabilitative
Health Services","Facility Infrastructure Improvement
Services",235020521.0,37692656.0,False,,"Curative and
Rehabilitative
Health Services","Facility Infrastructure Improvement
Services"
kakamega,2022_23,1,401004810.0,"Preventive and promotive
services",213682980.0,1463350.0,False,,401004810.0,"Preventive and promotive
services"
kakamega,2022_23,1,401004810.0,Community Health Strategy,98664067.0,223608.0,False,,401004810.0,Community Health Strategy
kakamega,2022_23,1,401004810.0,"Maternal and child healthcare
promotion",110575613.0,234800.0,False,,401004810.0,"Maternal and child healthcare
promotion"
kakamega,2022_23,1,402004810.0,"Promotion of Curative health
services",1823765925.0,256647003.0,False,,402004810.0,"Promotion of Curative health
services"
kakamega,2022_23,1,402004810.0,"Health Infrastructure Devel-
opment",1163961825.0,70200452.0,False,,402004810.0,"Health Infrastructure Devel-
opment"
kakamega,2022_23,1,402004810.0,"Primary medical health ser-
vices",637804100.0,185827927.0,False,,402004810.0,"Primary medical health ser-
vices"
kakamega,2022_23,1,403004810.0,"Health Data and Information
Management",9688246.0,312512.0,False,,403004810.0,"Health Data and Information
Management"
kericho,2022_23,1,Curative Health,Administration and Planning,1793267318.0,254702900.0,False,,Curative Health,Administration and Planning
kericho,2022_23,1,Curative Health,Hospital(curative)Services,,,False,,Curative Health,Hospital(curative)Services
kericho,2022_23,1,"Preventive and
Promotive Health","Preventive Medicine and Promotive
Health",1242164061.0,205243962.0,False,,"Preventive and
Promotive Health","Preventive Medicine and Promotive
Health"
kericho,2022_23,1,"Preventive and
Promotive Health",,,,False,,"Preventive and
Promotive Health",
kiambu,2022_23,1,Health Services,,,,False,,Health Services,
kiambu,2022_23,1,Health curative services,,603006904.0,,False,,Health curative services,
kiambu,2022_23,1,Health curative services,"Health curative
services",603006904.0,,False,,Health curative services,"Health curative
services"
kiambu,2022_23,1,Community Health Services,,482616764.0,3999225.0,False,,Community Health Services,
kiambu,2022_23,1,Community Health Services,"Community Health
Services",482616764.0,3999225.0,False,,Community Health Services,"Community Health
Services"
kiambu,2022_23,1,"County Hospital
Infrastructure",,382919716.0,,False,,"County Hospital
Infrastructure",
kiambu,2022_23,1,"County Hospital
Infrastructure","County Hospital
Infrastructure",382919716.0,,False,,"County Hospital
Infrastructure","County Hospital
Infrastructure"
kilifi,2022_23,1,Health,"Curative and Rehabilitative
Services",696370000.0,,False,,Health,"Curative and Rehabilitative
Services"
kilifi,2022_23,1,Health,General Administration,450199826.0,,False,,Health,General Administration
kilifi,2022_23,1,Health,"Reproductive Maternal Neonatal
Child Adolescent Health",637599129.0,,False,,Health,"Reproductive Maternal Neonatal
Child Adolescent Health"
kilifi,2022_23,1,Public Health,Communicable Disease Control,191205527.0,,False,,Public Health,Communicable Disease Control
kirinyaga,2022_23,1,"Curative and
Rehabilitative
Services",,2064199802.0,416247199.0,False,,"Curative and
Rehabilitative
Services",
kisii,2022_23,1,"County
Health Ser-
vices",medical services,3170643517.0,631178010.0,False,,"County
Health Ser-
vices",medical services
kisii,2022_23,1,"County
Health Ser-
vices",public health,29500000.0,0.0,False,,"County
Health Ser-
vices",public health
kwale,2022_23,1,Medical and Public Health Services,,,,False,,Medical and Public Health Services,
kwale,2022_23,1,Medical and Public Health Services,,,,False,,Medical and Public Health Services,
kwale,2022_23,1,Medical Drugs(0402043060)),,460765641.0,97361442.0,False,,Medical Drugs(0402043060)),
kwale,2022_23,1,Msambweni Hospital (0405013060),,68524755.0,10202495.0,False,,Msambweni Hospital (0405013060),
kwale,2022_23,1,Kinango Hospital(0406013060),,28147000.0,4302003.0,False,,Kinango Hospital(0406013060),
kwale,2022_23,1,Kwale Hospital(0407013060),,36049406.0,2930557.0,False,,Kwale Hospital(0407013060),
kwale,2022_23,1,Tiwi Rural Health Facility(0408013060),,7340000.0,932500.0,False,,Tiwi Rural Health Facility(0408013060),
kwale,2022_23,1,Samburu Hospital(0409013060),,15565000.0,1936711.0,False,,Samburu Hospital(0409013060),
kwale,2022_23,1,Lungalunga Hospital(0410013060),,25449510.0,4269398.0,False,,Lungalunga Hospital(0410013060),
kwale,2022_23,1,Public Health(0401053060),,5839657.0,294250.0,False,,Public Health(0401053060),
kwale,2022_23,1,Rural Health Facilities(0412013060),,321747351.0,6361179.0,False,,Rural Health Facilities(0412013060),
kwale,2022_23,1,Diani Health Centre(0413013060),,2615000.0,,False,,Diani Health Centre(0413013060),
kwale,2022_23,1,Maternal New Born And Child Health(0401023060),,,,False,,Maternal New Born And Child Health(0401023060),
laikipia,2022_23,1,Veterinary Services,"Animal Health and Disease
Management",3500000.0,,False,,Veterinary Services,"Animal Health and Disease
Management"
makueni,2022_23,1,"Programme 2: Curative
health care services","SP2. 1: Curative health care
services",437250000.0,0.0,False,,"Programme 2: Curative
health care services","SP2. 1: Curative health care
services"
makueni,2022_23,1,"Programme 3: Preventive and
promotive health care ser-
vices","SP3. 1: Preventive and pro-
motive health care services",203650000.0,0.0,False,,"Programme 3: Preventive and
promotive health care ser-
vices","SP3. 1: Preventive and pro-
motive health care services"
makueni,2022_23,1,"Programme 3: Preventive and
promotive health care ser-
vices",,3395678197.0,538569143.0,False,,"Programme 3: Preventive and
promotive health care ser-
vices",
meru,2022_23,1,DEPARTMENT: HEALTH SERVICES,,,,False,,DEPARTMENT: HEALTH SERVICES,
meru,2022_23,1,Curative Health,Curative Health,742073703.98,250000.0,False,,Curative Health,Curative Health
meru,2022_23,1,"Preventive and Promotive
Health",Preventive and Promotive Health,216886029.0,250000.0,False,,"Preventive and Promotive
Health",Preventive and Promotive Health
migori,2022_23,1,"General adminis-
tration",Veterinary Public Health management,527303.0,,False,,"General adminis-
tration",Veterinary Public Health management
migori,2022_23,1,Health-Medical services,,,,False,,Health-Medical services,
migori,2022_23,1,"General adminis-
tration","Infrastructure and Health facility man-
agement",53291500.0,,False,,"General adminis-
tration","Infrastructure and Health facility man-
agement"
migori,2022_23,1,"General adminis-
tration","Health standards, quality assurance and
standards",1836000.0,,False,,"General adminis-
tration","Health standards, quality assurance and
standards"
migori,2022_23,1,"Maternal Health
Services",Maternal Health Services,1256000.0,,False,,"Maternal Health
Services",Maternal Health Services
migori,2022_23,1,"Preventive, promo-
tive Health services
and Disease
Control",Human Nutrition and Dietetics,1025000.0,,False,,"Preventive, promo-
tive Health services
and Disease
Control",Human Nutrition and Dietetics
migori,2022_23,1,"Preventive, promo-
tive Health services
and Disease
Control",Malaria,1115000.0,,False,,"Preventive, promo-
tive Health services
and Disease
Control",Malaria
migori,2022_23,1,"Preventive, promo-
tive Health services
and Disease
Control",HIV/AIDS and TB,1585000.0,,False,,"Preventive, promo-
tive Health services
and Disease
Control",HIV/AIDS and TB
migori,2022_23,1,"Preventive, promo-
tive Health services
and Disease
Control","Disease surveillance /Emergency pre-
paredness& response",10145000.0,445500.0,False,,"Preventive, promo-
tive Health services
and Disease
Control","Disease surveillance /Emergency pre-
paredness& response"
migori,2022_23,1,"Preventive, promo-
tive Health services
and Disease
Control",Health promotion & education,775000.0,144883.0,False,,"Preventive, promo-
tive Health services
and Disease
Control",Health promotion & education
migori,2022_23,1,"Preventive, promo-
tive Health services
and Disease
Control","Non-Communicable Diseases, Violence
and Injuries",6760000.0,1987690.0,False,,"Preventive, promo-
tive Health services
and Disease
Control","Non-Communicable Diseases, Violence
and Injuries"
migori,2022_23,1,"Curative, Rehabili-
tative and Referral
services",Hospital Services,3065200.0,533745.0,False,,"Curative, Rehabili-
tative and Referral
services",Hospital Services
migori,2022_23,1,Health - Public health,,,,False,,Health - Public health,
migori,2022_23,1,Health - Public health,,,,False,,Health - Public health,
migori,2022_23,1,"Planning and
administrative
support services",Health management informative system,17615750.0,,False,,"Planning and
administrative
support services",Health management informative system
migori,2022_23,1,"Preventive and
promotive health
services",Community health services,5520000.0,,False,,"Preventive and
promotive health
services",Community health services
migori,2022_23,1,"Preventive and
promotive health
services","Sanitation and environmental health
services",4428000.0,,False,,"Preventive and
promotive health
services","Sanitation and environmental health
services"
migori,2022_23,1,"Preventive and
promotive health
services",Human nutrition and dietetics,2688000.0,,False,,"Preventive and
promotive health
services",Human nutrition and dietetics
migori,2022_23,1,"Preventive and
promotive health
services",HIV and AIDS management,3300000.0,,False,,"Preventive and
promotive health
services",HIV and AIDS management
migori,2022_23,1,"Preventive and
promotive health
services",Disease surveillance,3208000.0,,False,,"Preventive and
promotive health
services",Disease surveillance
migori,2022_23,1,"Preventive and
promotive health
services",Emergency preparedness and response,4500000.0,,False,,"Preventive and
promotive health
services",Emergency preparedness and response
migori,2022_23,1,"Preventive and
promotive health
services",Health promotion,2350000.0,,False,,"Preventive and
promotive health
services",Health promotion
migori,2022_23,1,"Preventive and
promotive health
services",Family& reproductive health,3143000.0,,False,,"Preventive and
promotive health
services",Family& reproductive health
migori,2022_23,1,"Preventive and
promotive health
services",Non-communicable diseases (NCDs),4478000.0,,False,,"Preventive and
promotive health
services",Non-communicable diseases (NCDs)
migori,2022_23,1,"Preventive and
promotive health
services","Maternal child and adolescence health
services",11388000.0,,False,,"Preventive and
promotive health
services","Maternal child and adolescence health
services"
migori,2022_23,1,LINDA MAMA,"Health Centres and dispensaries Linda
Mama reimbursement (140 facilities)",13760000.0,,False,,LINDA MAMA,"Health Centres and dispensaries Linda
Mama reimbursement (140 facilities)"
migori,2022_23,1,LINDA MAMA,"Hospital Linda Mama reimbursement
(14 hospitals)",26500000.0,,False,,LINDA MAMA,"Hospital Linda Mama reimbursement
(14 hospitals)"
migori,2022_23,1,"Curative, rehabili-
tative and referral
services","Pharmaceutical and non-pharmaceuti-
cal commodities",151437385.0,,False,,"Curative, rehabili-
tative and referral
services","Pharmaceutical and non-pharmaceuti-
cal commodities"
migori,2022_23,1,"Curative, rehabili-
tative and referral
services",Emergency and referral services,5556000.0,,False,,"Curative, rehabili-
tative and referral
services",Emergency and referral services
migori,2022_23,1,"Curative, rehabili-
tative and referral
services",Malaria Control,3520000.0,,False,,"Curative, rehabili-
tative and referral
services",Malaria Control
migori,2022_23,1,"Curative, rehabili-
tative and referral
services",Tuberculosis Control,2180000.0,,False,,"Curative, rehabili-
tative and referral
services",Tuberculosis Control
migori,2022_23,1,"Improvement of
Health Infrastruc-
ture at Dispensary
and Health Centre
- Public","Improvement of Health Infrastructure
at Dispensary and Health Centre - Pub-
lic",105050000.0,,False,,"Improvement of
Health Infrastruc-
ture at Dispensary
and Health Centre
- Public","Improvement of Health Infrastructure
at Dispensary and Health Centre - Pub-
lic"
migori,2022_23,1,External Funding,"THS Transforming Health systems Do-
nor Grant",48944473.0,,False,,External Funding,"THS Transforming Health systems Do-
nor Grant"
mombasa,2022_23,1,3017 Health Services,Administration Unit,3034.3,737.8,False,,3017 Health Services,Administration Unit
mombasa,2022_23,1,3017 Health Services,Curative/Clinical Health Services,231.8,171.1,False,,3017 Health Services,Curative/Clinical Health Services
mombasa,2022_23,1,3017 Health Services,"Preventive and Promotive Services
Unit",86.1,0.0,False,,3017 Health Services,"Preventive and Promotive Services
Unit"
mombasa,2022_23,1,3017 Health Services,Special Programs,51.8,0.0,False,,3017 Health Services,Special Programs
nakuru,2022_23,1,Department of Health Services,,,,False,,Department of Health Services,
nakuru,2022_23,1,"Programme 1:
Administration and
Planning","SP 1.5: Health Infrastructure
and Development",2500000.0,,False,,"Programme 1:
Administration and
Planning","SP 1.5: Health Infrastructure
and Development"
nakuru,2022_23,1,"Programme 2: Health
Preventive and Pro-
motive Services",SP 2:1: Primary Health Care,401799925.0,,False,,"Programme 2: Health
Preventive and Pro-
motive Services",SP 2:1: Primary Health Care
nakuru,2022_23,1,"Programme 2: Health
Preventive and Pro-
motive Services","SP 2.2: Environmental
Health and Sanitation",2000000.0,,False,,"Programme 2: Health
Preventive and Pro-
motive Services","SP 2.2: Environmental
Health and Sanitation"
nakuru,2022_23,1,"Programme 2: Health
Preventive and Pro-
motive Services",SP 2:3: Human Resource,1724215259.0,352742694.0,False,,"Programme 2: Health
Preventive and Pro-
motive Services",SP 2:3: Human Resource
nakuru,2022_23,1,"Programme 2: Health
Preventive and Pro-
motive Services","SP 2.4: Disease Surveillance
and Emergency Response",1897550.0,,False,,"Programme 2: Health
Preventive and Pro-
motive Services","SP 2.4: Disease Surveillance
and Emergency Response"
nakuru,2022_23,1,"Programme 2: Health
Preventive and Pro-
motive Services",SP 2.5: Health Promotive,1000000.0,,False,,"Programme 2: Health
Preventive and Pro-
motive Services",SP 2.5: Health Promotive
nakuru,2022_23,1,"Programme 2: Health
Preventive and Pro-
motive Services",SP 2:6: HIV Programme,2000000.0,,False,,"Programme 2: Health
Preventive and Pro-
motive Services",SP 2:6: HIV Programme
nakuru,2022_23,1,"Programme 2: Health
Preventive and Pro-
motive Services",SP 2:7: Nutrition,10000000.0,,False,,"Programme 2: Health
Preventive and Pro-
motive Services",SP 2:7: Nutrition
nakuru,2022_23,1,"Programme 2: Health
Preventive and Pro-
motive Services",SP 2:8 Reproductive Health,1750000.0,,False,,"Programme 2: Health
Preventive and Pro-
motive Services",SP 2:8 Reproductive Health
nakuru,2022_23,1,"Programme 2: Health
Preventive and Pro-
motive Services",SP 2:9 Immunization,1825775.0,,False,,"Programme 2: Health
Preventive and Pro-
motive Services",SP 2:9 Immunization
nakuru,2022_23,1,"Programme 3: Health
Curative and Reha-
bilitative Services","SP 3:1: Provision of Essential
Health Services in all levels",1627210664.0,263977721.0,False,,"Programme 3: Health
Curative and Reha-
bilitative Services","SP 3:1: Provision of Essential
Health Services in all levels"
nakuru,2022_23,1,"Programme 3: Health
Curative and Reha-
bilitative Services","SP 3.2: Elimination of
communicable and non-
communicable diseases",2200000.0,,False,,"Programme 3: Health
Curative and Reha-
bilitative Services","SP 3.2: Elimination of
communicable and non-
communicable diseases"
nakuru,2022_23,1,"Programme 3: Health
Curative and Reha-
bilitative Services",SP 3:3: Human Resource,2376820332.0,574706434.0,False,,"Programme 3: Health
Curative and Reha-
bilitative Services",SP 3:3: Human Resource
narok,2022_23,1,103004610.0,"Health- Medical Ser-
vices",3419311816.0,893424245.0,False,,103004610.0,"Health- Medical Ser-
vices"
narok,2022_23,1,401004610.0,"Preventive &Promotive
Health Services",981400000.0,205189234.8,False,,401004610.0,"Preventive &Promotive
Health Services"
narok,2022_23,1,403004610.0,Public Health,343898184.0,28786446.0,False,,403004610.0,Public Health
narok,2022_23,1,402004610.0,"Curative Health Ser-
vices",343898184.0,28786446.0,False,,402004610.0,"Curative Health Ser-
vices"
nyamira,2022_23,1,Curative health services,,,,False,,Curative health services,
nyamira,2022_23,1,Curative health services,,,,False,,Curative health services,
nyamira,2022_23,1,Curative health services,,,,False,,Curative health services,
nyandarua,2022_23,1,"Preventive and Promotive
Services",Preventive and Promotive Services,9250000.0,172400.0,False,,"Preventive and Promotive
Services",Preventive and Promotive Services
nyandarua,2022_23,1,Curative Services,Curative Services,250452000.0,53791757.0,False,,Curative Services,Curative Services
nyandarua,2022_23,1,Curative Services,universal health care and grants,191381098.0,12668506.0,False,,Curative Services,universal health care and grants
nyeri,2022_23,1,Health Services,,,,False,,Health Services,
nyeri,2022_23,1,Rural Health,,24091379.0,,False,,Rural Health,
nyeri,2022_23,1,Rural Health,,2573523852.0,537138223.0,False,,Rural Health,
samburu,2022_23,1,DEPARTMENT: COUNTY HEALTH SERVICES,,,,False,,DEPARTMENT: COUNTY HEALTH SERVICES,
samburu,2022_23,1,401004217,Health Promotive Services,133166185.0,21201323.0,False,,401004217,Health Promotive Services
samburu,2022_23,1,401004217,Maternal Health Services,54089842.0,12018751.0,False,,401004217,Maternal Health Services
samburu,2022_23,1,402004217,"Provision of Essential Health Ser-
vices In All The Levels",24914162.0,3639717.0,False,,402004217,"Provision of Essential Health Ser-
vices In All The Levels"
samburu,2022_23,1,402004217,Free Primary Healthcare,166482850.0,3546099.0,False,,402004217,Free Primary Healthcare
samburu,2022_23,1,403004217,Health Infrastructure development,8788504.0,,False,,403004217,Health Infrastructure development
samburu,2022_23,1,403004217,Human Resources for health,68988943.0,13332723.0,False,,403004217,Human Resources for health
samburu,2022_23,1,403004217,"Health Policy, Planning & Financ-
ing",291852229.0,2165880.0,False,,403004217,"Health Policy, Planning & Financ-
ing"
samburu,2022_23,1,403004217,"Health Standards and Quality As-
surance Services",81060204.0,19359485.0,False,,403004217,"Health Standards and Quality As-
surance Services"
siaya,2022_23,1,County Health Services,,,,False,,County Health Services,
siaya,2022_23,1,"Health
Services","General
Administration
and Planning",769899353.0,1500000.0,False,,"Health
Services","General
Administration
and Planning"
siaya,2022_23,1,"Health
Services","Curative healthcare
services",51941624.5,14718491.8,False,,"Health
Services","Curative healthcare
services"
siaya,2022_23,1,"Health
Services","Preventive, Promo-
tive and Rehabili-
tative",43077948.0,17678974.0,False,,"Health
Services","Preventive, Promo-
tive and Rehabili-
tative"
siaya,2022_23,1,"Health
Services","Facility Improve-
ment Fund",51250350.0,1250000.0,False,,"Health
Services","Facility Improve-
ment Fund"
siaya,2022_23,1,"Health
Services",HIV Services,11744270.0,30268.0,False,,"Health
Services",HIV Services
siaya,2022_23,1,"Health
Services",TB Services,38223375.5,,False,,"Health
Services",TB Services
siaya,2022_23,1,"Health
Services",Nutrition Services,30289268.0,607267.0,False,,"Health
Services",Nutrition Services
siaya,2022_23,1,"Health
Services","Environmental
Health Services",25079058.0,850000.0,False,,"Health
Services","Environmental
Health Services"
tharaka,2022_23,1,Medical Services,,,,False,,Medical Services,
tharaka,2022_23,1,"Curative and Rehabilitative
Services",Laboratory Services,45000000.0,462600.0,False,,"Curative and Rehabilitative
Services",Laboratory Services
tharaka,2022_23,1,"Curative and Rehabilitative
Services",Medical Supplies,173000000.0,26553727.0,False,,"Curative and Rehabilitative
Services",Medical Supplies
tharaka,2022_23,1,Public Health and Sanitation,,,,False,,Public Health and Sanitation,
tharaka,2022_23,1,"Preventive and Promotive Health
Services",Disease Surveillance,6000000.0,,False,,"Preventive and Promotive Health
Services",Disease Surveillance
tharaka,2022_23,1,"Preventive and Promotive Health
Services",Environmental Health Services,32987000.0,,False,,"Preventive and Promotive Health
Services",Environmental Health Services
tharaka,2022_23,1,"Preventive and Promotive Health
Services","Health Promotion and Disease
Control",414321272.0,85199359.0,False,,"Preventive and Promotive Health
Services","Health Promotion and Disease
Control"
tharaka,2022_23,1,"Preventive and Promotive Health
Services","HIV and AIDS Support Ser-
vices",3900000.0,,False,,"Preventive and Promotive Health
Services","HIV and AIDS Support Ser-
vices"
tharaka,2022_23,1,"Preventive and Promotive Health
Services","Reproductive Maternal and
Child Health Services",2500000.0,,False,,"Preventive and Promotive Health
Services","Reproductive Maternal and
Child Health Services"
tharaka,2022_23,1,"Preventive and Promotive Health
Services",,459708272.0,85199359.0,False,,"Preventive and Promotive Health
Services",
trans,2022_23,1,Sp1.1,"Preventive Health
Services",607889496.0,,False,,Sp1.1,"Preventive Health
Services"
turkana,2022_23,1,"Turkana Water
Programme
Joint planning
with stakeholders
Irrigation and
Schemes Develop-
ment Programme
General Admin-
istration and
Support
Health & Sanita-
tion Services
General Adminis-
tration, Planning
and support
services
Support to Health
Programs
Laboratory Ser-
vices","General Adminis-
tration, Planning
and support ser-
vices",20000000.0,,False,,"Turkana Water
Programme
Joint planning
with stakeholders
Irrigation and
Schemes Develop-
ment Programme
General Admin-
istration and
Support
Health & Sanita-
tion Services
General Adminis-
tration, Planning
and support
services
Support to Health
Programs
Laboratory Ser-
vices","General Adminis-
tration, Planning
and support ser-
vices"
turkana,2022_23,1,"Turkana Water
Programme
Joint planning
with stakeholders
Irrigation and
Schemes Develop-
ment Programme
General Admin-
istration and
Support
Health & Sanita-
tion Services
General Adminis-
tration, Planning
and support
services
Support to Health
Programs
Laboratory Ser-
vices","Construction and
Desilting of Water
Pans/Rock Catch-
ment",55000000.0,,False,,"Turkana Water
Programme
Joint planning
with stakeholders
Irrigation and
Schemes Develop-
ment Programme
General Admin-
istration and
Support
Health & Sanita-
tion Services
General Adminis-
tration, Planning
and support
services
Support to Health
Programs
Laboratory Ser-
vices","Construction and
Desilting of Water
Pans/Rock Catch-
ment"
turkana,2022_23,1,"Turkana Water
Programme
Joint planning
with stakeholders
Irrigation and
Schemes Develop-
ment Programme
General Admin-
istration and
Support
Health & Sanita-
tion Services
General Adminis-
tration, Planning
and support
services
Support to Health
Programs
Laboratory Ser-
vices","Rehabilitation of
Water Infrastruc-
ture",132408716.0,823200.0,False,,"Turkana Water
Programme
Joint planning
with stakeholders
Irrigation and
Schemes Develop-
ment Programme
General Admin-
istration and
Support
Health & Sanita-
tion Services
General Adminis-
tration, Planning
and support
services
Support to Health
Programs
Laboratory Ser-
vices","Rehabilitation of
Water Infrastruc-
ture"
turkana,2022_23,1,"Turkana Water
Programme
Joint planning
with stakeholders
Irrigation and
Schemes Develop-
ment Programme
General Admin-
istration and
Support
Health & Sanita-
tion Services
General Adminis-
tration, Planning
and support
services
Support to Health
Programs
Laboratory Ser-
vices","Drilling and
Equipping of
Boreholes",204999963.0,,False,,"Turkana Water
Programme
Joint planning
with stakeholders
Irrigation and
Schemes Develop-
ment Programme
General Admin-
istration and
Support
Health & Sanita-
tion Services
General Adminis-
tration, Planning
and support
services
Support to Health
Programs
Laboratory Ser-
vices","Drilling and
Equipping of
Boreholes"
turkana,2022_23,1,"Turkana Water
Programme
Joint planning
with stakeholders
Irrigation and
Schemes Develop-
ment Programme
General Admin-
istration and
Support
Health & Sanita-
tion Services
General Adminis-
tration, Planning
and support
services
Support to Health
Programs
Laboratory Ser-
vices","Equipment of
Quality Analysis
Laboratory",4500000.0,,False,,"Turkana Water
Programme
Joint planning
with stakeholders
Irrigation and
Schemes Develop-
ment Programme
General Admin-
istration and
Support
Health & Sanita-
tion Services
General Adminis-
tration, Planning
and support
services
Support to Health
Programs
Laboratory Ser-
vices","Equipment of
Quality Analysis
Laboratory"
turkana,2022_23,1,"Turkana Water
Programme
Joint planning
with stakeholders
Irrigation and
Schemes Develop-
ment Programme
General Admin-
istration and
Support
Health & Sanita-
tion Services
General Adminis-
tration, Planning
and support
services
Support to Health
Programs
Laboratory Ser-
vices","Project Coordina-
tion and Manage-
ment",3000000.0,,False,,"Turkana Water
Programme
Joint planning
with stakeholders
Irrigation and
Schemes Develop-
ment Programme
General Admin-
istration and
Support
Health & Sanita-
tion Services
General Adminis-
tration, Planning
and support
services
Support to Health
Programs
Laboratory Ser-
vices","Project Coordina-
tion and Manage-
ment"
turkana,2022_23,1,"Turkana Water
Programme
Joint planning
with stakeholders
Irrigation and
Schemes Develop-
ment Programme
General Admin-
istration and
Support
Health & Sanita-
tion Services
General Adminis-
tration, Planning
and support
services
Support to Health
Programs
Laboratory Ser-
vices","Technical plan-
ning and design",100177290.0,,False,,"Turkana Water
Programme
Joint planning
with stakeholders
Irrigation and
Schemes Develop-
ment Programme
General Admin-
istration and
Support
Health & Sanita-
tion Services
General Adminis-
tration, Planning
and support
services
Support to Health
Programs
Laboratory Ser-
vices","Technical plan-
ning and design"
turkana,2022_23,1,"Turkana Water
Programme
Joint planning
with stakeholders
Irrigation and
Schemes Develop-
ment Programme
General Admin-
istration and
Support
Health & Sanita-
tion Services
General Adminis-
tration, Planning
and support
services
Support to Health
Programs
Laboratory Ser-
vices","Feasibility studies
for irrigation sys-
tems development",3300000.0,,False,,"Turkana Water
Programme
Joint planning
with stakeholders
Irrigation and
Schemes Develop-
ment Programme
General Admin-
istration and
Support
Health & Sanita-
tion Services
General Adminis-
tration, Planning
and support
services
Support to Health
Programs
Laboratory Ser-
vices","Feasibility studies
for irrigation sys-
tems development"
turkana,2022_23,1,"Turkana Water
Programme
Joint planning
with stakeholders
Irrigation and
Schemes Develop-
ment Programme
General Admin-
istration and
Support
Health & Sanita-
tion Services
General Adminis-
tration, Planning
and support
services
Support to Health
Programs
Laboratory Ser-
vices","General Admin-
istration and Sup-
port",84220000.0,3577294.0,False,,"Turkana Water
Programme
Joint planning
with stakeholders
Irrigation and
Schemes Develop-
ment Programme
General Admin-
istration and
Support
Health & Sanita-
tion Services
General Adminis-
tration, Planning
and support
services
Support to Health
Programs
Laboratory Ser-
vices","General Admin-
istration and Sup-
port"
turkana,2022_23,1,"Turkana Water
Programme
Joint planning
with stakeholders
Irrigation and
Schemes Develop-
ment Programme
General Admin-
istration and
Support
Health & Sanita-
tion Services
General Adminis-
tration, Planning
and support
services
Support to Health
Programs
Laboratory Ser-
vices",,,,False,,"Turkana Water
Programme
Joint planning
with stakeholders
Irrigation and
Schemes Develop-
ment Programme
General Admin-
istration and
Support
Health & Sanita-
tion Services
General Adminis-
tration, Planning
and support
services
Support to Health
Programs
Laboratory Ser-
vices",
turkana,2022_23,1,"Turkana Water
Programme
Joint planning
with stakeholders
Irrigation and
Schemes Develop-
ment Programme
General Admin-
istration and
Support
Health & Sanita-
tion Services
General Adminis-
tration, Planning
and support
services
Support to Health
Programs
Laboratory Ser-
vices","General Adminis-
tration, Planning
and support ser-
vices",138262941.0,7363664.0,False,,"Turkana Water
Programme
Joint planning
with stakeholders
Irrigation and
Schemes Develop-
ment Programme
General Admin-
istration and
Support
Health & Sanita-
tion Services
General Adminis-
tration, Planning
and support
services
Support to Health
Programs
Laboratory Ser-
vices","General Adminis-
tration, Planning
and support ser-
vices"
turkana,2022_23,1,"Turkana Water
Programme
Joint planning
with stakeholders
Irrigation and
Schemes Develop-
ment Programme
General Admin-
istration and
Support
Health & Sanita-
tion Services
General Adminis-
tration, Planning
and support
services
Support to Health
Programs
Laboratory Ser-
vices",,,,False,,"Turkana Water
Programme
Joint planning
with stakeholders
Irrigation and
Schemes Develop-
ment Programme
General Admin-
istration and
Support
Health & Sanita-
tion Services
General Adminis-
tration, Planning
and support
services
Support to Health
Programs
Laboratory Ser-
vices",
turkana,2022_23,1,"Turkana Water
Programme
Joint planning
with stakeholders
Irrigation and
Schemes Develop-
ment Programme
General Admin-
istration and
Support
Health & Sanita-
tion Services
General Adminis-
tration, Planning
and support
services
Support to Health
Programs
Laboratory Ser-
vices",Health Facilities,818394317.0,,False,,"Turkana Water
Programme
Joint planning
with stakeholders
Irrigation and
Schemes Develop-
ment Programme
General Admin-
istration and
Support
Health & Sanita-
tion Services
General Adminis-
tration, Planning
and support
services
Support to Health
Programs
Laboratory Ser-
vices",Health Facilities
turkana,2022_23,1,"Turkana Water
Programme
Joint planning
with stakeholders
Irrigation and
Schemes Develop-
ment Programme
General Admin-
istration and
Support
Health & Sanita-
tion Services
General Adminis-
tration, Planning
and support
services
Support to Health
Programs
Laboratory Ser-
vices","HIV & AIDS in-
cluding commu-
nity-based HIV
interventions",800000.0,,False,,"Turkana Water
Programme
Joint planning
with stakeholders
Irrigation and
Schemes Develop-
ment Programme
General Admin-
istration and
Support
Health & Sanita-
tion Services
General Adminis-
tration, Planning
and support
services
Support to Health
Programs
Laboratory Ser-
vices","HIV & AIDS in-
cluding commu-
nity-based HIV
interventions"
turkana,2022_23,1,"Turkana Water
Programme
Joint planning
with stakeholders
Irrigation and
Schemes Develop-
ment Programme
General Admin-
istration and
Support
Health & Sanita-
tion Services
General Adminis-
tration, Planning
and support
services
Support to Health
Programs
Laboratory Ser-
vices",TB & Leprosy,400000.0,,False,,"Turkana Water
Programme
Joint planning
with stakeholders
Irrigation and
Schemes Develop-
ment Programme
General Admin-
istration and
Support
Health & Sanita-
tion Services
General Adminis-
tration, Planning
and support
services
Support to Health
Programs
Laboratory Ser-
vices",TB & Leprosy
turkana,2022_23,1,"Turkana Water
Programme
Joint planning
with stakeholders
Irrigation and
Schemes Develop-
ment Programme
General Admin-
istration and
Support
Health & Sanita-
tion Services
General Adminis-
tration, Planning
and support
services
Support to Health
Programs
Laboratory Ser-
vices",Malaria,700000.0,,False,,"Turkana Water
Programme
Joint planning
with stakeholders
Irrigation and
Schemes Develop-
ment Programme
General Admin-
istration and
Support
Health & Sanita-
tion Services
General Adminis-
tration, Planning
and support
services
Support to Health
Programs
Laboratory Ser-
vices",Malaria
turkana,2022_23,1,"Turkana Water
Programme
Joint planning
with stakeholders
Irrigation and
Schemes Develop-
ment Programme
General Admin-
istration and
Support
Health & Sanita-
tion Services
General Adminis-
tration, Planning
and support
services
Support to Health
Programs
Laboratory Ser-
vices","NTDs (neglected
tropical diseases)",500000.0,,False,,"Turkana Water
Programme
Joint planning
with stakeholders
Irrigation and
Schemes Develop-
ment Programme
General Admin-
istration and
Support
Health & Sanita-
tion Services
General Adminis-
tration, Planning
and support
services
Support to Health
Programs
Laboratory Ser-
vices","NTDs (neglected
tropical diseases)"
turkana,2022_23,1,"Turkana Water
Programme
Joint planning
with stakeholders
Irrigation and
Schemes Develop-
ment Programme
General Admin-
istration and
Support
Health & Sanita-
tion Services
General Adminis-
tration, Planning
and support
services
Support to Health
Programs
Laboratory Ser-
vices",Nutrition,642500.0,,False,,"Turkana Water
Programme
Joint planning
with stakeholders
Irrigation and
Schemes Develop-
ment Programme
General Admin-
istration and
Support
Health & Sanita-
tion Services
General Adminis-
tration, Planning
and support
services
Support to Health
Programs
Laboratory Ser-
vices",Nutrition
turkana,2022_23,1,"Turkana Water
Programme
Joint planning
with stakeholders
Irrigation and
Schemes Develop-
ment Programme
General Admin-
istration and
Support
Health & Sanita-
tion Services
General Adminis-
tration, Planning
and support
services
Support to Health
Programs
Laboratory Ser-
vices","Reproductive
health",630000.0,,False,,"Turkana Water
Programme
Joint planning
with stakeholders
Irrigation and
Schemes Develop-
ment Programme
General Admin-
istration and
Support
Health & Sanita-
tion Services
General Adminis-
tration, Planning
and support
services
Support to Health
Programs
Laboratory Ser-
vices","Reproductive
health"
turkana,2022_23,1,"Turkana Water
Programme
Joint planning
with stakeholders
Irrigation and
Schemes Develop-
ment Programme
General Admin-
istration and
Support
Health & Sanita-
tion Services
General Adminis-
tration, Planning
and support
services
Support to Health
Programs
Laboratory Ser-
vices","Disease surveil-
lance",850000.0,,False,,"Turkana Water
Programme
Joint planning
with stakeholders
Irrigation and
Schemes Develop-
ment Programme
General Admin-
istration and
Support
Health & Sanita-
tion Services
General Adminis-
tration, Planning
and support
services
Support to Health
Programs
Laboratory Ser-
vices","Disease surveil-
lance"
turkana,2022_23,1,"Turkana Water
Programme
Joint planning
with stakeholders
Irrigation and
Schemes Develop-
ment Programme
General Admin-
istration and
Support
Health & Sanita-
tion Services
General Adminis-
tration, Planning
and support
services
Support to Health
Programs
Laboratory Ser-
vices",EPI/outreaches,500000.0,,False,,"Turkana Water
Programme
Joint planning
with stakeholders
Irrigation and
Schemes Develop-
ment Programme
General Admin-
istration and
Support
Health & Sanita-
tion Services
General Adminis-
tration, Planning
and support
services
Support to Health
Programs
Laboratory Ser-
vices",EPI/outreaches
turkana,2022_23,1,"Turkana Water
Programme
Joint planning
with stakeholders
Irrigation and
Schemes Develop-
ment Programme
General Admin-
istration and
Support
Health & Sanita-
tion Services
General Adminis-
tration, Planning
and support
services
Support to Health
Programs
Laboratory Ser-
vices",Health promotion,400000.0,,False,,"Turkana Water
Programme
Joint planning
with stakeholders
Irrigation and
Schemes Develop-
ment Programme
General Admin-
istration and
Support
Health & Sanita-
tion Services
General Adminis-
tration, Planning
and support
services
Support to Health
Programs
Laboratory Ser-
vices",Health promotion
turkana,2022_23,1,"Turkana Water
Programme
Joint planning
with stakeholders
Irrigation and
Schemes Develop-
ment Programme
General Admin-
istration and
Support
Health & Sanita-
tion Services
General Adminis-
tration, Planning
and support
services
Support to Health
Programs
Laboratory Ser-
vices","Environmental
health services",600000.0,,False,,"Turkana Water
Programme
Joint planning
with stakeholders
Irrigation and
Schemes Develop-
ment Programme
General Admin-
istration and
Support
Health & Sanita-
tion Services
General Adminis-
tration, Planning
and support
services
Support to Health
Programs
Laboratory Ser-
vices","Environmental
health services"
turkana,2022_23,1,"Turkana Water
Programme
Joint planning
with stakeholders
Irrigation and
Schemes Develop-
ment Programme
General Admin-
istration and
Support
Health & Sanita-
tion Services
General Adminis-
tration, Planning
and support
services
Support to Health
Programs
Laboratory Ser-
vices","Emergency pre-
paredness & disas-
ter response",600000.0,,False,,"Turkana Water
Programme
Joint planning
with stakeholders
Irrigation and
Schemes Develop-
ment Programme
General Admin-
istration and
Support
Health & Sanita-
tion Services
General Adminis-
tration, Planning
and support
services
Support to Health
Programs
Laboratory Ser-
vices","Emergency pre-
paredness & disas-
ter response"
turkana,2022_23,1,"Turkana Water
Programme
Joint planning
with stakeholders
Irrigation and
Schemes Develop-
ment Programme
General Admin-
istration and
Support
Health & Sanita-
tion Services
General Adminis-
tration, Planning
and support
services
Support to Health
Programs
Laboratory Ser-
vices",mainstreaming,400000.0,,False,,"Turkana Water
Programme
Joint planning
with stakeholders
Irrigation and
Schemes Develop-
ment Programme
General Admin-
istration and
Support
Health & Sanita-
tion Services
General Adminis-
tration, Planning
and support
services
Support to Health
Programs
Laboratory Ser-
vices",mainstreaming
turkana,2022_23,1,"Turkana Water
Programme
Joint planning
with stakeholders
Irrigation and
Schemes Develop-
ment Programme
General Admin-
istration and
Support
Health & Sanita-
tion Services
General Adminis-
tration, Planning
and support
services
Support to Health
Programs
Laboratory Ser-
vices","C ommunity
Health Services",80568000.0,,False,,"Turkana Water
Programme
Joint planning
with stakeholders
Irrigation and
Schemes Develop-
ment Programme
General Admin-
istration and
Support
Health & Sanita-
tion Services
General Adminis-
tration, Planning
and support
services
Support to Health
Programs
Laboratory Ser-
vices","C ommunity
Health Services"
turkana,2022_23,1,"Turkana Water
Programme
Joint planning
with stakeholders
Irrigation and
Schemes Develop-
ment Programme
General Admin-
istration and
Support
Health & Sanita-
tion Services
General Adminis-
tration, Planning
and support
services
Support to Health
Programs
Laboratory Ser-
vices","Laboratory Ser-
vices",850000.0,,False,,"Turkana Water
Programme
Joint planning
with stakeholders
Irrigation and
Schemes Develop-
ment Programme
General Admin-
istration and
Support
Health & Sanita-
tion Services
General Adminis-
tration, Planning
and support
services
Support to Health
Programs
Laboratory Ser-
vices","Laboratory Ser-
vices"
turkana,2022_23,1,"Turkana Water
Programme
Joint planning
with stakeholders
Irrigation and
Schemes Develop-
ment Programme
General Admin-
istration and
Support
Health & Sanita-
tion Services
General Adminis-
tration, Planning
and support
services
Support to Health
Programs
Laboratory Ser-
vices","Blood Transfusion
Services",1550000.0,,False,,"Turkana Water
Programme
Joint planning
with stakeholders
Irrigation and
Schemes Develop-
ment Programme
General Admin-
istration and
Support
Health & Sanita-
tion Services
General Adminis-
tration, Planning
and support
services
Support to Health
Programs
Laboratory Ser-
vices","Blood Transfusion
Services"
turkana,2022_23,1,"Turkana Water
Programme
Joint planning
with stakeholders
Irrigation and
Schemes Develop-
ment Programme
General Admin-
istration and
Support
Health & Sanita-
tion Services
General Adminis-
tration, Planning
and support
services
Support to Health
Programs
Laboratory Ser-
vices","Rehabilitative Ser-
vices",650000.0,,False,,"Turkana Water
Programme
Joint planning
with stakeholders
Irrigation and
Schemes Develop-
ment Programme
General Admin-
istration and
Support
Health & Sanita-
tion Services
General Adminis-
tration, Planning
and support
services
Support to Health
Programs
Laboratory Ser-
vices","Rehabilitative Ser-
vices"
turkana,2022_23,1,"Turkana Water
Programme
Joint planning
with stakeholders
Irrigation and
Schemes Develop-
ment Programme
General Admin-
istration and
Support
Health & Sanita-
tion Services
General Adminis-
tration, Planning
and support
services
Support to Health
Programs
Laboratory Ser-
vices","Referrals & Emer-
gency Services",1100000.0,,False,,"Turkana Water
Programme
Joint planning
with stakeholders
Irrigation and
Schemes Develop-
ment Programme
General Admin-
istration and
Support
Health & Sanita-
tion Services
General Adminis-
tration, Planning
and support
services
Support to Health
Programs
Laboratory Ser-
vices","Referrals & Emer-
gency Services"
turkana,2022_23,1,"Turkana Water
Programme
Joint planning
with stakeholders
Irrigation and
Schemes Develop-
ment Programme
General Admin-
istration and
Support
Health & Sanita-
tion Services
General Adminis-
tration, Planning
and support
services
Support to Health
Programs
Laboratory Ser-
vices",,,600000.0,False,,"Turkana Water
Programme
Joint planning
with stakeholders
Irrigation and
Schemes Develop-
ment Programme
General Admin-
istration and
Support
Health & Sanita-
tion Services
General Adminis-
tration, Planning
and support
services
Support to Health
Programs
Laboratory Ser-
vices",
turkana,2022_23,1,"Turkana Water
Programme
Joint planning
with stakeholders
Irrigation and
Schemes Develop-
ment Programme
General Admin-
istration and
Support
Health & Sanita-
tion Services
General Adminis-
tration, Planning
and support
services
Support to Health
Programs
Laboratory Ser-
vices",,,500000.0,False,,"Turkana Water
Programme
Joint planning
with stakeholders
Irrigation and
Schemes Develop-
ment Programme
General Admin-
istration and
Support
Health & Sanita-
tion Services
General Adminis-
tration, Planning
and support
services
Support to Health
Programs
Laboratory Ser-
vices",
turkana,2022_23,1,"Turkana Water
Programme
Joint planning
with stakeholders
Irrigation and
Schemes Develop-
ment Programme
General Admin-
istration and
Support
Health & Sanita-
tion Services
General Adminis-
tration, Planning
and support
services
Support to Health
Programs
Laboratory Ser-
vices",,,622500.0,False,,"Turkana Water
Programme
Joint planning
with stakeholders
Irrigation and
Schemes Develop-
ment Programme
General Admin-
istration and
Support
Health & Sanita-
tion Services
General Adminis-
tration, Planning
and support
services
Support to Health
Programs
Laboratory Ser-
vices",
turkana,2022_23,1,"Turkana Water
Programme
Joint planning
with stakeholders
Irrigation and
Schemes Develop-
ment Programme
General Admin-
istration and
Support
Health & Sanita-
tion Services
General Adminis-
tration, Planning
and support
services
Support to Health
Programs
Laboratory Ser-
vices",,,650000.0,False,,"Turkana Water
Programme
Joint planning
with stakeholders
Irrigation and
Schemes Develop-
ment Programme
General Admin-
istration and
Support
Health & Sanita-
tion Services
General Adminis-
tration, Planning
and support
services
Support to Health
Programs
Laboratory Ser-
vices",
turkana,2022_23,1,"Turkana Water
Programme
Joint planning
with stakeholders
Irrigation and
Schemes Develop-
ment Programme
General Admin-
istration and
Support
Health & Sanita-
tion Services
General Adminis-
tration, Planning
and support
services
Support to Health
Programs
Laboratory Ser-
vices",,,62425000.0,False,,"Turkana Water
Programme
Joint planning
with stakeholders
Irrigation and
Schemes Develop-
ment Programme
General Admin-
istration and
Support
Health & Sanita-
tion Services
General Adminis-
tration, Planning
and support
services
Support to Health
Programs
Laboratory Ser-
vices",
turkana,2022_23,1,"Turkana Water
Programme
Joint planning
with stakeholders
Irrigation and
Schemes Develop-
ment Programme
General Admin-
istration and
Support
Health & Sanita-
tion Services
General Adminis-
tration, Planning
and support
services
Support to Health
Programs
Laboratory Ser-
vices",,,235021000.0,False,,"Turkana Water
Programme
Joint planning
with stakeholders
Irrigation and
Schemes Develop-
ment Programme
General Admin-
istration and
Support
Health & Sanita-
tion Services
General Adminis-
tration, Planning
and support
services
Support to Health
Programs
Laboratory Ser-
vices",
turkana,2022_23,1,"Turkana Water
Programme
Joint planning
with stakeholders
Irrigation and
Schemes Develop-
ment Programme
General Admin-
istration and
Support
Health & Sanita-
tion Services
General Adminis-
tration, Planning
and support
services
Support to Health
Programs
Laboratory Ser-
vices",,,900000.0,False,,"Turkana Water
Programme
Joint planning
with stakeholders
Irrigation and
Schemes Develop-
ment Programme
General Admin-
istration and
Support
Health & Sanita-
tion Services
General Adminis-
tration, Planning
and support
services
Support to Health
Programs
Laboratory Ser-
vices",
turkana,2022_23,1,"Health
Information and
Management",,,628000.0,False,,"Health
Information and
Management",
turkana,2022_23,1,"Health
Information and
Management",,,900000.0,False,,"Health
Information and
Management",
turkana,2022_23,1,"Health
Information and
Management",,,9400000.0,False,,"Health
Information and
Management",
turkana,2022_23,1,"Health
Information and
Management",,,,False,,"Health
Information and
Management",
turkana,2022_23,1,"Health
Information and
Management",,,950000.0,False,,"Health
Information and
Management",
turkana,2022_23,1,"Health
Information and
Management",,,550000.0,False,,"Health
Information and
Management",
turkana,2022_23,1,"Health
Information and
Management",,,300000.0,False,,"Health
Information and
Management",
turkana,2022_23,1,"Health
Information and
Management",,,2300000.0,False,,"Health
Information and
Management",
turkana,2022_23,1,"Health
Information and
Management",,,2200000.0,False,,"Health
Information and
Management",
turkana,2022_23,1,"Health
Information and
Management",,,15915000.0,False,,"Health
Information and
Management",
turkana,2022_23,1,"Health
Information and
Management",,,1050850.0,False,,"Health
Information and
Management",
turkana,2022_23,1,"Health
Information and
Management",,,1383310108.0,False,,"Health
Information and
Management",
vihiga,2022_23,1,"Administration, Planning and
Support Services",Healthcare Financing,6865000.0,178000.0,False,,"Administration, Planning and
Support Services",Healthcare Financing
vihiga,2022_23,1,"Promotive and Preventive
Healthcare Services",,4670000.0,0.0,False,,"Promotive and Preventive
Healthcare Services",
vihiga,2022_23,1,"Promotive and Preventive
Healthcare Services",Public Health Services,2060000.0,0.0,False,,"Promotive and Preventive
Healthcare Services",Public Health Services
vihiga,2022_23,1,"Promotive and Preventive
Healthcare Services","Community Health
Strategy",1000000.0,0.0,False,,"Promotive and Preventive
Healthcare Services","Community Health
Strategy"
vihiga,2022_23,1,"Promotive and Preventive
Healthcare Services",Health Promotion,250000.0,0.0,False,,"Promotive and Preventive
Healthcare Services",Health Promotion
vihiga,2022_23,1,"Promotive and Preventive
Healthcare Services","Reproductive Health-
care",1350000.0,0.0,False,,"Promotive and Preventive
Healthcare Services","Reproductive Health-
care"
vihiga,2022_23,1,"Promotive and Preventive
Healthcare Services","Disease Surveillance
and Emergency",10000.0,0.0,False,,"Promotive and Preventive
Healthcare Services","Disease Surveillance
and Emergency"
vihiga,2022_23,1,"Curative and Rehabilitative
Health Services",,29650000.0,0.0,False,,"Curative and Rehabilitative
Health Services",
vihiga,2022_23,1,"Curative and Rehabilitative
Health Services",Medical services,29400000.0,0.0,False,,"Curative and Rehabilitative
Health Services",Medical services
vihiga,2022_23,1,"Curative and Rehabilitative
Health Services",County referral services,250000.0,0.0,False,,"Curative and Rehabilitative
Health Services",County referral services
vihiga,2022_23,1,Child and Maternal Health Care,,8060000.0,995000.0,False,,Child and Maternal Health Care,
vihiga,2022_23,1,Child and Maternal Health Care,"Antenatal and Post Na-
tal healthcare",1300000.0,0.0,False,,Child and Maternal Health Care,"Antenatal and Post Na-
tal healthcare"
vihiga,2022_23,1,Child and Maternal Health Care,"Antenatal and Post Na-
tal Healthcare",5260000.0,995000.0,False,,Child and Maternal Health Care,"Antenatal and Post Na-
tal Healthcare"
vihiga,2022_23,1,Child and Maternal Health Care,"Newborn, Child and
Adolescent Health",250000.0,0.0,False,,Child and Maternal Health Care,"Newborn, Child and
Adolescent Health"
vihiga,2022_23,1,Child and Maternal Health Care,Nutrition Services,1250000.0,0.0,False,,Child and Maternal Health Care,Nutrition Services
west,2022_23,1,Programme 4 - HEALTH AND SANITATION,,,,False,,Programme 4 - HEALTH AND SANITATION,
west,2022_23,1,SP 2-(Preventive Health Services),,86816000.0,,False,,SP 2-(Preventive Health Services),
west,2022_23,1,SP 3-(Curative Health Services),,257900069.0,,False,,SP 3-(Curative Health Services),
west,2022_23,1,SP 4-(Kacheliba Sub-county hospital),,12940000.0,,False,,SP 4-(Kacheliba Sub-county hospital),
west,2022_23,1,SP 5-(Sigor Sub-county hospital),,12860000.0,,False,,SP 5-(Sigor Sub-county hospital),
west,2022_23,1,SP 6-(Chepareria Sub-county hospital),,12860000.0,,False,,SP 6-(Chepareria Sub-county hospital),
bomet,2022_23,2,Medical Services and Public Health,,,,False,,Medical Services and Public Health,
bomet,2022_23,2,"Medical Ser-
vices and Pub-
lic Health","Administration, Planning
and Support Services",1266555662.0,580929438.0,False,,"Medical Ser-
vices and Pub-
lic Health","Administration, Planning
and Support Services"
bomet,2022_23,2,"Medical Ser-
vices and Pub-
lic Health",Policy Development,5000000.0,,False,,"Medical Ser-
vices and Pub-
lic Health",Policy Development
bomet,2022_23,2,"Medical Ser-
vices and Pub-
lic Health","Healthcare financing –
transfers to health facilities",188019221.0,80482000.0,False,,"Medical Ser-
vices and Pub-
lic Health","Healthcare financing –
transfers to health facilities"
bomet,2022_23,2,"Medical Ser-
vices and Pub-
lic Health",Curative Services,215383102.0,38425892.0,False,,"Medical Ser-
vices and Pub-
lic Health",Curative Services
bomet,2022_23,2,"Medical Ser-
vices and Pub-
lic Health","Preventive and Promotive
Services",111629352.0,,False,,"Medical Ser-
vices and Pub-
lic Health","Preventive and Promotive
Services"
bomet,2022_23,2,"Medical Ser-
vices and Pub-
lic Health","Reproductive Health Ser-
vices",15000000.0,,False,,"Medical Ser-
vices and Pub-
lic Health","Reproductive Health Ser-
vices"
bomet,2022_23,2,"Medical Ser-
vices and Pub-
lic Health","Health Infrastructure De-
velopment",,,False,,"Medical Ser-
vices and Pub-
lic Health","Health Infrastructure De-
velopment"
bungoma,2022_23,2,Health and Sanitation,,,,False,,Health and Sanitation,
bungoma,2022_23,2,"Programme1: General
Administration and
Planning, and Support
Services","SP 1: Health Administration Planning and sup-
port services",412857131.0,35250894.0,False,,"Programme1: General
Administration and
Planning, and Support
Services","SP 1: Health Administration Planning and sup-
port services"
bungoma,2022_23,2,"Programme1: General
Administration and
Planning, and Support
Services",SP3.Health Infrastructure,191976917.0,,False,,"Programme1: General
Administration and
Planning, and Support
Services",SP3.Health Infrastructure
bungoma,2022_23,2,"Programme 2: Pre-
ventive Promotive and
Rehabilitative",SP 2: Health Promotion services,6000000.0,,False,,"Programme 2: Pre-
ventive Promotive and
Rehabilitative",SP 2: Health Promotion services
bungoma,2022_23,2,"Programme 2: Pre-
ventive Promotive and
Rehabilitative",SP 4: Community health services,78072000.0,,False,,"Programme 2: Pre-
ventive Promotive and
Rehabilitative",SP 4: Community health services
bungoma,2022_23,2,Programme 3: Curative,,435853571.0,,False,,Programme 3: Curative,
bungoma,2022_23,2,Programme 3: Curative,SP 3: Routine Medical Services,424865820.0,,False,,Programme 3: Curative,SP 3: Routine Medical Services
bungoma,2022_23,2,Programme 3: Curative,SP 3: Blood Bank Services,10000000.0,,False,,Programme 3: Curative,SP 3: Blood Bank Services
bungoma,2022_23,2,Programme 3: Curative,Referral Strategy,987751.0,,False,,Programme 3: Curative,Referral Strategy
bungoma,2022_23,2,"Programme 4: Health
Research",,,,False,,"Programme 4: Health
Research",
bungoma,2022_23,2,"Programme 4: Health
Research",SP 4: Capacity Development,,,False,,"Programme 4: Health
Research",SP 4: Capacity Development
bungoma,2022_23,2,"Programme 4: Health
Research",SP 4: Research,,,False,,"Programme 4: Health
Research",SP 4: Research
bungoma,2022_23,2,"Programme 5: Maternal
and Child Health",,54469787.0,,False,,"Programme 5: Maternal
and Child Health",
bungoma,2022_23,2,"Programme 5: Maternal
and Child Health",SP 5: Family planning,,,False,,"Programme 5: Maternal
and Child Health",SP 5: Family planning
bungoma,2022_23,2,"Programme 5: Maternal
and Child Health",SP 5: Maternity Services,52969787.0,,False,,"Programme 5: Maternal
and Child Health",SP 5: Maternity Services
bungoma,2022_23,2,"Programme 5: Maternal
and Child Health",SP 5: Immunization Services,1500000.0,,False,,"Programme 5: Maternal
and Child Health",SP 5: Immunization Services
bungoma,2022_23,2,"Programme 5: Maternal
and Child Health",Procuring of mama packs,,,False,,"Programme 5: Maternal
and Child Health",Procuring of mama packs
busia,2022_23,2,"CP 10: Veterinary health
services","CSP 10.1: Veterinary Disease
Control",14751914.0,,False,,"CP 10: Veterinary health
services","CSP 10.1: Veterinary Disease
Control"
busia,2022_23,2,"CP 10: Veterinary health
services",CSP 10.2: AI services,4100000.0,,False,,"CP 10: Veterinary health
services",CSP 10.2: AI services
busia,2022_23,2,"CP 10: Veterinary health
services","CSP 10.3: Meat inspection
services",16799886.0,,False,,"CP 10: Veterinary health
services","CSP 10.3: Meat inspection
services"
busia,2022_23,2,"CP 10: Veterinary health
services",CSP 10.4: Veterinary Extension,5000000.0,5000000.0,False,,"CP 10: Veterinary health
services",CSP 10.4: Veterinary Extension
busia,2022_23,2,Department of Health and Sanitation,,,,False,,Department of Health and Sanitation,
busia,2022_23,2,"CP 54: Curative Health
Services","CSP 54.1: Infrastructure devel-
opment",129488069.0,25662788.0,False,,"CP 54: Curative Health
Services","CSP 54.1: Infrastructure devel-
opment"
busia,2022_23,2,"CP 54: Curative Health
Services",CSP 54.2: Hospital equipment,101500000.0,,False,,"CP 54: Curative Health
Services",CSP 54.2: Hospital equipment
busia,2022_23,2,"CP 54: Curative Health
Services","CSP 54.3: Blood transfusion
Services",5000000.0,,False,,"CP 54: Curative Health
Services","CSP 54.3: Blood transfusion
Services"
busia,2022_23,2,"CP 55: Preventive and Pro-
motive Health Services","CSP 55.1: Infrastructure devel-
opment",62500000.0,,False,,"CP 55: Preventive and Pro-
motive Health Services","CSP 55.1: Infrastructure devel-
opment"
busia,2022_23,2,"CP 55: Preventive and Pro-
motive Health Services","CSP 55.2: Lower-level hospital
equipment",10000000.0,,False,,"CP 55: Preventive and Pro-
motive Health Services","CSP 55.2: Lower-level hospital
equipment"
busia,2022_23,2,"CP 55: Preventive and Pro-
motive Health Services",CSP 55.3: Preventive Services,8000000.0,,False,,"CP 55: Preventive and Pro-
motive Health Services",CSP 55.3: Preventive Services
busia,2022_23,2,"CP 55: Preventive and Pro-
motive Health Services","CSP 55.4: Health promotion
unit",69500000.0,600000.0,False,,"CP 55: Preventive and Pro-
motive Health Services","CSP 55.4: Health promotion
unit"
elgeyo,2022_23,2,Health and Sanitation,,,,False,,Health and Sanitation,
elgeyo,2022_23,2,"Preventive and Promotive
health","Preventive and
Promotive health",14229042.0,,False,,"Preventive and Promotive
health","Preventive and
Promotive health"
elgeyo,2022_23,2,"Preventive and Promotive
health","Community and En-
vironmental Health",14229042.0,,False,,"Preventive and Promotive
health","Community and En-
vironmental Health"
elgeyo,2022_23,2,"Curative and Rehabilita-
tive Health","Curative and Reha-
bilitative Health",150369759.0,,False,,"Curative and Rehabilita-
tive Health","Curative and Reha-
bilitative Health"
elgeyo,2022_23,2,"Curative and Rehabilita-
tive Health",County Hospitals,54524473.0,,False,,"Curative and Rehabilita-
tive Health",County Hospitals
elgeyo,2022_23,2,"Curative and Rehabilita-
tive Health",Primary Care Units,89845286.0,,False,,"Curative and Rehabilita-
tive Health",Primary Care Units
elgeyo,2022_23,2,"Curative and Rehabilita-
tive Health","Emergency Medical
Services",6000000.0,,False,,"Curative and Rehabilita-
tive Health","Emergency Medical
Services"
embu,2022_23,2,HEALTH,,,,False,,HEALTH,
embu,2022_23,2,"P1: Curative Health
Services",SP1.1: Primary Health Care,1207216901.0,561627587.0,False,,"P1: Curative Health
Services",SP1.1: Primary Health Care
embu,2022_23,2,"P2: Preventive and Pro-
motive Health Services","SP2.1: Health Promotion &
Disease Control",474458325.0,220729915.0,False,,"P2: Preventive and Pro-
motive Health Services","SP2.1: Health Promotion &
Disease Control"
embu,2022_23,2,"P1: Curative Health
Services",SP1.1: Primary Health Care,173522994.0,74968825.0,False,,"P1: Curative Health
Services",SP1.1: Primary Health Care
embu,2022_23,2,"P2: Preventive and Pro-
motive Health Services","SP2.1: Health Promotion &
Disease Control",48621341.0,21006350.0,False,,"P2: Preventive and Pro-
motive Health Services","SP2.1: Health Promotion &
Disease Control"
garissa,2022_23,2,Department of Health and Sanitation,,,,False,,Department of Health and Sanitation,
garissa,2022_23,2,Curative Service,Curative,165151610.0,123891275.0,False,,Curative Service,Curative
garissa,2022_23,2,"Preventive
Service","Health promotion
and Campaign",4216604.0,126891275.0,False,,"Preventive
Service","Health promotion
and Campaign"
homa,2022_23,2,"Livestock Development
Programme","Livestock Health and Disease Man-
agement",10480700.0,,False,,"Livestock Development
Programme","Livestock Health and Disease Man-
agement"
homa,2022_23,2,Department of Public Health and Medical Services,,,,False,,Department of Public Health and Medical Services,
homa,2022_23,2,"Preventive and promo-
tive health services",Community health services,96334870.0,58782771.0,False,,"Preventive and promo-
tive health services",Community health services
homa,2022_23,2,"Preventive and promo-
tive health services",Disease control services,165414104.0,15600300.0,False,,"Preventive and promo-
tive health services",Disease control services
homa,2022_23,2,"Preventive and promo-
tive health services","Facility infrastructure improvement
services",140000000.0,89640500.0,False,,"Preventive and promo-
tive health services","Facility infrastructure improvement
services"
homa,2022_23,2,"Curative and rehabilita-
tive health services",Routine medical health services,222222783.0,56911548.0,False,,"Curative and rehabilita-
tive health services",Routine medical health services
homa,2022_23,2,"Curative and rehabilita-
tive health services","Medical emergency response ser-
vices",4000000.0,,False,,"Curative and rehabilita-
tive health services","Medical emergency response ser-
vices"
homa,2022_23,2,"Curative and rehabilita-
tive health services","Facility infrastructure improvement
services",570209681.0,37692656.0,False,,"Curative and rehabilita-
tive health services","Facility infrastructure improvement
services"
isiolo,2022_23,2,401023510.0,"Preventive and Promotive Health
Services",43935896.25,788530.0,False,,401023510.0,"Preventive and Promotive Health
Services"
isiolo,2022_23,2,403013510.0,"Curative and Rehabilitative Health
Services",13911712.5,,False,,403013510.0,"Curative and Rehabilitative Health
Services"
isiolo,2022_23,2,401023510.0,"Preventive and Promotive Health
Services",52522842.75,25935893.0,False,,401023510.0,"Preventive and Promotive Health
Services"
isiolo,2022_23,2,402013510.0,"Provision Of Essential Health prod-
ucts In all The Level",10162500.0,2742740.0,False,,402013510.0,"Provision Of Essential Health prod-
ucts In all The Level"
isiolo,2022_23,2,403013510.0,"Curative and Rehabilitative Health
Services",149952362.75,71957934.1,False,,403013510.0,"Curative and Rehabilitative Health
Services"
kakamega,2022_23,2,Health Services,,,,False,,Health Services,
kakamega,2022_23,2,401004810,"Preventive and pro-
motive services",196962980.0,18946550.0,False,,401004810,"Preventive and pro-
motive services"
kakamega,2022_23,2,401024810,"Community Health
Strategy",107364067.0,17349783.0,False,,401024810,"Community Health
Strategy"
kakamega,2022_23,2,401064810,"Maternal and child
healthcare promotion",83175613.0,302600.0,False,,401064810,"Maternal and child
healthcare promotion"
kakamega,2022_23,2,402004810,"Promotion of Curative
health services",1664355878.0,362164504.0,False,,402004810,"Promotion of Curative
health services"
kakamega,2022_23,2,402014810,"Health Infrastructure
Development",617183359.0,224434674.0,False,,402014810,"Health Infrastructure
Development"
kakamega,2022_23,2,402024810,"Primary medical health
services",1025172519.0,137111206.0,False,,402024810,"Primary medical health
services"
kakamega,2022_23,2,403034810,"Health Data and Infor-
mation Management",17863246.0,2120212.0,False,,403034810,"Health Data and Infor-
mation Management"
kericho,2022_23,2,Curative Health,Administration and Planning,1793267318.0,640206053.0,False,,Curative Health,Administration and Planning
kericho,2022_23,2,Curative Health,Hospital(curative)Services,,,False,,Curative Health,Hospital(curative)Services
kericho,2022_23,2,"Preventive and
Promotive Health","Preventive Medicine and Pro-
motive Health",1242164061.0,581012136.0,False,,"Preventive and
Promotive Health","Preventive Medicine and Pro-
motive Health"
kericho,2022_23,2,"Preventive and
Promotive Health",,,,False,,"Preventive and
Promotive Health",
kiambu,2022_23,2,Health Services,,,,False,,Health Services,
kiambu,2022_23,2,Health Services,Health curative services,603006903.0,,False,,Health Services,Health curative services
kiambu,2022_23,2,Health Services,"General Administration and
Support Services",4131533024.0,2002460060.0,False,,Health Services,"General Administration and
Support Services"
kiambu,2022_23,2,Health Services,Community Health Services,43900000.0,13583370.0,False,,Health Services,Community Health Services
kiambu,2022_23,2,Health Services,"County Hospital Infrastruc-
ture",,12627089.0,False,,Health Services,"County Hospital Infrastruc-
ture"
kiambu,2022_23,2,Health Services,"Pharmaceutical and
Non-Pharmaceutical
supplies",96000000.0,,False,,Health Services,"Pharmaceutical and
Non-Pharmaceutical
supplies"
kilifi,2022_23,2,Health,"Curative and Rehabilitative
Services",696370000.0,244987064.0,False,,Health,"Curative and Rehabilitative
Services"
kilifi,2022_23,2,Health,General Administration,450199826.0,,False,,Health,General Administration
kilifi,2022_23,2,Health,"Reproductive Maternal
Neonatal Child Adolescent
Health",637599129.0,73822530.0,False,,Health,"Reproductive Maternal
Neonatal Child Adolescent
Health"
kilifi,2022_23,2,Public Health,"Communicable Disease
Control",191205527.0,,False,,Public Health,"Communicable Disease
Control"
kirinyaga,2022_23,2,"Curative and
Rehabilitative
Services",,2111605163.0,1014980592.0,False,,"Curative and
Rehabilitative
Services",
kisii,2022_23,2,"County Health
Services",Medical Services,3170643517.0,1361817077.0,False,,"County Health
Services",Medical Services
kisii,2022_23,2,"County Health
Services",Public Health,29500000.0,,False,,"County Health
Services",Public Health
kisii,2022_23,2,"County Health
Services",,,,False,,"County Health
Services",
kwale,2022_23,2,"Medical and Public Health
Services",,,,False,,"Medical and Public Health
Services",
kwale,2022_23,2,Medical Drugs (0402043060)),,520765641.0,328991148.0,False,,Medical Drugs (0402043060)),
kwale,2022_23,2,"Msambweni Hospital
(0405013060)",,74590883.0,31001084.0,False,,"Msambweni Hospital
(0405013060)",
kwale,2022_23,2,"Kinango Hospital
(0406013060)",,28927000.0,13377706.0,False,,"Kinango Hospital
(0406013060)",
kwale,2022_23,2,Kwale Hospital (0407013060),,24650000.0,14581170.0,False,,Kwale Hospital (0407013060),
kwale,2022_23,2,"Tiwi Rural Health
Facility (0408013060)",,7340000.0,3365309.0,False,,"Tiwi Rural Health
Facility (0408013060)",
kwale,2022_23,2,"Samburu Hospital
(0409013060)",,30565000.0,6791677.0,False,,"Samburu Hospital
(0409013060)",
kwale,2022_23,2,"Lungalunga Hospital
(0410013060)",,18820000.0,9366949.0,False,,"Lungalunga Hospital
(0410013060)",
kwale,2022_23,2,Public Health (0401053060),,5839657.0,1138892.0,False,,Public Health (0401053060),
kwale,2022_23,2,"Rural Health Facilities
(0412013060)",,55478597.0,11542419.0,False,,"Rural Health Facilities
(0412013060)",
kwale,2022_23,2,"Diani Health Centre
(0413013060)",,2615000.0,620400.0,False,,"Diani Health Centre
(0413013060)",
kwale,2022_23,2,"Maternal New Born and
Child Health (0401023060)",,22171888.0,,False,,"Maternal New Born and
Child Health (0401023060)",
kwale,2022_23,2,"operational Rural Health
Facilities (0402023060)",,14805000.0,,False,,"operational Rural Health
Facilities (0402023060)",
laikipia,2022_23,2,County Health Services,,,,False,,County Health Services,
laikipia,2022_23,2,"Curative & Rehabilita-
tive Health","Health Infrastructure Devel-
opment",175000000.0,,False,,"Curative & Rehabilita-
tive Health","Health Infrastructure Devel-
opment"
laikipia,2022_23,2,"Curative & Rehabilita-
tive Health","Health Products & Technolo-
gies Support",200000000.0,49412913.0,False,,"Curative & Rehabilita-
tive Health","Health Products & Technolo-
gies Support"
laikipia,2022_23,2,"Curative & Rehabilita-
tive Health","Emergency Referral & Reha-
bilitative Service",590804400.0,149036405.0,False,,"Curative & Rehabilita-
tive Health","Emergency Referral & Reha-
bilitative Service"
laikipia,2022_23,2,"General Administration
& Planning Services","Essential Health Institutions &
Services",30000000.0,9962448.0,False,,"General Administration
& Planning Services","Essential Health Institutions &
Services"
laikipia,2022_23,2,"General Administration
& Planning Services",Strategic health Interventions,36205271.0,432000.0,False,,"General Administration
& Planning Services",Strategic health Interventions
laikipia,2022_23,2,"General Administration
& Planning Services","Health Policy, Governance,
Planning & Financing",8000000.0,2006600.0,False,,"General Administration
& Planning Services","Health Policy, Governance,
Planning & Financing"
laikipia,2022_23,2,"General Administration
& Planning Services","Health Information Standards
& Quality Assurance",6000000.0,3375000.0,False,,"General Administration
& Planning Services","Health Information Standards
& Quality Assurance"
laikipia,2022_23,2,"General Administration
& Planning Services","Community Health Strategy,
Advocacy & Surveillance",12040400.0,10893600.0,False,,"General Administration
& Planning Services","Community Health Strategy,
Advocacy & Surveillance"
laikipia,2022_23,2,"Preventive Health Ser-
vices","Family Planning, Maternal &
Child Health Services",9000000.0,1806590.0,False,,"Preventive Health Ser-
vices","Family Planning, Maternal &
Child Health Services"
laikipia,2022_23,2,"Preventive Health Ser-
vices","Non-Communicable Diseases
Control & Prevention",3000000.0,1120000.0,False,,"Preventive Health Ser-
vices","Non-Communicable Diseases
Control & Prevention"
laikipia,2022_23,2,"Preventive Health Ser-
vices","Public Health Promotion &
Nutrition Services",5000000.0,500000.0,False,,"Preventive Health Ser-
vices","Public Health Promotion &
Nutrition Services"
laikipia,2022_23,2,"Preventive Health Ser-
vices","TB/HIV/AIDS Prevention &
Control",15000000.0,706260.0,False,,"Preventive Health Ser-
vices","TB/HIV/AIDS Prevention &
Control"
laikipia,2022_23,2,Veterinary Services,"Animal Health and Disease
Management",,,False,,Veterinary Services,"Animal Health and Disease
Management"
lamu,2022_23,2,"Vote 3217000000 HEALTH SERVICES, SANITA-
TION & ENVIRONMENT",,1325571560.0,448569413.0,False,,"Vote 3217000000 HEALTH SERVICES, SANITA-
TION & ENVIRONMENT",
lamu,2022_23,2,0402003210 P2 Curative Services,,303188684.0,18144198.0,False,,0402003210 P2 Curative Services,
lamu,2022_23,2,0402003210 P2 Curative Services,"0402013210 SP1
Primary Health Care
Services",139617688.0,13216750.0,False,,0402003210 P2 Curative Services,"0402013210 SP1
Primary Health Care
Services"
lamu,2022_23,2,0402003210 P2 Curative Services,"0402043210 SP4
Curative Services",163570996.0,4927448.0,False,,0402003210 P2 Curative Services,"0402043210 SP4
Curative Services"
lamu,2022_23,2,"0403003210 P3 Preventive &
Promotive Services","SP4 Preventive and
Promotive Services",86245000.0,1186860.0,False,,"0403003210 P3 Preventive &
Promotive Services","SP4 Preventive and
Promotive Services"
lamu,2022_23,2,"0403003210 P3 Preventive &
Promotive Services",,,,False,,"0403003210 P3 Preventive &
Promotive Services",
lamu,2022_23,2,"Vote 3225000000 PUBLIC HEALTH, ENVIRON-
MENT AND SANITATION",,98059258.0,30775218.0,False,,"Vote 3225000000 PUBLIC HEALTH, ENVIRON-
MENT AND SANITATION",
lamu,2022_23,2,"0404003210 P4 Environmen-
tal Health & Sanitation",,11500000.0,,False,,"0404003210 P4 Environmen-
tal Health & Sanitation",
lamu,2022_23,2,"0404003210 P4 Environmen-
tal Health & Sanitation","0404013210 SP1
Waste management",3600000.0,,False,,"0404003210 P4 Environmen-
tal Health & Sanitation","0404013210 SP1
Waste management"
lamu,2022_23,2,"0404003210 P4 Environmen-
tal Health & Sanitation","0404023210 SP2 Pub-
lic Health & licencing",7900000.0,,False,,"0404003210 P4 Environmen-
tal Health & Sanitation","0404023210 SP2 Pub-
lic Health & licencing"
machakos,2022_23,2,Sub-programme 5,"Hospitality Services
Section",15973355.0,6546400.0,False,,Sub-programme 5,"Hospitality Services
Section"
machakos,2022_23,2,HEALTH AND EMERGENCY SERVICES,,,,False,,HEALTH AND EMERGENCY SERVICES,
machakos,2022_23,2,Sub-programme 13,"Public Health and Com-
munity Outreach",109487640.0,19522780.0,False,,Sub-programme 13,"Public Health and Com-
munity Outreach"
marsabit,2022_23,2,"1: General Admin-
istration Support
Services","SP 1.2 Hospitality, Catering
services, donations and
gifts, boards, committees,
conferences and seminars",41400000.0,11135488.0,False,,"1: General Admin-
istration Support
Services","SP 1.2 Hospitality, Catering
services, donations and
gifts, boards, committees,
conferences and seminars"
marsabit,2022_23,2,"Programme 3:
County Assembly
Infrastructure
Improvement","SP 3.20 Insurance cost for
group personal, building,
motor vehicle and medical
cover",36493161.0,2334543.0,False,,"Programme 3:
County Assembly
Infrastructure
Improvement","SP 3.20 Insurance cost for
group personal, building,
motor vehicle and medical
cover"
marsabit,2022_23,2,Health Services,"Health Infrastructure
Development",408784157.0,,False,,Health Services,"Health Infrastructure
Development"
meru,2022_23,2,"DEPARTMENT: HEALTH
SERVICES",,,,False,,"DEPARTMENT: HEALTH
SERVICES",
meru,2022_23,2,Curative Health,Curative Health,742073704.0,76469801.0,False,,Curative Health,Curative Health
meru,2022_23,2,"Preventive and
Promotive Health","Preventive and Promo-
tive Health",216886029.0,5377060.0,False,,"Preventive and
Promotive Health","Preventive and Promo-
tive Health"
migori,2022_23,2,General administration,"Veterinary Public Health Man-
agement",527303.0,,False,,General administration,"Veterinary Public Health Man-
agement"
migori,2022_23,2,Health-Medical services,,,,False,,Health-Medical services,
migori,2022_23,2,General administration,"Infrastructure and Health facility
management",53291500.0,,False,,General administration,"Infrastructure and Health facility
management"
migori,2022_23,2,General administration,"Health standards, quality assur-
ance and standards",1836000.0,,False,,General administration,"Health standards, quality assur-
ance and standards"
migori,2022_23,2,Maternal Health Services,Maternal Health Services,1256000.0,,False,,Maternal Health Services,Maternal Health Services
migori,2022_23,2,"Preventive, promotive
Health services and
Disease Control",Human Nutrition and Dietetics,1025000.0,,False,,"Preventive, promotive
Health services and
Disease Control",Human Nutrition and Dietetics
migori,2022_23,2,"Preventive, promotive
Health services and
Disease Control",Malaria,1115000.0,,False,,"Preventive, promotive
Health services and
Disease Control",Malaria
migori,2022_23,2,"Preventive, promotive
Health services and
Disease Control",HIV/AIDS and TB,1585000.0,,False,,"Preventive, promotive
Health services and
Disease Control",HIV/AIDS and TB
migori,2022_23,2,"Preventive, promotive
Health services and
Disease Control","Disease surveillance /Emergency
preparedness& response",10145000.0,445500.0,False,,"Preventive, promotive
Health services and
Disease Control","Disease surveillance /Emergency
preparedness& response"
migori,2022_23,2,"Preventive, promotive
Health services and
Disease Control",Health promotion & education,775000.0,144883.0,False,,"Preventive, promotive
Health services and
Disease Control",Health promotion & education
migori,2022_23,2,"Preventive, promotive
Health services and
Disease Control","Non Communicable Diseases,
Violence and Injuries",6760000.0,1987690.0,False,,"Preventive, promotive
Health services and
Disease Control","Non Communicable Diseases,
Violence and Injuries"
migori,2022_23,2,"Curative, Rehabilitative
and Referral services",Hospital Services,3065200.0,533745.0,False,,"Curative, Rehabilitative
and Referral services",Hospital Services
migori,2022_23,2,Public health,,,,False,,Public health,
migori,2022_23,2,Public health,,,,False,,Public health,
migori,2022_23,2,"Planning and administrative
support services","Health management informative
system",17615750.0,4521250.0,False,,"Planning and administrative
support services","Health management informative
system"
migori,2022_23,2,"Preventive and promotive
health services",Community health services,5520000.0,,False,,"Preventive and promotive
health services",Community health services
migori,2022_23,2,"Preventive and promotive
health services","Sanitation and environmental
health services",4428000.0,1750000.0,False,,"Preventive and promotive
health services","Sanitation and environmental
health services"
migori,2022_23,2,"Preventive and promotive
health services",Human nutrition and dietetics,2688000.0,1900000.0,False,,"Preventive and promotive
health services",Human nutrition and dietetics
migori,2022_23,2,"Preventive and promotive
health services",HIV and AIDS management,3300000.0,,False,,"Preventive and promotive
health services",HIV and AIDS management
migori,2022_23,2,"Preventive and promotive
health services",Disease surveillance,3208000.0,2384000.0,False,,"Preventive and promotive
health services",Disease surveillance
migori,2022_23,2,"Preventive and promotive
health services","Emergency preparedness and
response",4500000.0,,False,,"Preventive and promotive
health services","Emergency preparedness and
response"
migori,2022_23,2,"Preventive and promotive
health services",Health promotion,2350000.0,,False,,"Preventive and promotive
health services",Health promotion
migori,2022_23,2,"Preventive and promotive
health services",Family& reproductive health,3143000.0,,False,,"Preventive and promotive
health services",Family& reproductive health
migori,2022_23,2,"Preventive and promotive
health services","Non-communicable diseases
(NCDs)",4478000.0,,False,,"Preventive and promotive
health services","Non-communicable diseases
(NCDs)"
migori,2022_23,2,"Preventive and promotive
health services","Maternal child and adolescence
health services",11388000.0,7886604.0,False,,"Preventive and promotive
health services","Maternal child and adolescence
health services"
migori,2022_23,2,LINDA MAMA,"Health Centres and dispensaries
Linda Mama reimbursement (140
facilities)",13760000.0,,False,,LINDA MAMA,"Health Centres and dispensaries
Linda Mama reimbursement (140
facilities)"
migori,2022_23,2,LINDA MAMA,"Hospital Linda Mama reimburse-
ment (14 hospitals)",26500000.0,,False,,LINDA MAMA,"Hospital Linda Mama reimburse-
ment (14 hospitals)"
migori,2022_23,2,"Curative, rehabilitative
and referral services","Pharmaceutical and non-phar-
maceutical commodities",151437385.0,,False,,"Curative, rehabilitative
and referral services","Pharmaceutical and non-phar-
maceutical commodities"
migori,2022_23,2,"Curative, rehabilitative
and referral services",Emergency and referral services,5556000.0,,False,,"Curative, rehabilitative
and referral services",Emergency and referral services
migori,2022_23,2,"Curative, rehabilitative
and referral services",Malaria Control,3520000.0,,False,,"Curative, rehabilitative
and referral services",Malaria Control
migori,2022_23,2,"Curative, rehabilitative
and referral services",Tuberculosis Control,2180000.0,,False,,"Curative, rehabilitative
and referral services",Tuberculosis Control
migori,2022_23,2,"Improvement of Health
Infrastructure at Dispensary
and Health Centre - Public","Improvement of Health Infra-
structure at Dispensary and
Health Centre - Public",105050000.0,,False,,"Improvement of Health
Infrastructure at Dispensary
and Health Centre - Public","Improvement of Health Infra-
structure at Dispensary and
Health Centre - Public"
migori,2022_23,2,External Funding,"THS Transforming Health sys-
tems Donor Grant",48944473.0,,False,,External Funding,"THS Transforming Health sys-
tems Donor Grant"
mombasa,2022_23,2,3017 Health Services,Administration Unit,3034341215.0,2329412071.0,False,,3017 Health Services,Administration Unit
mombasa,2022_23,2,3017 Health Services,Curative/Clinical Health Services,231789182.0,171094140.0,False,,3017 Health Services,Curative/Clinical Health Services
mombasa,2022_23,2,3017 Health Services,"Preventive and Promotive Ser-
vices Unit",86072683.0,,False,,3017 Health Services,"Preventive and Promotive Ser-
vices Unit"
mombasa,2022_23,2,3017 Health Services,,,,False,,3017 Health Services,
mombasa,2022_23,2,3017 Health Services,Special Programs,51796920.0,,False,,3017 Health Services,Special Programs
nairobi,2022_23,2,"0401145310 Reproductive
Health & Maternal Health
(RMNCAH)","5315001200 Reproductive
Health, Maternal Health (RM-
NCAH)",98992017.0,,False,,"0401145310 Reproductive
Health & Maternal Health
(RMNCAH)","5315001200 Reproductive
Health, Maternal Health (RM-
NCAH)"
nairobi,2022_23,2,"0401155310 Environmental
Public Health","5315001300 Environmental
Public Health",99100006.0,,False,,"0401155310 Environmental
Public Health","5315001300 Environmental
Public Health"
nairobi,2022_23,2,"0402065310 sp.2.6 County
Referral Hospitals","5315000300 Mbagathi District
Hospital",155680299.0,,False,,"0402065310 sp.2.6 County
Referral Hospitals","5315000300 Mbagathi District
Hospital"
nairobi,2022_23,2,"0402065310 sp.2.6 County
Referral Hospitals","5315000400 Pumwani Mater-
nity Hospital",195523761.0,,False,,"0402065310 sp.2.6 County
Referral Hospitals","5315000400 Pumwani Mater-
nity Hospital"
nairobi,2022_23,2,"0402065310 sp.2.6 County
Referral Hospitals",Pumwani Nursing School.,20400000.0,,False,,"0402065310 sp.2.6 County
Referral Hospitals",Pumwani Nursing School.
nairobi,2022_23,2,"0402065310 sp.2.6 County
Referral Hospitals","5315000500 Mama Lucy
Hospital",439724895.0,,False,,"0402065310 sp.2.6 County
Referral Hospitals","5315000500 Mama Lucy
Hospital"
nairobi,2022_23,2,"0402065310 sp.2.6 County
Referral Hospitals",,,,False,,"0402065310 sp.2.6 County
Referral Hospitals",
nairobi,2022_23,2,"0402065310 sp.2.6 County
Referral Hospitals",5315000600 Mutuini Hospital,71900000.0,,False,,"0402065310 sp.2.6 County
Referral Hospitals",5315000600 Mutuini Hospital
nairobi,2022_23,2,"0402075310 sp.2.7 Health
Centres & dispensaries","5315001600 Health centres &
dispensaries",849083513.0,,False,,"0402075310 sp.2.7 Health
Centres & dispensaries","5315001600 Health centres &
dispensaries"
nairobi,2022_23,2,"0404015310 Sp4.1 Adminis-
tration/Human Resource for
Health","5315001800 Administration
unit",3591741213.0,422867975.0,False,,"0404015310 Sp4.1 Adminis-
tration/Human Resource for
Health","5315001800 Administration
unit"
nairobi,2022_23,2,"0404025310 Sp4.2 Health
Policy, Planning & Financing","5315001700 Health policy,
planning and financing Unit",22600000.0,,False,,"0404025310 Sp4.2 Health
Policy, Planning & Financing","5315001700 Health policy,
planning and financing Unit"
nairobi,2022_23,2,"0404035310 sp 4.3 Health
Commodities","5315001900 Health Commod-
ities",,,False,,"0404035310 sp 4.3 Health
Commodities","5315001900 Health Commod-
ities"
nairobi,2022_23,2,"0116005310 P.10: Animal
Health, Safety and Quality
Assurance","0116015310 sp 10.1 Animal
Research, Diseases, Pest Con-
trol & Quality Assurance",27539330.0,,False,,"0116005310 P.10: Animal
Health, Safety and Quality
Assurance","0116015310 sp 10.1 Animal
Research, Diseases, Pest Con-
trol & Quality Assurance"
nakuru,2022_23,2,Department of Health Services,,,,False,,Department of Health Services,
nakuru,2022_23,2,"Programme 1: Ad-
ministration and
Planning","SP 1.5: Health Infrastructure
and Development",2500000.0,,False,,"Programme 1: Ad-
ministration and
Planning","SP 1.5: Health Infrastructure
and Development"
nakuru,2022_23,2,"Programme 2:
Health Preventive
and Promotive
Services",SP 2:1: Primary Health Care,606620683.0,58863739.0,False,,"Programme 2:
Health Preventive
and Promotive
Services",SP 2:1: Primary Health Care
nakuru,2022_23,2,"Programme 2:
Health Preventive
and Promotive
Services","SP 2.2: Environmental
Health and Sanitation",2000000.0,,False,,"Programme 2:
Health Preventive
and Promotive
Services","SP 2.2: Environmental
Health and Sanitation"
nakuru,2022_23,2,"Programme 2:
Health Preventive
and Promotive
Services",SP 2:3: Human Resource,17049940.0,,False,,"Programme 2:
Health Preventive
and Promotive
Services",SP 2:3: Human Resource
nakuru,2022_23,2,"Programme 2:
Health Preventive
and Promotive
Services","SP 2.4: Disease Surveillance and
Emergency Response",1897550.0,,False,,"Programme 2:
Health Preventive
and Promotive
Services","SP 2.4: Disease Surveillance and
Emergency Response"
nakuru,2022_23,2,"Programme 2:
Health Preventive
and Promotive
Services",SP 2.5: Health Promotive,1000000.0,,False,,"Programme 2:
Health Preventive
and Promotive
Services",SP 2.5: Health Promotive
nakuru,2022_23,2,"Programme 2:
Health Preventive
and Promotive
Services",SP 2:6: HIV Programme,2000000.0,,False,,"Programme 2:
Health Preventive
and Promotive
Services",SP 2:6: HIV Programme
nakuru,2022_23,2,"Programme 2:
Health Preventive
and Promotive
Services",SP 2:7: Nutrition,29980932.0,825640.0,False,,"Programme 2:
Health Preventive
and Promotive
Services",SP 2:7: Nutrition
nakuru,2022_23,2,"Programme 2:
Health Preventive
and Promotive
Services",SP 2:8 Reproductive Health,1750000.0,,False,,"Programme 2:
Health Preventive
and Promotive
Services",SP 2:8 Reproductive Health
nakuru,2022_23,2,"Programme 2:
Health Preventive
and Promotive
Services",SP 2:9 Immunization,1825775.0,,False,,"Programme 2:
Health Preventive
and Promotive
Services",SP 2:9 Immunization
nakuru,2022_23,2,"Programme 3:
Health Curative
and Rehabilitative
Services","SP 3:1: Provision of Essential
Health Services at all levels",1865973897.0,523159786.0,False,,"Programme 3:
Health Curative
and Rehabilitative
Services","SP 3:1: Provision of Essential
Health Services at all levels"
nakuru,2022_23,2,"Programme 3:
Health Curative
and Rehabilitative
Services","SP 3.2: Elimination of
communicable and non-
communicable diseases",2200000.0,,False,,"Programme 3:
Health Curative
and Rehabilitative
Services","SP 3.2: Elimination of
communicable and non-
communicable diseases"
nakuru,2022_23,2,"Programme 3:
Health Curative
and Rehabilitative
Services",SP 3:3: Human Resource,322427403.0,168083162.0,False,,"Programme 3:
Health Curative
and Rehabilitative
Services",SP 3:3: Human Resource
narok,2022_23,2,103004610.0,Health- Medical Services,3419311816.0,893424245.0,False,,103004610.0,Health- Medical Services
narok,2022_23,2,401004610.0,"Preventive &Promotive Health
Services",981400000.0,205189235.0,False,,401004610.0,"Preventive &Promotive Health
Services"
narok,2022_23,2,403004610.0,Public Health,343898184.0,28786446.0,False,,403004610.0,Public Health
narok,2022_23,2,402004610.0,Curative Health Services,343898184.0,28786446.0,False,,402004610.0,Curative Health Services
narok,2022_23,2,401004610.0,"Preventive &Promotive Health
Services",,,False,,401004610.0,"Preventive &Promotive Health
Services"
nyamira,2022_23,2,Curative health services,,,,False,,Curative health services,
nyamira,2022_23,2,Curative health services,,,,False,,Curative health services,
nyamira,2022_23,2,Curative health services,,,,False,,Curative health services,
nyandarua,2022_23,2,Human Resource Management,"Human Resource Management
(Including employee gratuity,
pension and medical insurance)",194000000.0,76355596.0,False,,Human Resource Management,"Human Resource Management
(Including employee gratuity,
pension and medical insurance)"
nyandarua,2022_23,2,Preventive and Promotive Services,"Preventive and Promotive Ser-
vices",9250000.0,1666420.0,False,,Preventive and Promotive Services,"Preventive and Promotive Ser-
vices"
nyandarua,2022_23,2,Curative Services,Curative Services,250452000.0,121278057.0,False,,Curative Services,Curative Services
nyandarua,2022_23,2,Curative Services,Universal health care and grants,191381098.0,43580056.0,False,,Curative Services,Universal health care and grants
samburu,2022_23,2,"Preventive and Promotive
Health Services",Health Promotive Services,99874639.0,59596999.0,False,,"Preventive and Promotive
Health Services",Health Promotive Services
samburu,2022_23,2,"Preventive and Promotive
Health Services","Communicable Dis-
ease Control",63881391.0,50341224.0,False,,"Preventive and Promotive
Health Services","Communicable Dis-
ease Control"
samburu,2022_23,2,"Preventive and Promotive
Health Services","Non-Communicable Disease
& prevention control",25814512.0,16716492.0,False,,"Preventive and Promotive
Health Services","Non-Communicable Disease
& prevention control"
samburu,2022_23,2,"Preventive and Promotive
Health Services",Maternal Health Services,40567382.0,34392753.0,False,,"Preventive and Promotive
Health Services",Maternal Health Services
samburu,2022_23,2,"Preventive and Promotive
Health Services",,591478816.0,367009134.0,False,,"Preventive and Promotive
Health Services",
samburu,2022_23,2,Health curative Services,"Provision Of Essen-
tial Health Services
In All The Levels",18685622.0,9021592.0,False,,Health curative Services,"Provision Of Essen-
tial Health Services
In All The Levels"
samburu,2022_23,2,Health curative Services,County Referral Services,447931057.0,347002414.0,False,,Health curative Services,County Referral Services
samburu,2022_23,2,Health curative Services,Free Primary Healthcare,124862138.0,10985128.0,False,,Health curative Services,Free Primary Healthcare
samburu,2022_23,2,Health curative Services,,400169335.0,178914979.0,False,,Health curative Services,
samburu,2022_23,2,"General Administration
Planning and Support Ser-
vices","Health Infrastruc-
ture development",6591378.0,3636821.0,False,,"General Administration
Planning and Support Ser-
vices","Health Infrastruc-
ture development"
samburu,2022_23,2,"General Administration
Planning and Support Ser-
vices",Human Resources for health,53991707.0,45870287.0,False,,"General Administration
Planning and Support Ser-
vices",Human Resources for health
samburu,2022_23,2,"General Administration
Planning and Support Ser-
vices","Health Policy, Plan-
ning & Financing",272401845.0,74301675.0,False,,"General Administration
Planning and Support Ser-
vices","Health Policy, Plan-
ning & Financing"
samburu,2022_23,2,"General Administration
Planning and Support Ser-
vices","Health Standards and
Quality Assurance Services",60795153.0,51468610.0,False,,"General Administration
Planning and Support Ser-
vices","Health Standards and
Quality Assurance Services"
tana,2022_23,2,"Trade & Tour-
ism","Health Policy, planning and
financing",2466266.0,226800.0,False,,"Trade & Tour-
ism","Health Policy, planning and
financing"
tana,2022_23,2,"Trade & Tour-
ism",Curative and Rehabilitative,153775000.0,5048200.0,False,,"Trade & Tour-
ism",Curative and Rehabilitative
tana,2022_23,2,"Trade & Tour-
ism",Medical Supplies,71325000.0,1170000.0,False,,"Trade & Tour-
ism",Medical Supplies
tana,2022_23,2,"Trade & Tour-
ism",Medical Services,18100000.0,2146700.0,False,,"Trade & Tour-
ism",Medical Services
tana,2022_23,2,"Trade & Tour-
ism",SP4 Curative Services,60000000.0,0.0,False,,"Trade & Tour-
ism",SP4 Curative Services
tana,2022_23,2,"Trade & Tour-
ism",Preventive and Promotive,15622929.5,6086880.0,False,,"Trade & Tour-
ism",Preventive and Promotive
tana,2022_23,2,"Trade & Tour-
ism",Preventive and Promotive,8200000.0,2336940.0,False,,"Trade & Tour-
ism",Preventive and Promotive
tharaka,2022_23,2,Medical Services,,,,False,,Medical Services,
tharaka,2022_23,2,"P: Curative and Reha-
bilitative Services",SP: Laboratory Services,45000000.0,,False,,"P: Curative and Reha-
bilitative Services",SP: Laboratory Services
tharaka,2022_23,2,"P: Curative and Reha-
bilitative Services",SP: Medical Supplies,173000000.0,85294293.0,False,,"P: Curative and Reha-
bilitative Services",SP: Medical Supplies
tharaka,2022_23,2,"P: Preventive and Pro-
motive Health Services",SP: Disease Surveillance,6000000.0,800640.0,False,,"P: Preventive and Pro-
motive Health Services",SP: Disease Surveillance
tharaka,2022_23,2,"P: Preventive and Pro-
motive Health Services",SP: Environmental Health services,32987000.0,7244750.0,False,,"P: Preventive and Pro-
motive Health Services",SP: Environmental Health services
tharaka,2022_23,2,"P: Preventive and Pro-
motive Health Services","SP: Health Promotion and Disease
Control",414321272.0,125014669.0,False,,"P: Preventive and Pro-
motive Health Services","SP: Health Promotion and Disease
Control"
tharaka,2022_23,2,"P: Preventive and Pro-
motive Health Services",SP: HIV and AIDS Support Services,3900000.0,,False,,"P: Preventive and Pro-
motive Health Services",SP: HIV and AIDS Support Services
tharaka,2022_23,2,"P: Preventive and Pro-
motive Health Services","SP: Reproductive Maternal and
Child Health Services",2500000.0,150000.0,False,,"P: Preventive and Pro-
motive Health Services","SP: Reproductive Maternal and
Child Health Services"
trans,2022_23,2,Health Services,,10000000.0,,False,,Health Services,
trans,2022_23,2,Health Corporate,,2293190678.0,868234885.0,False,,Health Corporate,
trans,2022_23,2,Sp1.1,Preventive Health Services,390227415.0,,False,,Sp1.1,Preventive Health Services
turkana,2022_23,2,"Ministry of Health
and Sanitation
Services",,,,False,,"Ministry of Health
and Sanitation
Services",
turkana,2022_23,2,"General Administra-
tion, Planning and
support services",Health Facilities,818394317.0,,False,,"General Administra-
tion, Planning and
support services",Health Facilities
turkana,2022_23,2,"Support to Health
Programs","HIV and AIDS, including
community-based HIV inter-
ventions",800000.0,,False,,"Support to Health
Programs","HIV and AIDS, including
community-based HIV inter-
ventions"
turkana,2022_23,2,"Support to Health
Programs",TB & Leprosy,400000.0,,False,,"Support to Health
Programs",TB & Leprosy
turkana,2022_23,2,"Support to Health
Programs",Malaria,700000.0,,False,,"Support to Health
Programs",Malaria
turkana,2022_23,2,"Support to Health
Programs","NTDs (neglected tropical
diseases)",500000.0,,False,,"Support to Health
Programs","NTDs (neglected tropical
diseases)"
turkana,2022_23,2,"Support to Health
Programs",Nutrition,642500.0,,False,,"Support to Health
Programs",Nutrition
turkana,2022_23,2,"Support to Health
Programs",Reproductive health,630000.0,,False,,"Support to Health
Programs",Reproductive health
turkana,2022_23,2,"Support to Health
Programs",Disease surveillance,850000.0,,False,,"Support to Health
Programs",Disease surveillance
turkana,2022_23,2,"Support to Health
Programs",EPI/outreaches,500000.0,,False,,"Support to Health
Programs",EPI/outreaches
turkana,2022_23,2,"Support to Health
Programs",Health promotion,400000.0,,False,,"Support to Health
Programs",Health promotion
turkana,2022_23,2,"Support to Health
Programs",Environmental health services,600000.0,45000.0,False,,"Support to Health
Programs",Environmental health services
turkana,2022_23,2,"Support to Health
Programs","Emergency preparedness and
disaster response",600000.0,,False,,"Support to Health
Programs","Emergency preparedness and
disaster response"
turkana,2022_23,2,"Support to Health
Programs",mainstreaming,400000.0,,False,,"Support to Health
Programs",mainstreaming
turkana,2022_23,2,"Support to Health
Programs",Community Health Services,80568000.0,35320470.0,False,,"Support to Health
Programs",Community Health Services
turkana,2022_23,2,"Support to Health
Programs",,,,False,,"Support to Health
Programs",
turkana,2022_23,2,Laboratory Services,Rural Health Facility Support,62425000.0,7035200.0,False,,Laboratory Services,Rural Health Facility Support
turkana,2022_23,2,Laboratory Services,"Sub county Health Facilities
Support",235021000.0,119683093.0,False,,Laboratory Services,"Sub county Health Facilities
Support"
turkana,2022_23,2,"Health Information
and Management","Health Information and Man-
agement",628000.0,,False,,"Health Information
and Management","Health Information and Man-
agement"
turkana,2022_23,2,"Health Information
and Management",Quality Assurance,900000.0,,False,,"Health Information
and Management",Quality Assurance
turkana,2022_23,2,"Health Information
and Management",Electronic Medical Records,9400000.0,777110.0,False,,"Health Information
and Management",Electronic Medical Records
turkana,2022_23,2,"Health Information
and Management","Monitoring and Evaluation of
Health",950000.0,105500.0,False,,"Health Information
and Management","Monitoring and Evaluation of
Health"
turkana,2022_23,2,"Health Information
and Management",Research & Development,550000.0,,False,,"Health Information
and Management",Research & Development
turkana,2022_23,2,"Health Information
and Management",Policy & Planning Services,300000.0,,False,,"Health Information
and Management",Policy & Planning Services
turkana,2022_23,2,"Health Information
and Management",Rehabilitation & Treatment,2300000.0,,False,,"Health Information
and Management",Rehabilitation & Treatment
turkana,2022_23,2,"Health Information
and Management",Public Education and Awareness,2200000.0,,False,,"Health Information
and Management",Public Education and Awareness
turkana,2022_23,2,"Health Information
and Management",Liquor Licensing,15915000.0,,False,,"Health Information
and Management",Liquor Licensing
turkana,2022_23,2,"Health Information
and Management",Training and Capacity Building,1050850.0,,False,,"Health Information
and Management",Training and Capacity Building
turkana,2022_23,2,"Health Information
and Management",,,,False,,"Health Information
and Management",
wajir,2022_23,2,Public Health,Public Health,42172950.0,3816700.0,False,,Public Health,Public Health
wajir,2022_23,2,Public Health,"Preventive and promotive ser-
vices",42172950.0,3816700.0,False,,Public Health,"Preventive and promotive ser-
vices"
wajir,2022_23,2,Public Health,"General Administration and
Support Services",,,False,,Public Health,"General Administration and
Support Services"
wajir,2022_23,2,Public Health,Reproductive Health Services,,,False,,Public Health,Reproductive Health Services
wajir,2022_23,2,Public Health,Curative Services,,,False,,Public Health,Curative Services
wajir,2022_23,2,Public Health,RMNCH,,,False,,Public Health,RMNCH
wajir,2022_23,2,Medical Services,Medical Services,584460153.0,208187344.0,False,,Medical Services,Medical Services
wajir,2022_23,2,Medical Services,Curative Services,584460153.0,208187344.0,False,,Medical Services,Curative Services
wajir,2022_23,2,Medical Services,"General Administration and
Support Services",,,False,,Medical Services,"General Administration and
Support Services"
wajir,2022_23,2,Health Research,Health Research,14686000.0,221600.0,False,,Health Research,Health Research
wajir,2022_23,2,Health Research,Health Research Services,14686000.0,221600.0,False,,Health Research,Health Research Services
wajir,2022_23,2,"Emergency Referral
Services",Curative Services,30252000.0,5536660.0,False,,"Emergency Referral
Services",Curative Services
wajir,2022_23,2,Health Shared Services,Health Shared Services,1853899444.0,845703014.0,False,,Health Shared Services,Health Shared Services
wajir,2022_23,2,Health Shared Services,Curative Services,110000000.0,,False,,Health Shared Services,Curative Services
wajir,2022_23,2,Health Shared Services,"General Administration and
Support Services",1743899444.0,845703014.0,False,,Health Shared Services,"General Administration and
Support Services"
wajir,2022_23,2,Headquarters,Curative Services,331930000.0,2984000.0,False,,Headquarters,Curative Services
west,2022_23,2,Programme 4 - HEALTH AND SANITATION,,,,False,,Programme 4 - HEALTH AND SANITATION,
west,2022_23,2,SP 2-(Preventive Health Services),,86816000.0,19601547.35,False,,SP 2-(Preventive Health Services),
west,2022_23,2,SP 3-(Curative Health Services),,257900069.0,,False,,SP 3-(Curative Health Services),
west,2022_23,2,SP 4-(Kacheliba Sub-county hospital),,12940000.0,2718091.0,False,,SP 4-(Kacheliba Sub-county hospital),
west,2022_23,2,SP 5-(Sigor Sub-county hospital),,12860000.0,2768091.0,False,,SP 5-(Sigor Sub-county hospital),
west,2022_23,2,SP 6-(Chepareria Sub-county hospital),,12860000.0,2718091.0,False,,SP 6-(Chepareria Sub-county hospital),
baringo,2022_23,3,County Health Services,General Administration,847255034.0,350480897.0,False,,County Health Services,General Administration
baringo,2022_23,3,County Health Services,"Curative and Rehabilitative
Services",32102225.0,12345768.0,False,,County Health Services,"Curative and Rehabilitative
Services"
baringo,2022_23,3,County Health Services,"Preventive and Promotive
Health Services",400412477.0,131961191.0,False,,County Health Services,"Preventive and Promotive
Health Services"
baringo,2022_23,3,County Health Services,Health/preventive services,21000000.0,,False,,County Health Services,Health/preventive services
baringo,2022_23,3,County Health Services,Medical Drugs,156000000.0,132469868.0,False,,County Health Services,Medical Drugs
baringo,2022_23,3,"Promotion of primary
healthcare",General administration,393740332.0,138052558.0,False,,"Promotion of primary
healthcare",General administration
bomet,2022_23,3,Medical Services and Public Health,,,,False,,Medical Services and Public Health,
bomet,2022_23,3,"Medical
Services and
Public Health","Administration,
Planning and Support
Services",1181011077.0,847606854.0,False,,"Medical
Services and
Public Health","Administration,
Planning and Support
Services"
bomet,2022_23,3,"Medical
Services and
Public Health",Policy Development,3000000.0,,False,,"Medical
Services and
Public Health",Policy Development
bomet,2022_23,3,"Medical
Services and
Public Health","Healthcare financing
– transfers to health
facilities",233687921.0,170896000.0,False,,"Medical
Services and
Public Health","Healthcare financing
– transfers to health
facilities"
bomet,2022_23,3,"Medical
Services and
Public Health",Curative Services,249629649.0,64053048.0,False,,"Medical
Services and
Public Health",Curative Services
bomet,2022_23,3,"Medical
Services and
Public Health","Preventive and Promo-
tive Services",75605950.0,11947960.0,False,,"Medical
Services and
Public Health","Preventive and Promo-
tive Services"
bomet,2022_23,3,"Medical
Services and
Public Health","Reproductive Health
Services",15000000.0,,False,,"Medical
Services and
Public Health","Reproductive Health
Services"
bomet,2022_23,3,"Medical
Services and
Public Health","Health Infrastructure
Development",,,False,,"Medical
Services and
Public Health","Health Infrastructure
Development"
bomet,2022_23,3,"Medical
Services and
Public Health",,,,False,,"Medical
Services and
Public Health",
busia,2022_23,3,"CP 10: Veterinary health
services","CSP 10.1: Veterinary Disease
Control",14751914.0,,False,,"CP 10: Veterinary health
services","CSP 10.1: Veterinary Disease
Control"
busia,2022_23,3,"CP 10: Veterinary health
services",CSP 10.2: AI services,4100000.0,,False,,"CP 10: Veterinary health
services",CSP 10.2: AI services
busia,2022_23,3,"CP 10: Veterinary health
services","CSP 10.3: Meat inspection
services",16799886.0,,False,,"CP 10: Veterinary health
services","CSP 10.3: Meat inspection
services"
busia,2022_23,3,"CP 10: Veterinary health
services",CSP 10.4: Veterinary Extension,5000000.0,5000000.0,False,,"CP 10: Veterinary health
services",CSP 10.4: Veterinary Extension
busia,2022_23,3,Department of Health and Sanitation,,,,False,,Department of Health and Sanitation,
busia,2022_23,3,"CP 54: Curative
Health Services","CSP 54.1: Infrastructure devel-
opment",129488069.0,30093848.0,False,,"CP 54: Curative
Health Services","CSP 54.1: Infrastructure devel-
opment"
busia,2022_23,3,"CP 54: Curative
Health Services",CSP 54.2: Hospital equipment,101500000.0,,False,,"CP 54: Curative
Health Services",CSP 54.2: Hospital equipment
busia,2022_23,3,"CP 54: Curative
Health Services","CSP 54.3: Blood Transfusion
Services",5000000.0,,False,,"CP 54: Curative
Health Services","CSP 54.3: Blood Transfusion
Services"
busia,2022_23,3,"CP 55: Preventive and
Promotive Health Ser-
vices","CSP 55.1: Infrastructure devel-
opment",62500000.0,,False,,"CP 55: Preventive and
Promotive Health Ser-
vices","CSP 55.1: Infrastructure devel-
opment"
busia,2022_23,3,"CP 55: Preventive and
Promotive Health Ser-
vices","CSP 55.2: Lower-level hospital
equipment",10000000.0,,False,,"CP 55: Preventive and
Promotive Health Ser-
vices","CSP 55.2: Lower-level hospital
equipment"
busia,2022_23,3,"CP 55: Preventive and
Promotive Health Ser-
vices",CSP 55.3: Preventive Services,8000000.0,,False,,"CP 55: Preventive and
Promotive Health Ser-
vices",CSP 55.3: Preventive Services
busia,2022_23,3,"CP 55: Preventive and
Promotive Health Ser-
vices",CSP 55.4: Health promotion unit,69500000.0,3751628.0,False,,"CP 55: Preventive and
Promotive Health Ser-
vices",CSP 55.4: Health promotion unit
elgeyo,2022_23,3,"Preventive and Promo-
tive health","Community and Envi-
ronmental Health",11429042.0,,False,,"Preventive and Promo-
tive health","Community and Envi-
ronmental Health"
elgeyo,2022_23,3,"Curative and Rehabili-
tative Health",County Hospitals,273251056.0,4997050.0,False,,"Curative and Rehabili-
tative Health",County Hospitals
elgeyo,2022_23,3,"Curative and Rehabili-
tative Health",Primary Care Units,159467062.0,31691745.0,False,,"Curative and Rehabili-
tative Health",Primary Care Units
elgeyo,2022_23,3,"Curative and Rehabili-
tative Health","Emergency Medical
Services",8480000.0,,False,,"Curative and Rehabili-
tative Health","Emergency Medical
Services"
elgeyo,2022_23,3,"Curative and Rehabili-
tative Health",,,,False,,"Curative and Rehabili-
tative Health",
garissa,2022_23,3,Department of Health and Sanitation,,,,False,,Department of Health and Sanitation,
garissa,2022_23,3,"Curative
Service",Curative,133507400.0,260000000.0,False,,"Curative
Service",Curative
garissa,2022_23,3,"Preventive
Service","Health Promotion
and Campaign",274000000.0,,False,,"Preventive
Service","Health Promotion
and Campaign"
homa,2022_23,3,Livestock Development Programme,"Livestock Health and
Disease Management",10480700.0,,False,,Livestock Development Programme,"Livestock Health and
Disease Management"
homa,2022_23,3,Department of Public Health And Medical Services,,,,False,,Department of Public Health And Medical Services,
homa,2022_23,3,Department of Public Health And Medical Services,,,,False,,Department of Public Health And Medical Services,
homa,2022_23,3,Preventive and promotive health services,"Community health
services",96334870.0,68340710.0,False,,Preventive and promotive health services,"Community health
services"
homa,2022_23,3,Preventive and promotive health services,Disease control services,165414104.0,79724595.0,False,,Preventive and promotive health services,Disease control services
homa,2022_23,3,Preventive and promotive health services,"Facility infrastructure
improvement services",140000000.0,109310867.0,False,,Preventive and promotive health services,"Facility infrastructure
improvement services"
homa,2022_23,3,Curative and rehabilitative health services,"Routine medical health
services",222222783.0,180116044.0,False,,Curative and rehabilitative health services,"Routine medical health
services"
homa,2022_23,3,Curative and rehabilitative health services,"Medical emergency
response services",4000000.0,,False,,Curative and rehabilitative health services,"Medical emergency
response services"
homa,2022_23,3,Curative and rehabilitative health services,"Facility infrastructure
improvement services",570209681.0,37692656.0,False,,Curative and rehabilitative health services,"Facility infrastructure
improvement services"
kajiado,2022_23,3,Preventive & Promotive Health Services,,36339986.0,14309793.0,False,,Preventive & Promotive Health Services,
kajiado,2022_23,3,"Reproductive Maternal Neo-natal Child &Ado-
lescent Health-RMNC",,3961400.0,1862700.0,False,,"Reproductive Maternal Neo-natal Child &Ado-
lescent Health-RMNC",
kajiado,2022_23,3,Primary Health Care Services,,14933720.0,1145230.0,False,,Primary Health Care Services,
kajiado,2022_23,3,Environmental Health and Sanitation Services,,11065480.0,8354248.0,False,,Environmental Health and Sanitation Services,
kajiado,2022_23,3,Curative and Rehabilitative,,280126551.0,240399316.0,False,,Curative and Rehabilitative,
kajiado,2022_23,3,Hospital Services,,8050750.0,5621830.0,False,,Hospital Services,
kajiado,2022_23,3,Health Products and Technologies,,265746096.0,231229786.0,False,,Health Products and Technologies,
kajiado,2022_23,3,Public Health and Sanitation,,,,False,,Public Health and Sanitation,
kajiado,2022_23,3,Preventive and Promotive,,,,False,,Preventive and Promotive,
kajiado,2022_23,3,Environmental Management and Public Health,,,,False,,Environmental Management and Public Health,
kajiado,2022_23,3,Environmental Management and Public Health,,34628070.0,21845394.0,False,,Environmental Management and Public Health,
kajiado,2022_23,3,"Environmental Management and
Public Health -Kajiado Municipal",,4690500.0,,False,,"Environmental Management and
Public Health -Kajiado Municipal",
kajiado,2022_23,3,"Environmental Management and
Public Health -Kajiado Municipal",,,,False,,"Environmental Management and
Public Health -Kajiado Municipal",
kajiado,2022_23,3,"Environmental Management
and Public Health",,,,False,,"Environmental Management
and Public Health",
kajiado,2022_23,3,"Environmental Management
and Public Health",,51327798.0,36069043.0,False,,"Environmental Management
and Public Health",
kajiado,2022_23,3,"Environmental Management and
Public Health -Ngong Municipality",,2250000.0,,False,,"Environmental Management and
Public Health -Ngong Municipality",
kajiado,2022_23,3,"Environmental Management and
Public Health -Ngong Municipality",,,,False,,"Environmental Management and
Public Health -Ngong Municipality",
kajiado,2022_23,3,Preventive & Promotive Health Services,,115708945.25,24591964.0,False,,Preventive & Promotive Health Services,
kajiado,2022_23,3,"Reproductive Maternal Neo-natal Child &Ado-
lescent Health-RMNC",,27266415.0,22022683.0,False,,"Reproductive Maternal Neo-natal Child &Ado-
lescent Health-RMNC",
kajiado,2022_23,3,Primary Health Care Services,,78692530.25,2569281.0,False,,Primary Health Care Services,
kajiado,2022_23,3,Environmental Health and Sanitation Services,,9750000.0,,False,,Environmental Health and Sanitation Services,
kajiado,2022_23,3,Curative and Rehabilitative,,195551331.0,,False,,Curative and Rehabilitative,
kajiado,2022_23,3,Hospital Services,,195551331.0,,False,,Hospital Services,
kajiado,2022_23,3,"Environmental Management
and Public Health",,,,False,,"Environmental Management
and Public Health",
kajiado,2022_23,3,"Environmental Management
and Public Health",,,,False,,"Environmental Management
and Public Health",
kajiado,2022_23,3,"Environmental Management
and Public Health",,,,False,,"Environmental Management
and Public Health",
kajiado,2022_23,3,"Environmental Management
and Public Health",,51327797.75,,False,,"Environmental Management
and Public Health",
kajiado,2022_23,3,"Environmental Management and
Public Health -Ngong Municipality",,2250000.0,,False,,"Environmental Management and
Public Health -Ngong Municipality",
kajiado,2022_23,3,"Environmental Management and
Public Health -Ngong Municipality",,,,False,,"Environmental Management and
Public Health -Ngong Municipality",
kajiado,2022_23,3,"Environmental Management
and Public Health",,,,False,,"Environmental Management
and Public Health",
kajiado,2022_23,3,"Environmental Management
and Public Health",,,,False,,"Environmental Management
and Public Health",
kajiado,2022_23,3,"Environmental Management
and Public Health",,34628070.25,,False,,"Environmental Management
and Public Health",
kajiado,2022_23,3,"Environmental Management and
Public Health -Kajiado Municipal",,4690500.0,,False,,"Environmental Management and
Public Health -Kajiado Municipal",
kajiado,2022_23,3,"Environmental Management and
Public Health -Kajiado Municipal",,,,False,,"Environmental Management and
Public Health -Kajiado Municipal",
kakamega,2022_23,3,Health Services,,,,False,,Health Services,
kericho,2022_23,3,"DEPARTMENT:
HEALTH SERVICES",,,,False,,"DEPARTMENT:
HEALTH SERVICES",
kericho,2022_23,3,Curative Health,"Administration
and Planning",1467116166.0,768406091.0,False,,Curative Health,"Administration
and Planning"
kericho,2022_23,3,Curative Health,"Hospital(curative)
Services",,,False,,Curative Health,"Hospital(curative)
Services"
kericho,2022_23,3,"Preventive and
Promotive Health","Preventive Medi-
cine and Promo-
tive Health",1104362375.0,792750943.0,False,,"Preventive and
Promotive Health","Preventive Medi-
cine and Promo-
tive Health"
kericho,2022_23,3,"Preventive and
Promotive Health",,2571478541.0,1561157034.0,False,,"Preventive and
Promotive Health",
kiambu,2022_23,3,Health Services,,,,False,,Health Services,
kiambu,2022_23,3,Health Services,"Health curative ser-
vices",603006903.0,524122880.0,False,,Health Services,"Health curative ser-
vices"
kiambu,2022_23,3,Health Services,"General Adminis-
tration and Support
Services",4131533024.0,4001388703.0,False,,Health Services,"General Adminis-
tration and Support
Services"
kiambu,2022_23,3,Health Services,"Preventive and Pro-
motive Services",43900000.0,15081370.0,False,,Health Services,"Preventive and Pro-
motive Services"
kiambu,2022_23,3,Health Services,,,,False,,Health Services,
kiambu,2022_23,3,Health Services,"Pharmaceutical and
Non-Pharmaceutical
supplies",96000000.0,9998003.0,False,,Health Services,"Pharmaceutical and
Non-Pharmaceutical
supplies"
kirinyaga,2022_23,3,Medical Services and Public Health,,,,False,,Medical Services and Public Health,
kirinyaga,2022_23,3,"Curative and
Rehabilitative
Services",,2111605163.0,1323071250.0,False,,"Curative and
Rehabilitative
Services",
kisii,2022_23,3,"County Health
Services",Medical Services,3068380553.0,1864409412.0,False,,"County Health
Services",Medical Services
kisii,2022_23,3,"County Health
Services",Public Health,41350000.0,,False,,"County Health
Services",Public Health
kisumu,2022_23,3,401005072,"Health promotion
service",45290823.0,11272926.9,False,,401005072,"Health promotion
service"
kisumu,2022_23,3,401005072,"Environmental
health and sani-
tation",62621434.0,22245500.0,False,,401005072,"Environmental
health and sani-
tation"
kwale,2022_23,3,Public Health(0401053060),,5839657.0,1835662.0,False,,Public Health(0401053060),
kwale,2022_23,3,"Maternal New Born And Child
Health(0401023060)",,22171888.0,,False,,"Maternal New Born And Child
Health(0401023060)",
kwale,2022_23,3,"operational Rural health Facili-
ties(0402023060)",,14805000.0,1194920.0,False,,"operational Rural health Facili-
ties(0402023060)",
kwale,2022_23,3,Medical Drugs(0402043060)),,520765641.0,365828508.0,False,,Medical Drugs(0402043060)),
kwale,2022_23,3,"Msambweni Hospital
(0405013060)",,74590883.0,42991482.0,False,,"Msambweni Hospital
(0405013060)",
kwale,2022_23,3,Kinango Hospital(0406013060),,28927000.0,17385337.0,False,,Kinango Hospital(0406013060),
kwale,2022_23,3,Kwale Hospital(0407013060),,24650000.0,18769478.0,False,,Kwale Hospital(0407013060),
kwale,2022_23,3,Samburu Hospital(0409013060),,30565000.0,8631244.0,False,,Samburu Hospital(0409013060),
kwale,2022_23,3,Lungalunga Hospital(0410013060),,18820000.0,12030893.0,False,,Lungalunga Hospital(0410013060),
kwale,2022_23,3,"Rural Health Facili-
ties(0412013060)",,55478597.0,12713959.0,False,,"Rural Health Facili-
ties(0412013060)",
kwale,2022_23,3,Diani Health Centre(0413013060),,2615000.0,695400.0,False,,Diani Health Centre(0413013060),
makueni,2022_23,3,"Curative
healthcare
services","Curative
healthcare
services",233962800.0,,False,,"Curative
healthcare
services","Curative
healthcare
services"
makueni,2022_23,3,"Preventive
and promo-
tive health-
care services","Preventive
and promo-
tive health-
care services",169606500.0,27497689.0,False,,"Preventive
and promo-
tive health-
care services","Preventive
and promo-
tive health-
care services"
makueni,2022_23,3,"Preventive
and promo-
tive health-
care services",,3403915337.0,1749787318.0,False,,"Preventive
and promo-
tive health-
care services",
mandera,2022_23,3,"Physical Infrastructure
Development",Health Infrastructure,468874654.0,150002616.0,False,,"Physical Infrastructure
Development",Health Infrastructure
meru,2022_23,3,"Department: Health
Services",,,,False,,"Department: Health
Services",
meru,2022_23,3,Curative Health,Curative Health,782489137.0,116074949.0,False,,Curative Health,Curative Health
meru,2022_23,3,"Preventive and
Promotive Health","Preventive and Promo-
tive Health",147886442.0,26300651.0,False,,"Preventive and
Promotive Health","Preventive and Promo-
tive Health"
migori,2022_23,3,Health-Medical services,,,,False,,Health-Medical services,
migori,2022_23,3,"Curative, Rehabili-
tative and Referral
services",Hospital Services,192773590.0,86263040.0,False,,"Curative, Rehabili-
tative and Referral
services",Hospital Services
migori,2022_23,3,"Maternal Child
Health Services",Maternal Health Services,2512000.0,,False,,"Maternal Child
Health Services",Maternal Health Services
migori,2022_23,3,"Essential Health
Products and
Technologies",Essential Health Products and Technologies,234737838.0,,False,,"Essential Health
Products and
Technologies",Essential Health Products and Technologies
migori,2022_23,3,"Preventive,
promotive Health
services and
Disease Control","Preventive, promotive Health services and
Disease Control",40560000.0,14990400.0,False,,"Preventive,
promotive Health
services and
Disease Control","Preventive, promotive Health services and
Disease Control"
migori,2022_23,3,Health - Public health & Nutrition Services,,,,False,,Health - Public health & Nutrition Services,
migori,2022_23,3,"Essential Health
Products and Tech-
nologies",Essential Health Products and Technologies,153617385.0,,False,,"Essential Health
Products and Tech-
nologies",Essential Health Products and Technologies
migori,2022_23,3,"Preventive,
promotive Health
services and
Disease Control","Preventive, promotive Health services and
Disease Control",49341541.0,25034904.0,False,,"Preventive,
promotive Health
services and
Disease Control","Preventive, promotive Health services and
Disease Control"
mombasa,2022_23,3,"3017 Health
Services",Administration Unit,3034341215.0,2723973051.0,False,,"3017 Health
Services",Administration Unit
mombasa,2022_23,3,"3017 Health
Services",Curative/Clinical Health Services,231789182.0,599004585.0,False,,"3017 Health
Services",Curative/Clinical Health Services
mombasa,2022_23,3,"3017 Health
Services","Preventive and Promotive Services
Unit",86072683.0,,False,,"3017 Health
Services","Preventive and Promotive Services
Unit"
mombasa,2022_23,3,"3017 Health
Services",Special Programs,51796920.0,1170000.0,False,,"3017 Health
Services",Special Programs
muranga,2022_23,3,Health And Sanitation,,,,False,,Health And Sanitation,
muranga,2022_23,3,"Curative
Program","402054010 Free Primary
HealthCare",614020000.0,452444575.0,False,,"Curative
Program","402054010 Free Primary
HealthCare"
nairobi,2022_23,3,"0401145310 Reproductive
Health & Maternal Health
(RMNCAH)","5315001200 Reproductive
Health, Maternal Health
(RMNCAH)",98992017.0,58326740.0,False,,"0401145310 Reproductive
Health & Maternal Health
(RMNCAH)","5315001200 Reproductive
Health, Maternal Health
(RMNCAH)"
nairobi,2022_23,3,"0401155310
Environmental /
Public Health","5315001300 Environmental
Public Health",99100006.0,11653400.0,False,,"0401155310
Environmental /
Public Health","5315001300 Environmental
Public Health"
nairobi,2022_23,3,"0402065310 sp.2.6 County
Referral Hospitals","5315000300 Mbagathi Dis-
trict Hospital",155680299.0,,False,,"0402065310 sp.2.6 County
Referral Hospitals","5315000300 Mbagathi Dis-
trict Hospital"
nairobi,2022_23,3,"0402065310 sp.2.6 County
Referral Hospitals","5315000400 Pumwani Ma-
ternity Hospital",195523761.0,25000000.0,False,,"0402065310 sp.2.6 County
Referral Hospitals","5315000400 Pumwani Ma-
ternity Hospital"
nairobi,2022_23,3,"0402065310 sp.2.6 County
Referral Hospitals",Pumwani Nursing School.,20400000.0,,False,,"0402065310 sp.2.6 County
Referral Hospitals",Pumwani Nursing School.
nairobi,2022_23,3,"0402065310 sp.2.6 County
Referral Hospitals","5315000500 Mama Lucy
Hospital",439724895.0,37289000.0,False,,"0402065310 sp.2.6 County
Referral Hospitals","5315000500 Mama Lucy
Hospital"
nairobi,2022_23,3,"0402065310 sp.2.6 County
Referral Hospitals","5315000600 Mutuini Hos-
pital",71900000.0,,False,,"0402065310 sp.2.6 County
Referral Hospitals","5315000600 Mutuini Hos-
pital"
nairobi,2022_23,3,"0402075310 sp.2.7 Health
Centres & Dispensaries","5315001600 Health centres
& dispensaries",849083513.0,142588400.0,False,,"0402075310 sp.2.7 Health
Centres & Dispensaries","5315001600 Health centres
& dispensaries"
nairobi,2022_23,3,"0404015310 Sp4.1
Administration/Human
Resource for Health","5315001800 Administration
unit",3591741213.0,1856117946.0,False,,"0404015310 Sp4.1
Administration/Human
Resource for Health","5315001800 Administration
unit"
nairobi,2022_23,3,"0404025310 Sp4.2
Health Policy, Planning
& Financing","5315001700 Health Policy,
Planning and Financing Unit",22600000.0,6558800.0,False,,"0404025310 Sp4.2
Health Policy, Planning
& Financing","5315001700 Health Policy,
Planning and Financing Unit"
nairobi,2022_23,3,"0404035310 sp 4.3
Health Commodities","5315001900 Health Com-
modities",,,False,,"0404035310 sp 4.3
Health Commodities","5315001900 Health Com-
modities"
nairobi,2022_23,3,"0116005310 P.10:Animal
Health, Safety and
Quality Assurance","0116015310 sp 10.1 Animal
Research, Diseases, Pest
Control & Quality Assurance",27539330.0,508022.0,False,,"0116005310 P.10:Animal
Health, Safety and
Quality Assurance","0116015310 sp 10.1 Animal
Research, Diseases, Pest
Control & Quality Assurance"
nandi,2022_23,3,"Preventive & Promotive
Health Services",,2914245923.0,2095185640.0,False,,"Preventive & Promotive
Health Services",
narok,2022_23,3,Health and Sanitation,Health Promotion,1300937004.0,606307602.3,False,,Health and Sanitation,Health Promotion
narok,2022_23,3,Health and Sanitation,,432151700.0,195777667.0,False,,Health and Sanitation,
narok,2022_23,3,Health and Sanitation,Referral Services,432151700.0,195777667.0,False,,Health and Sanitation,Referral Services
narok,2022_23,3,Health and Sanitation,,2473145566.0,1947889835.6,False,,Health and Sanitation,
narok,2022_23,3,Health and Sanitation,"Health Policy,
Planning and
Financing",2473145566.0,1947889835.6,False,,Health and Sanitation,"Health Policy,
Planning and
Financing"
narok,2022_23,3,Health and Sanitation,,1676753748.0,1484068870.5,False,,Health and Sanitation,
nyamira,2022_23,3,Curative health services,,,,False,,Curative health services,
nyamira,2022_23,3,Curative health services,,,,False,,Curative health services,
nyamira,2022_23,3,Curative health services,,,,False,,Curative health services,
nyeri,2022_23,3,Health Services,,,,False,,Health Services,
nyeri,2022_23,3,Rural Health,,21394238.0,,False,,Rural Health,
nyeri,2022_23,3,Rural Health,,2250690140.0,1663704024.0,False,,Rural Health,
samburu,2022_23,3,4217-Samburu - Health Services,,,,False,,4217-Samburu - Health Services,
samburu,2022_23,3,401004217,"Maternal Health
Services",54089842.0,48449215.6,False,,401004217,"Maternal Health
Services"
samburu,2022_23,3,401004217,"Health Promotive
Services",119366185.0,98699556.45,False,,401004217,"Health Promotive
Services"
samburu,2022_23,3,402004217,"Free Primary
Healthcare",166482850.0,95172137.3,False,,402004217,"Free Primary
Healthcare"
samburu,2022_23,3,402004217,"Provision Of
Essential Health
Services In All The
Levels",24914162.0,15266054.8,False,,402004217,"Provision Of
Essential Health
Services In All The
Levels"
samburu,2022_23,3,403004217,"Health Standards
and Quality Assur-
ance Services",81060204.0,73417831.0,False,,403004217,"Health Standards
and Quality Assur-
ance Services"
samburu,2022_23,3,403004217,"Health Infrastruc-
ture development",8788504.0,5084579.5,False,,403004217,"Health Infrastruc-
ture development"
samburu,2022_23,3,403004217,"Human Resources
for health",71238943.0,63287629.05,False,,403004217,"Human Resources
for health"
samburu,2022_23,3,403004217,"Health Policy, Plan-
ning & Financing",19987229.0,10978819.0,False,,403004217,"Health Policy, Plan-
ning & Financing"
tana,2022_23,3,"Veterinary
Services","Veterinary Public
Health/Abattoirs",1182846.0,1128806.0,False,,"Veterinary
Services","Veterinary Public
Health/Abattoirs"
tana,2022_23,3,Health and Sanitation,,,,False,,Health and Sanitation,
tana,2022_23,3,"Curative and
Rehabilitative",Medical Supplies,142650000.0,102498793.0,False,,"Curative and
Rehabilitative",Medical Supplies
tana,2022_23,3,"Curative and
Rehabilitative",Medical Services,31200000.0,27679783.0,False,,"Curative and
Rehabilitative",Medical Services
tana,2022_23,3,"Curative and
Rehabilitative",Ambulance services,8700000.0,8341220.0,False,,"Curative and
Rehabilitative",Ambulance services
tana,2022_23,3,"Preventive and
Promotive","Preventive and Pro-
motive",16400000.0,12411178.0,False,,"Preventive and
Promotive","Preventive and Pro-
motive"
tana,2022_23,3,"Preventive and
Promotive","Licensing and control
of undertaking",9045859.0,8840310.0,False,,"Preventive and
Promotive","Licensing and control
of undertaking"
tana,2022_23,3,"Preventive and
Promotive","Licensing and control
of undertaking",5800000.0,1276860.0,False,,"Preventive and
Promotive","Licensing and control
of undertaking"
turkana,2022_23,3,Ministry of Health & Sanitation Services,,,,False,,Ministry of Health & Sanitation Services,
turkana,2022_23,3,"General Administration,
Planning and support
services",Health Facilities,484003789.0,67106059.0,False,,"General Administration,
Planning and support
services",Health Facilities
turkana,2022_23,3,"Support to Health
Programs","HIV & AIDS, including com-
munity-based HIV interventions",606000.0,105000.0,False,,"Support to Health
Programs","HIV & AIDS, including com-
munity-based HIV interventions"
turkana,2022_23,3,"Support to Health
Programs",TB & Leprosy,300000.0,,False,,"Support to Health
Programs",TB & Leprosy
turkana,2022_23,3,"Support to Health
Programs",Malaria,500000.0,,False,,"Support to Health
Programs",Malaria
turkana,2022_23,3,"Support to Health
Programs","NTDs (neglected tropical
diseases)",500000.0,,False,,"Support to Health
Programs","NTDs (neglected tropical
diseases)"
turkana,2022_23,3,"Support to Health
Programs",Nutrition,542500.0,,False,,"Support to Health
Programs",Nutrition
turkana,2022_23,3,"Support to Health
Programs",Reproductive health,480000.0,,False,,"Support to Health
Programs",Reproductive health
turkana,2022_23,3,"Support to Health
Programs",Disease surveillance,750000.0,,False,,"Support to Health
Programs",Disease surveillance
turkana,2022_23,3,"Support to Health
Programs",EPI/outreaches,500000.0,,False,,"Support to Health
Programs",EPI/outreaches
turkana,2022_23,3,"Support to Health
Programs",Health promotion,75530390.0,34047945.0,False,,"Support to Health
Programs",Health promotion
turkana,2022_23,3,"Support to Health
Programs",Environmental health services,600000.0,45000.0,False,,"Support to Health
Programs",Environmental health services
turkana,2022_23,3,"Support to Health
Programs","Emergency preparedness &
disaster response",600000.0,,False,,"Support to Health
Programs","Emergency preparedness &
disaster response"
turkana,2022_23,3,"Support to Health
Programs",mainstreaming,350000.0,,False,,"Support to Health
Programs",mainstreaming
turkana,2022_23,3,"Support to Health
Programs",Community Health Services,130568000.0,74486925.0,False,,"Support to Health
Programs",Community Health Services
turkana,2022_23,3,Laboratory Services,Rural Health Facility Support,47698888.0,23576040.0,False,,Laboratory Services,Rural Health Facility Support
turkana,2022_23,3,Laboratory Services,"Sub county Health Facilities
Support",2600000.0,,False,,Laboratory Services,"Sub county Health Facilities
Support"
turkana,2022_23,3,Laboratory Services,Turkana Level 6 Hospital,18000000.0,,False,,Laboratory Services,Turkana Level 6 Hospital
turkana,2022_23,3,Laboratory Services,Medical Supplies,364263000.0,228167303.0,False,,Laboratory Services,Medical Supplies
turkana,2022_23,3,"Health Information
and Management",Health Information & Mgt,1773000.0,147000.0,False,,"Health Information
and Management",Health Information & Mgt
turkana,2022_23,3,"Health Information
and Management",Quality Assurance,448000.0,,False,,"Health Information
and Management",Quality Assurance
turkana,2022_23,3,"Health Information
and Management",Electronic Medical Records,4400000.0,1784010.0,False,,"Health Information
and Management",Electronic Medical Records
turkana,2022_23,3,"Health Information
and Management",Monitoring & Evaluation Health,950000.0,105500.0,False,,"Health Information
and Management",Monitoring & Evaluation Health
turkana,2022_23,3,"Health Information
and Management",Research & Development,200000.0,,False,,"Health Information
and Management",Research & Development
turkana,2022_23,3,"Health Information
and Management",Policy & Planning Services,,,False,,"Health Information
and Management",Policy & Planning Services
turkana,2022_23,3,"Health Information
and Management",Rehabilitation & Treatment,1700000.0,294000.0,False,,"Health Information
and Management",Rehabilitation & Treatment
turkana,2022_23,3,"Health Information
and Management",Public Education & Awareness,800000.0,,False,,"Health Information
and Management",Public Education & Awareness
turkana,2022_23,3,"Health Information
and Management",Liquor Licensing,11215000.0,251300.0,False,,"Health Information
and Management",Liquor Licensing
turkana,2022_23,3,"Health Information
and Management",Training & Capacity Building,600000.0,282800.0,False,,"Health Information
and Management",Training & Capacity Building
vihiga,2022_23,3,"Administration,
Planning and Sup-
port Service",Healthcare Financing,11831862.0,4588595.35,False,,"Administration,
Planning and Sup-
port Service",Healthcare Financing
vihiga,2022_23,3,"Promotive and Pre-
ventive Healthcare
Services",,9340000.0,4398800.0,False,,"Promotive and Pre-
ventive Healthcare
Services",
vihiga,2022_23,3,"Promotive and Pre-
ventive Healthcare
Services",Public Health Services,4120000.0,1131600.0,False,,"Promotive and Pre-
ventive Healthcare
Services",Public Health Services
vihiga,2022_23,3,"Promotive and Pre-
ventive Healthcare
Services",Community Health Strategy,2000000.0,1600700.0,False,,"Promotive and Pre-
ventive Healthcare
Services",Community Health Strategy
vihiga,2022_23,3,"Promotive and Pre-
ventive Healthcare
Services",Health Promotion,500000.0,,False,,"Promotive and Pre-
ventive Healthcare
Services",Health Promotion
vihiga,2022_23,3,"Promotive and Pre-
ventive Healthcare
Services",Reproductive Healthcare,2700000.0,1666500.0,False,,"Promotive and Pre-
ventive Healthcare
Services",Reproductive Healthcare
vihiga,2022_23,3,"Promotive and Pre-
ventive Healthcare
Services",Disease Surveillance and Emergency,20000.0,,False,,"Promotive and Pre-
ventive Healthcare
Services",Disease Surveillance and Emergency
vihiga,2022_23,3,"Curative And Re-
habilitative Health
Services",,96800000.0,47618613.0,False,,"Curative And Re-
habilitative Health
Services",
vihiga,2022_23,3,"Curative And Re-
habilitative Health
Services",Medical services,96300000.0,47315313.0,False,,"Curative And Re-
habilitative Health
Services",Medical services
vihiga,2022_23,3,"Curative And Re-
habilitative Health
Services",County referral services,500000.0,303300.0,False,,"Curative And Re-
habilitative Health
Services",County referral services
vihiga,2022_23,3,"Child and Maternal
Health Care",,52094828.0,24029815.7,False,,"Child and Maternal
Health Care",
vihiga,2022_23,3,"Child and Maternal
Health Care",Antenatal and Post Natal healthcare,2600000.0,233600.0,False,,"Child and Maternal
Health Care",Antenatal and Post Natal healthcare
vihiga,2022_23,3,"Child and Maternal
Health Care",Antenatal and Post Natal Healthcare,10520000.0,5064150.0,False,,"Child and Maternal
Health Care",Antenatal and Post Natal Healthcare
vihiga,2022_23,3,"Child and Maternal
Health Care","Newborn, Child and Adolescent
Health",500000.0,371500.0,False,,"Child and Maternal
Health Care","Newborn, Child and Adolescent
Health"
vihiga,2022_23,3,"Child and Maternal
Health Care",Nutrition Services,38474828.0,18360565.7,False,,"Child and Maternal
Health Care",Nutrition Services
baringo,2022_23,4,"County Health
Services","General Administra-
tion",349679443.0,431338606.0,False,,"County Health
Services","General Administra-
tion"
baringo,2022_23,4,"County Health
Services","Curative and Rehabili-
tative Services",,,False,,"County Health
Services","Curative and Rehabili-
tative Services"
baringo,2022_23,4,"County Health
Services","Preventive and Promo-
tive Health Services",,,False,,"County Health
Services","Preventive and Promo-
tive Health Services"
baringo,2022_23,4,"County Health
Services","Health/preventive
services",,,False,,"County Health
Services","Health/preventive
services"
baringo,2022_23,4,"County Health
Services",Medical Drugs,176085998.0,142515851.0,False,,"County Health
Services",Medical Drugs
baringo,2022_23,4,"Promotion of pri-
mary healthcare",General administration,,,False,,"Promotion of pri-
mary healthcare",General administration
busia,2022_23,4,"CP 10: Veterinary
health services",,,,False,,"CP 10: Veterinary
health services",
busia,2022_23,4,"CP 10: Veterinary
health services",,,,False,,"CP 10: Veterinary
health services",
busia,2022_23,4,"CP 10: Veterinary
health services",,,,False,,"CP 10: Veterinary
health services",
busia,2022_23,4,"CP 10: Veterinary
health services",,,,False,,"CP 10: Veterinary
health services",
busia,2022_23,4,Department of Health and Sanitation,,,,False,,Department of Health and Sanitation,
busia,2022_23,4,"-CP 54: Curative
Health Services",,,,False,,"-CP 54: Curative
Health Services",
busia,2022_23,4,"-CP 54: Curative
Health Services",,,,False,,"-CP 54: Curative
Health Services",
busia,2022_23,4,"CP 55: Preventive
and Promotive
Health Services",,,,False,,"CP 55: Preventive
and Promotive
Health Services",
busia,2022_23,4,"CP 55: Preventive
and Promotive
Health Services",,,,False,,"CP 55: Preventive
and Promotive
Health Services",
busia,2022_23,4,"CP 55: Preventive
and Promotive
Health Services",,,,False,,"CP 55: Preventive
and Promotive
Health Services",
isiolo,2022_23,4,Health services,,,,False,,Health services,
isiolo,2022_23,4,Medical Services,,1371432068.0,1346023439.0,False,,Medical Services,
isiolo,2022_23,4,"Public Health
Headquarters",,13550000.0,13548240.0,False,,"Public Health
Headquarters",
kericho,2022_23,4,Department: Health Services,,,,False,,Department: Health Services,
kericho,2022_23,4,Curative Health,"Administration and
Planning",1527229294.0,1361862890.0,False,,Curative Health,"Administration and
Planning"
kericho,2022_23,4,Curative Health,"Hospital(curative)
Services",,,False,,Curative Health,"Hospital(curative)
Services"
kericho,2022_23,4,"Preventive and
Promotive Health","Preventive Medi-
cine and Promotive
Health",1100839902.0,1060173459.0,False,,"Preventive and
Promotive Health","Preventive Medi-
cine and Promotive
Health"
kericho,2022_23,4,"Preventive and
Promotive Health",,2628069196.0,2422036349.0,False,,"Preventive and
Promotive Health",
kericho,2022_23,4,"Preventive and
Promotive Health",,,,False,,"Preventive and
Promotive Health",
kirinyaga,2022_23,4,Medical Services and Public Health,,,,False,,Medical Services and Public Health,
kirinyaga,2022_23,4,"Curative and
Rehabilitative
Services","040301 Curative
and Rehabilitative
Services",2116310238.0,2114819096.0,False,,"Curative and
Rehabilitative
Services","040301 Curative
and Rehabilitative
Services"
kirinyaga,2022_23,4,"Curative and
Rehabilitative
Services",,,,False,,"Curative and
Rehabilitative
Services",
kisumu,2022_23,4,401005072,"Health promo-
tion service",45290823.0,45290816.0,False,,401005072,"Health promo-
tion service"
kisumu,2022_23,4,401005072,"Environmen-
tal health and
sanitation",62621434.0,62621428.0,False,,401005072,"Environmen-
tal health and
sanitation"
kisumu,2022_23,4,5063-Kisumu - Department of Health,,,,False,,5063-Kisumu - Department of Health,
kisumu,2022_23,4,401005063,"Community
health strategy",240500.0,,False,,401005063,"Community
health strategy"
kisumu,2022_23,4,402005063,"Reproductive
Health",6750000.0,2100000.0,False,,402005063,"Reproductive
Health"
kisumu,2022_23,4,403005063,"Human re-
source for
Health",2831055761.0,2460908779.0,False,,403005063,"Human re-
source for
Health"
kisumu,2022_23,4,405005063,"Health Promo-
tive Services",236574134.0,100846848.0,False,,405005063,"Health Promo-
tive Services"
kisumu,2022_23,4,409005063,"County and
Sub-County
Hospital Ser-
vices",65000000.0,47148853.0,False,,409005063,"County and
Sub-County
Hospital Ser-
vices"
kitui,2022_23,4,3716-Kitui - Health and sanitation,,,,False,,3716-Kitui - Health and sanitation,
kitui,2022_23,4,"Health Promotion
andDisease Control",,2092132.0,1585557.0,False,,"Health Promotion
andDisease Control",
kitui,2022_23,4,"Health Promotion
andDisease Control",,,213521.0,False,,"Health Promotion
andDisease Control",
kitui,2022_23,4,Medical Services,,1254884100.0,1244895173.0,False,,Medical Services,
kitui,2022_23,4,Medical Services,,8300000.0,8276400.0,False,,Medical Services,
kitui,2022_23,4,Medical Services,,628958332.0,628878292.0,False,,Medical Services,
kitui,2022_23,4,Medical Services,,66611.0,,False,,Medical Services,
kitui,2022_23,4,Public Health,,4837591.0,4535448.0,False,,Public Health,
kitui,2022_23,4,Public Health,,2223000.0,2167558.0,False,,Public Health,
kitui,2022_23,4,Public Health,,2955000.0,2110408.0,False,,Public Health,
kitui,2022_23,4,"Rural Health Ser-
vices",,379000000.0,378999998.0,False,,"Rural Health Ser-
vices",
kitui,2022_23,4,"Rural Health Ser-
vices",,60436134.0,58874309.0,False,,"Rural Health Ser-
vices",
kitui,2022_23,4,"Rural Health Ser-
vices",,19062793.0,23661766.0,False,,"Rural Health Ser-
vices",
kitui,2022_23,4,"Rural Health Ser-
vices",,3412276672.0,3397483515.0,False,,"Rural Health Ser-
vices",
laikipia,2022_23,4,Health and sanitation,,,,False,,Health and sanitation,
laikipia,2022_23,4,"Curative And
Rehabilitee
Health",,19340000.0,9930485.0,False,,"Curative And
Rehabilitee
Health",
laikipia,2022_23,4,"Curative And
Rehabilitee
Health",,36205271.0,39827807.0,False,,"Curative And
Rehabilitee
Health",
laikipia,2022_23,4,"Curative And
Rehabilitee
Health",,,,False,,"Curative And
Rehabilitee
Health",
laikipia,2022_23,4,"Curative And
Rehabilitee
Health",,282595561.0,301686549.0,False,,"Curative And
Rehabilitee
Health",
laikipia,2022_23,4,"Curative And
Rehabilitee
Health",,30000000.0,29033112.0,False,,"Curative And
Rehabilitee
Health",
laikipia,2022_23,4,"Curative And
Rehabilitee
Health",,12000000.0,10518561.0,False,,"Curative And
Rehabilitee
Health",
laikipia,2022_23,4,"Curative And
Rehabilitee
Health",,7800000.0,7494893.0,False,,"Curative And
Rehabilitee
Health",
laikipia,2022_23,4,"Curative And
Rehabilitee
Health",,6200000.0,7440016.0,False,,"Curative And
Rehabilitee
Health",
laikipia,2022_23,4,"Curative And
Rehabilitee
Health",,,,False,,"Curative And
Rehabilitee
Health",
laikipia,2022_23,4,"Curative And
Rehabilitee
Health",,12040400.0,13052200.0,False,,"Curative And
Rehabilitee
Health",
laikipia,2022_23,4,"Curative And
Rehabilitee
Health",,9000000.0,6537174.0,False,,"Curative And
Rehabilitee
Health",
laikipia,2022_23,4,"Preventive
Health Services",,3000000.0,2699900.0,False,,"Preventive
Health Services",
laikipia,2022_23,4,"Preventive
Health Services",,5000000.0,4142704.0,False,,"Preventive
Health Services",
laikipia,2022_23,4,"Preventive
Health Services",,15000000.0,12732945.0,False,,"Preventive
Health Services",
laikipia,2022_23,4,"Preventive
Health Services",,438181232.0,445096345.0,False,,"Preventive
Health Services",
lamu,2022_23,4,Department Medical of Services,,,,False,,Department Medical of Services,
lamu,2022_23,4,"3217000201 Pro-
gramme 2: Cura-
tive And Rehabili-
tative Services","SP 2.1: Primary health
services",134594688.0,127975922.0,False,,"3217000201 Pro-
gramme 2: Cura-
tive And Rehabili-
tative Services","SP 2.1: Primary health
services"
lamu,2022_23,4,"3217000301 Pro-
gramme 3 Preven-
tive and Promotive
Services","SP 4.1: Preventive and
Promotive Services",9352000.0,8633891.0,False,,"3217000301 Pro-
gramme 3 Preven-
tive and Promotive
Services","SP 4.1: Preventive and
Promotive Services"
lamu,2022_23,4,"0501003210 Pro-
gramme 1: General
Administration,
Planning and Sup-
port Services","Sub-Programme 1.2:
Public Health and
sanitation",26257081.0,14411287.0,False,,"0501003210 Pro-
gramme 1: General
Administration,
Planning and Sup-
port Services","Sub-Programme 1.2:
Public Health and
sanitation"
lamu,2022_23,4,"Programme 4:
Environmental
Health and sani-
tation","Sub-programme 2.1:
Public Health andLi-
cencing",,,False,,"Programme 4:
Environmental
Health and sani-
tation","Sub-programme 2.1:
Public Health andLi-
cencing"
lamu,2022_23,4,"Programme 4:
Environmental
Health and sani-
tation","Sub-Programme 2.2:
Waste Management",,,False,,"Programme 4:
Environmental
Health and sani-
tation","Sub-Programme 2.2:
Waste Management"
lamu,2022_23,4,"Programme 4:
Environmental
Health and sani-
tation",SUM,,,False,,"Programme 4:
Environmental
Health and sani-
tation",SUM
mandera,2022_23,4,Health Services,"Administrative
Services",1773676734.0,1682085221.0,False,,Health Services,"Administrative
Services"
mandera,2022_23,4,Health Services,Medical Services,935924104.0,853822216.0,False,,Health Services,Medical Services
mandera,2022_23,4,Health Services,"Public health and
sanitation",131186458.0,84826152.0,False,,Health Services,"Public health and
sanitation"
mandera,2022_23,4,Health Services,,2840787296.0,2620733589.0,False,,Health Services,
marsabit,2022_23,4,Health Services,,,,False,,Health Services,
marsabit,2022_23,4,Health Services,,,,False,,Health Services,
marsabit,2022_23,4,"Health
Services",,1434001743.0,1415077715.53,False,,"Health
Services",
marsabit,2022_23,4,"Health
Services",,,,False,,"Health
Services",
marsabit,2022_23,4,"Health
Services",,1434001743.0,1415077715.53,False,,"Health
Services",
meru,2022_23,4,Department: Health Services,,,,False,,Department: Health Services,
meru,2022_23,4,Curative Health,Curative Health,782489136.69,739726020.6,False,,Curative Health,Curative Health
meru,2022_23,4,"Preventive and Promo-
tive Health","Preventive and Promo-
tive Health",147886442.0,133782745.4,False,,"Preventive and Promo-
tive Health","Preventive and Promo-
tive Health"
migori,2022_23,4,Department of Health-Medical services,,,,False,,Department of Health-Medical services,
migori,2022_23,4,"Curative, Rehabil-
itative and Refer-
ral services",Hospital Services,272327838.0,249092733.0,False,,"Curative, Rehabil-
itative and Refer-
ral services",Hospital Services
migori,2022_23,4,"Essential Health
Products and-
Technologies","Essential Health Prod-
ucts andTechnologies",35014374.0,33414174.0,False,,"Essential Health
Products and-
Technologies","Essential Health Prod-
ucts andTechnologies"
migori,2022_23,4,"Preventive, pro-
motive Health
services andDis-
ease Control","Preventive, promotive
Health services andDis-
ease Control",22212400.0,19357400.0,False,,"Preventive, pro-
motive Health
services andDis-
ease Control","Preventive, promotive
Health services andDis-
ease Control"
migori,2022_23,4,Department of Health - Public Health & Sanitation,,,,False,,Department of Health - Public Health & Sanitation,
migori,2022_23,4,"Curative, rehabili-
tative and Referral
services","Essential Health Prod-
ucts andTechnologies",152693385.0,91062986.0,False,,"Curative, rehabili-
tative and Referral
services","Essential Health Prod-
ucts andTechnologies"
migori,2022_23,4,"Preventive, pro-
motive Health
services andDis-
ease Control","Preventive, promotive
Health services andDis-
ease Control",43408541.0,38265357.0,False,,"Preventive, pro-
motive Health
services andDis-
ease Control","Preventive, promotive
Health services andDis-
ease Control"
nairobi,2022_23,4,"Fiscal Policy Formula-
tion, Development &
Management",Health,,,False,,"Fiscal Policy Formula-
tion, Development &
Management",Health
nairobi,2022_23,4,"Malaria control &
Other Communicable
Diseases unit","Reproductive Health & Maternal
Health (RMNCAH)",72919650.0,62487983.0,False,,"Malaria control &
Other Communicable
Diseases unit","Reproductive Health & Maternal
Health (RMNCAH)"
nairobi,2022_23,4,"Reproductive Health,
Maternal Health (RM-
NCAH)",,72919650.0,62487983.0,False,,"Reproductive Health,
Maternal Health (RM-
NCAH)",
nairobi,2022_23,4,"Reproductive Health,
Maternal Health (RM-
NCAH)",Environmental / Public Health,218919577.0,117868474.0,False,,"Reproductive Health,
Maternal Health (RM-
NCAH)",Environmental / Public Health
nairobi,2022_23,4,"Environmental Public
Health",,218919577.0,117868474.0,False,,"Environmental Public
Health",
nairobi,2022_23,4,"Environmental Public
Health",County Referral Hospitals,209007941.0,124933778.0,False,,"Environmental Public
Health",County Referral Hospitals
nairobi,2022_23,4,"Mbagathi District
Hospital",,27576600.0,10117416.0,False,,"Mbagathi District
Hospital",
nairobi,2022_23,4,"Pumwani Maternity
Hospital",,36415500.0,23863812.0,False,,"Pumwani Maternity
Hospital",
nairobi,2022_23,4,"Pumwani Maternity
Hospital",,,,False,,"Pumwani Maternity
Hospital",
nairobi,2022_23,4,Mama Lucy Hospital,,111611841.0,64240631.0,False,,Mama Lucy Hospital,
nairobi,2022_23,4,Mutuini Hospital,,29904000.0,26711920.0,False,,Mutuini Hospital,
nairobi,2022_23,4,Mutuini Hospital,Health Centres & dispensaries,734118202.0,,False,,Mutuini Hospital,Health Centres & dispensaries
nairobi,2022_23,4,"Health Centres &
dispensaries",,734118202.0,,False,,"Health Centres &
dispensaries",
nairobi,2022_23,4,"Health Centres &
dispensaries","Administration/Human Resource for
Health",4196312288.0,2023147.0,False,,"Health Centres &
dispensaries","Administration/Human Resource for
Health"
nairobi,2022_23,4,Administration unit,"Health Policy, Planning & Financing",11319800.0,27637841.0,False,,Administration unit,"Health Policy, Planning & Financing"
nairobi,2022_23,4,"Health policy, plan-
ning and financing
Unit",,11319800.0,27637841.0,False,,"Health policy, plan-
ning and financing
Unit",
nairobi,2022_23,4,"Health policy, plan-
ning and financing
Unit",Coroner services unit,11374471.0,,False,,"Health policy, plan-
ning and financing
Unit",Coroner services unit
nairobi,2022_23,4,"Agricultural Develop-
ment Support Project","Animal Health, Safety and Quality
Assurance",2999054.0,977828.0,False,,"Agricultural Develop-
ment Support Project","Animal Health, Safety and Quality
Assurance"
nakuru,2022_23,4,Department of Health Services,,,,False,,Department of Health Services,
nakuru,2022_23,4,"Programme 1
administration and
Planning","SP 1.1 Health in-
formation systems",17485667.0,3327082.0,False,,"Programme 1
administration and
Planning","SP 1.1 Health in-
formation systems"
nakuru,2022_23,4,"Programme 1
administration and
Planning","SP 1.5 Health
infrastructure and
development",10833333.0,220000.0,False,,"Programme 1
administration and
Planning","SP 1.5 Health
infrastructure and
development"
nakuru,2022_23,4,"Programme 2
health preventive
and Promotive
services","SP 2.1 Primary
Healthcare",1270605.0,,False,,"Programme 2
health preventive
and Promotive
services","SP 2.1 Primary
Healthcare"
nakuru,2022_23,4,"Programme 2
health preventive
and Promotive
services","SP 2.2 Environ-
mental health and
sanitation",2000000.0,,False,,"Programme 2
health preventive
and Promotive
services","SP 2.2 Environ-
mental health and
sanitation"
nakuru,2022_23,4,"Programme 2
health preventive
and Promotive
services","SP 2.3 human
resource",17049940.0,,False,,"Programme 2
health preventive
and Promotive
services","SP 2.3 human
resource"
nakuru,2022_23,4,"Programme 2
health preventive
and Promotive
services","SP 2.4 Disease sur-
veillance and Emer-
gency response",1897550.0,127800.0,False,,"Programme 2
health preventive
and Promotive
services","SP 2.4 Disease sur-
veillance and Emer-
gency response"
nakuru,2022_23,4,"Programme 2
health preventive
and Promotive
services","SP 2.5 Health
promotive",1000000.0,471600.0,False,,"Programme 2
health preventive
and Promotive
services","SP 2.5 Health
promotive"
nakuru,2022_23,4,"Programme 2
health preventive
and Promotive
services","SP 2.6 HIV pro-
gramme",2000000.0,1636580.0,False,,"Programme 2
health preventive
and Promotive
services","SP 2.6 HIV pro-
gramme"
nakuru,2022_23,4,"Programme 2
health preventive
and Promotive
services",SP 2.7 Nutrition,10000000.0,6328313.0,False,,"Programme 2
health preventive
and Promotive
services",SP 2.7 Nutrition
nakuru,2022_23,4,"Programme 2
health preventive
and Promotive
services","SP 2.8 Reproduc-
tive health",1750000.0,,False,,"Programme 2
health preventive
and Promotive
services","SP 2.8 Reproduc-
tive health"
nakuru,2022_23,4,"Programme 2
health preventive
and Promotive
services","SP 2.9 immuni-
sation",1825775.0,489600.0,False,,"Programme 2
health preventive
and Promotive
services","SP 2.9 immuni-
sation"
nakuru,2022_23,4,"Programme 3
Health curative
And Rehabilitative
services","SP 3.1 Provision
of essential health
services in all",1226659650.0,1079537146.0,False,,"Programme 3
Health curative
And Rehabilitative
services","SP 3.1 Provision
of essential health
services in all"
nakuru,2022_23,4,"Programme 3
Health curative
And Rehabilitative
services","SP 3.2 Elimination
of communicable
and non-communi-
cable diseases",2200000.0,,False,,"Programme 3
Health curative
And Rehabilitative
services","SP 3.2 Elimination
of communicable
and non-communi-
cable diseases"
nakuru,2022_23,4,"Programme 3
Health curative
And Rehabilitative
services","SP 3.3 Human
resource",322427403.0,381130266.0,False,,"Programme 3
Health curative
And Rehabilitative
services","SP 3.3 Human
resource"
nakuru,2022_23,4,"Programme 3
Health curative
And Rehabilitative
services",,,,False,,"Programme 3
Health curative
And Rehabilitative
services",
nyandarua,2022_23,4,Health Services,,,,False,,Health Services,
nyandarua,2022_23,4,"Preventive
and Promo-
tive Services",,8300000.0,8729625.0,False,,"Preventive
and Promo-
tive Services",
nyandarua,2022_23,4,"Curative
Services",,300951600.0,300868212.0,False,,"Curative
Services",
nyandarua,2022_23,4,"Curative
Services",,309588776.0,122403029.0,False,,"Curative
Services",
nyandarua,2022_23,4,"Curative
Services",,,,False,,"Curative
Services",
siaya,2022_23,4,"County Health Services
-",,,,False,,"County Health Services
-",
siaya,2022_23,4,"County Health Services
-",,1490768146.0,1052311763.3,False,,"County Health Services
-",
siaya,2022_23,4,"County Health Services
-",,204908249.0,199951298.85,False,,"County Health Services
-",
siaya,2022_23,4,"County Health Services
-",,83755896.0,69194471.0,False,,"County Health Services
-",
siaya,2022_23,4,"County Health Services
-",,109000700.0,56327054.0,False,,"County Health Services
-",
siaya,2022_23,4,"County Health Services
-",,25219688.0,24869022.0,False,,"County Health Services
-",
siaya,2022_23,4,"County Health Services
-",,76446751.0,57261123.0,False,,"County Health Services
-",
siaya,2022_23,4,"County Health Services
-",,58578536.0,607267.0,False,,"County Health Services
-",
siaya,2022_23,4,"County Health Services
-",,50158116.0,850000.0,False,,"County Health Services
-",
siaya,2022_23,4,"County Health Services
-",,2098836082.0,1461371999.45,False,,"County Health Services
-",
trans,2022_23,4,Health Corporate,,2416032616.0,2113316719.3,False,,Health Corporate,
trans,2022_23,4,"P1 Administrative and
Support Services","Sp1.1 Preventive
Health Services",385617890.0,99520770.75,False,,"P1 Administrative and
Support Services","Sp1.1 Preventive
Health Services"
turkana,2022_23,4,"Health andSanitation
Services",,,,False,,"Health andSanitation
Services",
turkana,2022_23,4,"General Administration,
Planning andsupport
services",Health Facilities,484003789.0,164097502.0,False,,"General Administration,
Planning andsupport
services",Health Facilities
turkana,2022_23,4,"Support to Health
Programs","HIV andAIDS, including
community-based
HIV interventions",606000.0,351400.0,False,,"Support to Health
Programs","HIV andAIDS, including
community-based
HIV interventions"
turkana,2022_23,4,"Support to Health
Programs",TB andLeprosy,300000.0,,False,,"Support to Health
Programs",TB andLeprosy
turkana,2022_23,4,"Support to Health
Programs",Malaria,500000.0,,False,,"Support to Health
Programs",Malaria
turkana,2022_23,4,"Support to Health
Programs","NTDs (neglected
tropical diseases)",500000.0,,False,,"Support to Health
Programs","NTDs (neglected
tropical diseases)"
turkana,2022_23,4,"Support to Health
Programs",Nutrition,542500.0,,False,,"Support to Health
Programs",Nutrition
turkana,2022_23,4,"Support to Health
Programs",Reproductive health,480000.0,,False,,"Support to Health
Programs",Reproductive health
turkana,2022_23,4,"Support to Health
Programs",Disease surveillance,750000.0,300700.0,False,,"Support to Health
Programs",Disease surveillance
turkana,2022_23,4,"Support to Health
Programs",EPI/outreaches,500000.0,203000.0,False,,"Support to Health
Programs",EPI/outreaches
turkana,2022_23,4,"Support to Health
Programs",Health promotion,75530390.0,46278220.0,False,,"Support to Health
Programs",Health promotion
turkana,2022_23,4,"Support to Health
Programs","Environmental
health services",600000.0,45000.0,False,,"Support to Health
Programs","Environmental
health services"
turkana,2022_23,4,"Support to Health
Programs","Emergency preparedness
anddisaster response",600000.0,,False,,"Support to Health
Programs","Emergency preparedness
anddisaster response"
turkana,2022_23,4,"Support to Health
Programs",mainstreaming,350000.0,,False,,"Support to Health
Programs",mainstreaming
turkana,2022_23,4,"Support to Health
Programs",Community Health Services,130568000.0,123240925.0,False,,"Support to Health
Programs",Community Health Services
turkana,2022_23,4,"Support to Health
Programs",,,,False,,"Support to Health
Programs",
turkana,2022_23,4,Laboratory Services,"Rural Health
Facility Support",47698888.0,46762800.0,False,,Laboratory Services,"Rural Health
Facility Support"
turkana,2022_23,4,Laboratory Services,"Sub-county Health
Facilities Support",2600000.0,,False,,Laboratory Services,"Sub-county Health
Facilities Support"
turkana,2022_23,4,Laboratory Services,Turkana Level 6 Hospital,18000000.0,5328760.0,False,,Laboratory Services,Turkana Level 6 Hospital
turkana,2022_23,4,Laboratory Services,Medical Supplies,365408000.0,328103925.0,False,,Laboratory Services,Medical Supplies
turkana,2022_23,4,"Health Information
and Management","Health Information
and Management",628000.0,,False,,"Health Information
and Management","Health Information
and Management"
turkana,2022_23,4,"Health Information
and Management",Quality Assurance,448000.0,,False,,"Health Information
and Management",Quality Assurance
turkana,2022_23,4,"Health Information
and Management",Electronic Medical Records,4400000.0,2878340.0,False,,"Health Information
and Management",Electronic Medical Records
turkana,2022_23,4,"Health Information
and Management","Monitoring and
Evaluation of Health",950000.0,347000.0,False,,"Health Information
and Management","Monitoring and
Evaluation of Health"
turkana,2022_23,4,"Health Information
and Management",Research andDevelopment,200000.0,,False,,"Health Information
and Management",Research andDevelopment
turkana,2022_23,4,"Health Information
and Management","Policy and Planning
Services",,,False,,"Health Information
and Management","Policy and Planning
Services"
turkana,2022_23,4,"Health Information
and Management","Rehabilitation
andTreatment",1700000.0,1297800.0,False,,"Health Information
and Management","Rehabilitation
andTreatment"
turkana,2022_23,4,"Health Information
and Management","Public Education
andAwareness",800000.0,,False,,"Health Information
and Management","Public Education
andAwareness"
turkana,2022_23,4,"Health Information
and Management",Liquor Licensing,11215000.0,982100.0,False,,"Health Information
and Management",Liquor Licensing
turkana,2022_23,4,"Health Information
and Management","Training andCapacity
Building",600000.0,282800.0,False,,"Health Information
and Management","Training andCapacity
Building"
uasin,2022_23,4,"Curative
andRehabilitative
Services","County Referral
Health Services",2355279034.0,2176773292.0,False,,"Curative
andRehabilitative
Services","County Referral
Health Services"
uasin,2022_23,4,"Curative
andRehabilitative
Services","Health transport
services",239343021.0,231370851.0,False,,"Curative
andRehabilitative
Services","Health transport
services"
uasin,2022_23,4,"Curative
andRehabilitative
Services",,,,False,,"Curative
andRehabilitative
Services",
vihiga,2022_23,4,"Administration, Planning
and Support Service",Healthcare Financing,16993400.0,9322345.35,False,,"Administration, Planning
and Support Service",Healthcare Financing
vihiga,2022_23,4,"Promotive andPreventive
Healthcare Services",,7040000.0,3929100.0,False,,"Promotive andPreventive
Healthcare Services",
vihiga,2022_23,4,"Promotive andPreventive
Healthcare Services",Public Health Services,2520000.0,1200100.0,False,,"Promotive andPreventive
Healthcare Services",Public Health Services
vihiga,2022_23,4,"Promotive andPreventive
Healthcare Services","Community Health
Strategy",2000000.0,976500.0,False,,"Promotive andPreventive
Healthcare Services","Community Health
Strategy"
vihiga,2022_23,4,"Promotive andPreventive
Healthcare Services",Health Promotion,500000.0,408000.0,False,,"Promotive andPreventive
Healthcare Services",Health Promotion
vihiga,2022_23,4,"Promotive andPreventive
Healthcare Services","Reproductive Health-
care",2000000.0,1344500.0,False,,"Promotive andPreventive
Healthcare Services","Reproductive Health-
care"
vihiga,2022_23,4,"Promotive andPreventive
Healthcare Services","Disease Surveillance
andEmergency",20000.0,,False,,"Promotive andPreventive
Healthcare Services","Disease Surveillance
andEmergency"
vihiga,2022_23,4,"Curative AndRehabilitative
Health Services",,91381800.0,74871159.0,False,,"Curative AndRehabilitative
Health Services",
vihiga,2022_23,4,"Curative AndRehabilitative
Health Services",Medical services,90881800.0,74387859.0,False,,"Curative AndRehabilitative
Health Services",Medical services
vihiga,2022_23,4,"Curative AndRehabilitative
Health Services","County referral ser-
vices",500000.0,483300.0,False,,"Curative AndRehabilitative
Health Services","County referral ser-
vices"
vihiga,2022_23,4,"Child andMaternal Health
Care",,51712028.0,19221565.7,False,,"Child andMaternal Health
Care",
vihiga,2022_23,4,"Child andMaternal Health
Care","Antenatal andPost-Na-
tal healthcare",2217200.0,473600.0,False,,"Child andMaternal Health
Care","Antenatal andPost-Na-
tal healthcare"
vihiga,2022_23,4,"Child andMaternal Health
Care","Antenatal andPost Na-
tal Healthcare",10520000.0,80400.0,False,,"Child andMaternal Health
Care","Antenatal andPost Na-
tal Healthcare"
vihiga,2022_23,4,"Child andMaternal Health
Care","Newborn, Child an-
dAdolescent Health",500000.0,221500.0,False,,"Child andMaternal Health
Care","Newborn, Child an-
dAdolescent Health"
vihiga,2022_23,4,"Child andMaternal Health
Care",Nutrition Services,38474828.0,18446065.7,False,,"Child andMaternal Health
Care",Nutrition Services
west,2022_23,4,Programme 4 - HEALTH ANDSANITATION,,,,False,,Programme 4 - HEALTH ANDSANITATION,
west,2022_23,4,SP 2- (Preventive Health Services),,86420000.0,85166410.0,False,,SP 2- (Preventive Health Services),
west,2022_23,4,SP 3- (Curative Health Services),,131829284.0,122555421.0,False,,SP 3- (Curative Health Services),
west,2022_23,4,SP 4- (Kacheliba Sub-county hospital),,13860000.0,12672154.0,False,,SP 4- (Kacheliba Sub-county hospital),
west,2022_23,4,SP 5- (Sigor Sub-county hospital),,13860000.0,13771745.0,False,,SP 5- (Sigor Sub-county hospital),
west,2022_23,4,SP 6- (Chepareria Sub-county hospital),,13940000.0,12792943.0,False,,SP 6- (Chepareria Sub-county hospital),
baringo,2023_24,1,"Public Services,
Administration,
Devolution, &
ICT.","Installation of LAN at Mogotio
and Marigat sub-county hospital",,,False,,"Public Services,
Administration,
Devolution, &
ICT.","Installation of LAN at Mogotio
and Marigat sub-county hospital"
baringo,2023_24,1,"Public Services,
Administration,
Devolution, &
ICT.","Redesign of County website to
include online recruitment, tour-
ism, Town and hospital portals",,,False,,"Public Services,
Administration,
Devolution, &
ICT.","Redesign of County website to
include online recruitment, tour-
ism, Town and hospital portals"
baringo,2023_24,1,"County Health
Services",General Administration,398631775.0,55880840.0,False,,"County Health
Services",General Administration
baringo,2023_24,1,"Curative and
Rehabilitative
Services",Infrastructure development,,,False,,"Curative and
Rehabilitative
Services",Infrastructure development
baringo,2023_24,1,"Preventive and
Promotive
Health Services",Infrastructure development,,,False,,"Preventive and
Promotive
Health Services",Infrastructure development
baringo,2023_24,1,"Preventive and
Promotive
Health Services",Health/preventive services,,,False,,"Preventive and
Promotive
Health Services",Health/preventive services
baringo,2023_24,1,"Preventive and
Promotive
Health Services",Medical Drugs,,,False,,"Preventive and
Promotive
Health Services",Medical Drugs
baringo,2023_24,1,"Promotion of
primary health-
care",General administration,,,False,,"Promotion of
primary health-
care",General administration
bungoma,2023_24,1,Health and Sanitation,,,,False,,Health and Sanitation,
bungoma,2023_24,1,"SP 1. 1 Health Admin-
istrative and support
services",,126916175.0,3259900.0,False,,"SP 1. 1 Health Admin-
istrative and support
services",
bungoma,2023_24,1,SP 1. 3 Health Policy,,4000000.0,,False,,SP 1. 3 Health Policy,
bungoma,2023_24,1,"Programme 2: Preventive
and Promotive",,543177061.0,,False,,"Programme 2: Preventive
and Promotive",
bungoma,2023_24,1,"SP 2.2 Community
Health Strategy",,5600000.0,,False,,"SP 2.2 Community
Health Strategy",
bungoma,2023_24,1,"SP 2.3 Health promo-
tion",,3000000.0,,False,,"SP 2.3 Health promo-
tion",
bungoma,2023_24,1,"SP 2.6 Reproductive,
Maternal, Newborn,
Child, and Adolescent
Health.",,15000000.0,,False,,"SP 2.6 Reproductive,
Maternal, Newborn,
Child, and Adolescent
Health.",
bungoma,2023_24,1,"SP 2.7 public health and
sanitation",,22227354.0,,False,,"SP 2.7 public health and
sanitation",
bungoma,2023_24,1,"Programme 3: Curative
Health Services",,136949177.0,28015305.0,False,,"Programme 3: Curative
Health Services",
bungoma,2023_24,1,"SP3. 1 Routine medical
service.",,95171405.0,,False,,"SP3. 1 Routine medical
service.",
bungoma,2023_24,1,"Health Management
System",,37955528.0,,False,,"Health Management
System",
bungoma,2023_24,1,Sp1.7: Medical insurance,,180000000.0,,False,,Sp1.7: Medical insurance,
busia,2023_24,1,"CP 10: Veterinary health
services","CSP 10.1: Veterinary
Disease Control",,,False,,"CP 10: Veterinary health
services","CSP 10.1: Veterinary
Disease Control"
busia,2023_24,1,"CP 10: Veterinary health
services",CSP 10.2: AI services,,,False,,"CP 10: Veterinary health
services",CSP 10.2: AI services
busia,2023_24,1,"CP 10: Veterinary health
services","CSP 10.3: Meat inspection
services",,,False,,"CP 10: Veterinary health
services","CSP 10.3: Meat inspection
services"
busia,2023_24,1,"CP 10: Veterinary health
services","CSP 10.4: Veterinary
Extension",,,False,,"CP 10: Veterinary health
services","CSP 10.4: Veterinary
Extension"
busia,2023_24,1,Department of Health and Sanitation,,,,False,,Department of Health and Sanitation,
busia,2023_24,1,"CP 54: Curative Health
Services","CSP 54.1: Infrastructure
development",,,False,,"CP 54: Curative Health
Services","CSP 54.1: Infrastructure
development"
busia,2023_24,1,"CP 54: Curative Health
Services","CSP 54.2: Hospital
equipment",,,False,,"CP 54: Curative Health
Services","CSP 54.2: Hospital
equipment"
busia,2023_24,1,"CP 55: Preventive and Pro-
motive Health Services","CSP 55.1: Infrastructure
development",,,False,,"CP 55: Preventive and Pro-
motive Health Services","CSP 55.1: Infrastructure
development"
busia,2023_24,1,"CP 55: Preventive and Pro-
motive Health Services","CSP 55.2: Lower-level
hospital equipment",,,False,,"CP 55: Preventive and Pro-
motive Health Services","CSP 55.2: Lower-level
hospital equipment"
busia,2023_24,1,"CP 55: Preventive and Pro-
motive Health Services","CSP 55.3: Preventive
Services",,,False,,"CP 55: Preventive and Pro-
motive Health Services","CSP 55.3: Preventive
Services"
busia,2023_24,1,"CP 55: Preventive and Pro-
motive Health Services","CSP 55.4: Health promo-
tion unit",,,False,,"CP 55: Preventive and Pro-
motive Health Services","CSP 55.4: Health promo-
tion unit"
kericho,2023_24,1,DEPARTMENT: HEALTH SERVICES,,,,False,,DEPARTMENT: HEALTH SERVICES,
kericho,2023_24,1,Curative Health,,1581600049.0,195238558.0,False,,Curative Health,
kericho,2023_24,1,Curative Health,,,,False,,Curative Health,
kericho,2023_24,1,"Preventive and
Promotive Health",,1170865728.0,105366052.0,False,,"Preventive and
Promotive Health",
kericho,2023_24,1,"Preventive and
Promotive Health",,2752465777.0,300604610.0,False,,"Preventive and
Promotive Health",
kisii,2023_24,1,"County Health
Services",,2981137498.0,596151022.0,False,,"County Health
Services",
kisii,2023_24,1,"County Health
Services",,24530000.0,,False,,"County Health
Services",
kisii,2023_24,1,"County Health
Services",,3005667498.0,596151022.0,False,,"County Health
Services",
kisumu,2023_24,1,"Medical Services, Public Health & Sanitation-5085",,,,False,,"Medical Services, Public Health & Sanitation-5085",
kisumu,2023_24,1,"Medical Services, Public Health & Sanitation-5085",,600000.0,,False,,"Medical Services, Public Health & Sanitation-5085",
kisumu,2023_24,1,402005085,"Reproductive
Health",1760000.0,,False,,402005085,"Reproductive
Health"
kisumu,2023_24,1,403005085,"Human Resource
for Health",2728154740.0,243292403.0,False,,403005085,"Human Resource
for Health"
kisumu,2023_24,1,403005085,"Primary Health-
care Services",39050398.0,17446283.0,False,,403005085,"Primary Health-
care Services"
kisumu,2023_24,1,404005085,"Health Promo-
tive Services",11132698.0,3550301.0,False,,404005085,"Health Promo-
tive Services"
kisumu,2023_24,1,405005085,"Jaramogi Oginga
Odinga Teaching
and Referral
Hospital",90000000.0,30000000.0,False,,405005085,"Jaramogi Oginga
Odinga Teaching
and Referral
Hospital"
kisumu,2023_24,1,407005085,"Kisumu County
Referral Hospital",42000000.0,14000000.0,False,,407005085,"Kisumu County
Referral Hospital"
kisumu,2023_24,1,408005085,"County and
Sub-County
Hospital Services",42000000.0,20922110.0,False,,408005085,"County and
Sub-County
Hospital Services"
kisumu,2023_24,1,110005072,"Health promo-
tion service",45290823.0,19378473.0,False,,110005072,"Health promo-
tion service"
kisumu,2023_24,1,110005072,"Environmental
health and sani-
tation",62621434.0,3154558.0,False,,110005072,"Environmental
health and sani-
tation"
laikipia,2023_24,1,HEALTH AND SANITATION,,,,False,,HEALTH AND SANITATION,
laikipia,2023_24,1,"Curative and Rehabilitee
Health","Health Products
and Technol-
ogies Sup-
port-0401014510",40000000.0,13186318.0,False,,"Curative and Rehabilitee
Health","Health Products
and Technol-
ogies Sup-
port-0401014510"
laikipia,2023_24,1,"Curative and Rehabilitee
Health","Health Infrastruc-
ture Development",,,False,,"Curative and Rehabilitee
Health","Health Infrastruc-
ture Development"
laikipia,2023_24,1,"Curative and Rehabilitee
Health","Emergency Referral
and Rehabilitative
Service",239423000.0,80337191.0,False,,"Curative and Rehabilitee
Health","Emergency Referral
and Rehabilitative
Service"
laikipia,2023_24,1,"General Administration
and Planning Services","Health Leadership
and Governance",5832080.0,1081480.0,False,,"General Administration
and Planning Services","Health Leadership
and Governance"
laikipia,2023_24,1,"General Administration
and Planning Services","Health Policy, Gov-
ernance, Planning
and Financing -",2000000.0,980750.0,False,,"General Administration
and Planning Services","Health Policy, Gov-
ernance, Planning
and Financing -"
laikipia,2023_24,1,"General Administration
and Planning Services","Health Informa-
tion Standards and
Quality Assurance",2000000.0,,False,,"General Administration
and Planning Services","Health Informa-
tion Standards and
Quality Assurance"
laikipia,2023_24,1,"PREVENTIVE HEALTH
SERVICES","Community Health
Strategy, Advocacy
and Surveillance",12000000.0,,False,,"PREVENTIVE HEALTH
SERVICES","Community Health
Strategy, Advocacy
and Surveillance"
laikipia,2023_24,1,"PREVENTIVE HEALTH
SERVICES","Family Planning,
Maternal, and
Child Health
Services",2000000.0,475900.0,False,,"PREVENTIVE HEALTH
SERVICES","Family Planning,
Maternal, and
Child Health
Services"
laikipia,2023_24,1,"PREVENTIVE HEALTH
SERVICES","Non -Non-Com-
municable Diseases
Control and Pre-
vention",2000000.0,434700.0,False,,"PREVENTIVE HEALTH
SERVICES","Non -Non-Com-
municable Diseases
Control and Pre-
vention"
laikipia,2023_24,1,"PREVENTIVE HEALTH
SERVICES","Public Health
Promotion and
Nutrition Services",9350000.0,3194300.0,False,,"PREVENTIVE HEALTH
SERVICES","Public Health
Promotion and
Nutrition Services"
laikipia,2023_24,1,"PREVENTIVE HEALTH
SERVICES","Social Health Insur-
ance Scheme",6000000.0,,False,,"PREVENTIVE HEALTH
SERVICES","Social Health Insur-
ance Scheme"
laikipia,2023_24,1,"PREVENTIVE HEALTH
SERVICES","TB/HIV/Aids
Prevention and
Control",14000000.0,445200.0,False,,"PREVENTIVE HEALTH
SERVICES","TB/HIV/Aids
Prevention and
Control"
laikipia,2023_24,1,Veterinary Services,"SP5 Animal Health
and Disease Man-
agement",1800000.0,334100.0,False,,Veterinary Services,"SP5 Animal Health
and Disease Man-
agement"
machakos,2023_24,1,"Coordination and
Supervisory Services","Hospitality Services
Section",25973355.0,100000.0,False,,"Coordination and
Supervisory Services","Hospitality Services
Section"
machakos,2023_24,1,HEALTH AND EMERGENCY SERVICES,,,,False,,HEALTH AND EMERGENCY SERVICES,
machakos,2023_24,1,"Curative and Rehabil-
itative health",Machakos Level 5,169429588.0,21218762.0,False,,"Curative and Rehabil-
itative health",Machakos Level 5
machakos,2023_24,1,"Curative and Rehabil-
itative health",Kangundo Level 4,54100000.0,3660842.0,False,,"Curative and Rehabil-
itative health",Kangundo Level 4
machakos,2023_24,1,"Curative and Rehabil-
itative health",Matuu Level 4,43600000.0,12826724.0,False,,"Curative and Rehabil-
itative health",Matuu Level 4
machakos,2023_24,1,"Curative and Rehabil-
itative health",Kathiani Level 4,58600000.0,12471688.0,False,,"Curative and Rehabil-
itative health",Kathiani Level 4
machakos,2023_24,1,"Curative and Rehabil-
itative health",Mwala Level 4,43600000.0,3428206.0,False,,"Curative and Rehabil-
itative health",Mwala Level 4
machakos,2023_24,1,"Curative and Rehabil-
itative health",Kimiti Level 4,38600000.0,1710695.0,False,,"Curative and Rehabil-
itative health",Kimiti Level 4
machakos,2023_24,1,"Curative and Rehabil-
itative health",Masinga Level 4,40600000.0,2477077.0,False,,"Curative and Rehabil-
itative health",Masinga Level 4
machakos,2023_24,1,"Curative and Rehabil-
itative health",,,,False,,"Curative and Rehabil-
itative health",
machakos,2023_24,1,"Curative and Rehabil-
itative health",Athi River Level 4,30600000.0,2977077.0,False,,"Curative and Rehabil-
itative health",Athi River Level 4
machakos,2023_24,1,"Curative and Rehabil-
itative health",Mutituni Level 4,30600000.0,7083736.0,False,,"Curative and Rehabil-
itative health",Mutituni Level 4
machakos,2023_24,1,"Curative and Rehabil-
itative health",Ndithini Level 4,30600000.0,8994906.0,False,,"Curative and Rehabil-
itative health",Ndithini Level 4
machakos,2023_24,1,"Curative and Rehabil-
itative health",Kalama Level 4,30600000.0,8594971.0,False,,"Curative and Rehabil-
itative health",Kalama Level 4
machakos,2023_24,1,"Preventive and pro-
motive services","Public Health and
Community Outreach",73566838.0,,False,,"Preventive and pro-
motive services","Public Health and
Community Outreach"
makueni,2023_24,1,Health Services,,,,False,,Health Services,
makueni,2023_24,1,"Programme 2: Curative
health care services","SP2. 1: Curative health
care services",307750000.0,900000.0,False,,"Programme 2: Curative
health care services","SP2. 1: Curative health
care services"
makueni,2023_24,1,"Programme 3; Preven-
tive and promotive
health care services","SP3.1 Preventive and
promotive health care
services",58250000.0,12412816.0,False,,"Programme 3; Preven-
tive and promotive
health care services","SP3.1 Preventive and
promotive health care
services"
mandera,2023_24,1,Health Services,"Preventive, Promotive
and Reproductive Health
Services",,,False,,Health Services,"Preventive, Promotive
and Reproductive Health
Services"
mandera,2023_24,1,Health Services,"General Administration,
Planning and Support
Services",,370817260.0,False,,Health Services,"General Administration,
Planning and Support
Services"
mandera,2023_24,1,Health Services,Health Infrastructure,,19123509.0,False,,Health Services,Health Infrastructure
migori,2023_24,1,"Infrastructure & Health
Facility Management",,5000000.0,,False,,"Infrastructure & Health
Facility Management",
migori,2023_24,1,"Health Financing &
Universal Health Coverage
(UHC) coordination",,4340000.0,503400.0,False,,"Health Financing &
Universal Health Coverage
(UHC) coordination",
migori,2023_24,1,"Environmental health
services",,1600000.0,250000.0,False,,"Environmental health
services",
migori,2023_24,1,"Maternal & Reproductive
Health services",,5660000.0,,False,,"Maternal & Reproductive
Health services",
migori,2023_24,1,"Neonatal, Child, Ado-
lescent & Youth health
services",,2700000.0,,False,,"Neonatal, Child, Ado-
lescent & Youth health
services",
migori,2023_24,1,"Gender Based Violence
health services",,1200000.0,,False,,"Gender Based Violence
health services",
migori,2023_24,1,Hospital Level Services,,,,False,,Hospital Level Services,
migori,2023_24,1,"Health Products & Tech-
nologies",,146340996.0,799000.0,False,,"Health Products & Tech-
nologies",
migori,2023_24,1,"Infrastructure & Health
Facility Management",,30694473.0,600000.0,False,,"Infrastructure & Health
Facility Management",
migori,2023_24,1,"Health Financing &
Universal Health Coverage
(UHC) coordination",,26300000.0,100000.0,False,,"Health Financing &
Universal Health Coverage
(UHC) coordination",
migori,2023_24,1,"Community health infra-
structure services (CHVs)",,33508754.0,130000.0,False,,"Community health infra-
structure services (CHVs)",
migori,2023_24,1,"Health promotion &
education",,1800000.0,443000.0,False,,"Health promotion &
education",
migori,2023_24,1,"Maternal & Reproductive
Health services",,2800000.0,695000.0,False,,"Maternal & Reproductive
Health services",
migori,2023_24,1,"Neonatal, Child, Ado-
lescent & Youth health
services",,1400000.0,350000.0,False,,"Neonatal, Child, Ado-
lescent & Youth health
services",
migori,2023_24,1,"Gender Based Violence
health services",,900000.0,225000.0,False,,"Gender Based Violence
health services",
migori,2023_24,1,"Environmental health
services",,1450000.0,369000.0,False,,"Environmental health
services",
migori,2023_24,1,"Health Products & Tech-
nologies",,87400000.0,650000.0,False,,"Health Products & Tech-
nologies",
mombasa,2023_24,1,Programme 1,"Protocol, Hospitality and
Communication",26000000.0,,False,,Programme 1,"Protocol, Hospitality and
Communication"
mombasa,2023_24,1,HEALTH SERVICES,,,,False,,HEALTH SERVICES,
mombasa,2023_24,1,Programme 7,"Preventive and Promotive
Health services",69402768.0,,False,,Programme 7,"Preventive and Promotive
Health services"
mombasa,2023_24,1,Programme 7,"Curative/Clinical Health
Services",118729822.0,,False,,Programme 7,"Curative/Clinical Health
Services"
nairobi,2023_24,1,"Animal Health, Safety and Quality
Assurance",,,,False,,"Animal Health, Safety and Quality
Assurance",
nairobi,2023_24,1,"Animal Health, Safety and Quality
Assurance","Animal Research, Dis-
eases, Pest Control &
Quality Assurance",8171991.0,42425.0,False,,"Animal Health, Safety and Quality
Assurance","Animal Research, Dis-
eases, Pest Control &
Quality Assurance"
nairobi,2023_24,1,Public Health,,,,False,,Public Health,
nairobi,2023_24,1,Public Health,,,,False,,Public Health,
nairobi,2023_24,1,Public Health,"HIV/AIDS prevention
and control unit",1000000.0,,False,,Public Health,"HIV/AIDS prevention
and control unit"
nairobi,2023_24,1,Public Health,TB control unit,900000.0,,False,,Public Health,TB control unit
nairobi,2023_24,1,Public Health,"Malaria control &
Other Communicable
Diseases unit",900000.0,,False,,Public Health,"Malaria control &
Other Communicable
Diseases unit"
nairobi,2023_24,1,Public Health,"Environmental Public
Health",10000000.0,,False,,Public Health,"Environmental Public
Health"
nairobi,2023_24,1,Public Health,"Health Policy and
Regulations",10000000.0,,False,,Public Health,"Health Policy and
Regulations"
nairobi,2023_24,1,Public Health,Coroner Services,15000000.0,,False,,Public Health,Coroner Services
nairobi,2023_24,1,Public Health,"Nairobi County Public
Health Emergency
Response",7200000.0,,False,,Public Health,"Nairobi County Public
Health Emergency
Response"
nairobi,2023_24,1,Health Facilities,,,,False,,Health Facilities,
nairobi,2023_24,1,Health Facilities,"Mbagathi District
Hospital",5000000.0,,False,,Health Facilities,"Mbagathi District
Hospital"
nairobi,2023_24,1,Health Facilities,"Pumwani Maternity
Hospital",6800000.0,,False,,Health Facilities,"Pumwani Maternity
Hospital"
nairobi,2023_24,1,Health Facilities,Mama Lucy Hospital,6000000.0,,False,,Health Facilities,Mama Lucy Hospital
nairobi,2023_24,1,Health Facilities,"Mama Margaret Uhuru
Kenyatta Hospital",5000000.0,,False,,Health Facilities,"Mama Margaret Uhuru
Kenyatta Hospital"
nairobi,2023_24,1,Health Facilities,Mutuini Hospital,2200000.0,,False,,Health Facilities,Mutuini Hospital
nairobi,2023_24,1,Health Facilities,"Health planning and
financing",31165000.0,,False,,Health Facilities,"Health planning and
financing"
nairobi,2023_24,1,Health Facilities,"Health centers &
dispensaries",72228250.0,,False,,Health Facilities,"Health centers &
dispensaries"
nairobi,2023_24,1,Health Facilities,"Pumwani Nursing
School",5655000.0,,False,,Health Facilities,"Pumwani Nursing
School"
nairobi,2023_24,1,Health Facilities,Health Commodities,400000000.0,,False,,Health Facilities,Health Commodities
nairobi,2023_24,1,Medical Services,,,,False,,Medical Services,
nairobi,2023_24,1,Medical Services,Primary Health Care,22635000.0,,False,,Medical Services,Primary Health Care
nairobi,2023_24,1,Medical Services,"Nairobi Medical
Insurance",50000000.0,,False,,Medical Services,"Nairobi Medical
Insurance"
nairobi,2023_24,1,Medical Services,"Reproductive Health,
Maternal Health (RM-
NCAH)",7765000.0,,False,,Medical Services,"Reproductive Health,
Maternal Health (RM-
NCAH)"
nairobi,2023_24,1,Medical Services,Clinical Services,5700000.0,,False,,Medical Services,Clinical Services
nairobi,2023_24,1,Medical Services,"Non-communicable
diseases",4900000.0,,False,,Medical Services,"Non-communicable
diseases"
nairobi,2023_24,1,Medical Services,Health Research,4000000.0,,False,,Medical Services,Health Research
nairobi,2023_24,1,"General administration, planning
and support services","Health, Wellness &
Nutrition Headquarters",6376005086.0,1081521657.0,False,,"General administration, planning
and support services","Health, Wellness &
Nutrition Headquarters"
nakuru,2023_24,1,DEPARTMENT OF HEALTH SERVICES,,,,False,,DEPARTMENT OF HEALTH SERVICES,
nakuru,2023_24,1,"Programme 1 adminis-
tration and planning","SP 1.1 Health information
systems",,,False,,"Programme 1 adminis-
tration and planning","SP 1.1 Health information
systems"
nakuru,2023_24,1,"Programme 1 adminis-
tration and planning","SP 1.5 Health infrastruc-
ture and development",,,False,,"Programme 1 adminis-
tration and planning","SP 1.5 Health infrastruc-
ture and development"
nakuru,2023_24,1,"Programme 2 health pre-
ventive and promotive
services",SP 2.1 Primary Healthcare,,,False,,"Programme 2 health pre-
ventive and promotive
services",SP 2.1 Primary Healthcare
nakuru,2023_24,1,"Programme 2 health pre-
ventive and promotive
services","SP 2.2 environmental
health and sanitation",,,False,,"Programme 2 health pre-
ventive and promotive
services","SP 2.2 environmental
health and sanitation"
nakuru,2023_24,1,"Programme 2 health pre-
ventive and promotive
services",SP 2.3 human resource,,,False,,"Programme 2 health pre-
ventive and promotive
services",SP 2.3 human resource
nakuru,2023_24,1,"Programme 2 health pre-
ventive and promotive
services","SP 2.4 Disease surveillance
and emergency response",,,False,,"Programme 2 health pre-
ventive and promotive
services","SP 2.4 Disease surveillance
and emergency response"
nakuru,2023_24,1,"Programme 2 health pre-
ventive and promotive
services",SP 2.5 Health promotive,,,False,,"Programme 2 health pre-
ventive and promotive
services",SP 2.5 Health promotive
nakuru,2023_24,1,"Programme 2 health pre-
ventive and promotive
services",SP 2.6 HIV programme,,,False,,"Programme 2 health pre-
ventive and promotive
services",SP 2.6 HIV programme
nakuru,2023_24,1,"Programme 2 health pre-
ventive and promotive
services",SP 2.7 Nutrition,,,False,,"Programme 2 health pre-
ventive and promotive
services",SP 2.7 Nutrition
nakuru,2023_24,1,"Programme 2 health pre-
ventive and promotive
services",SP 2.8 Reproductive health,1250000.0,,False,,"Programme 2 health pre-
ventive and promotive
services",SP 2.8 Reproductive health
nakuru,2023_24,1,"Programme 2 health pre-
ventive and promotive
services",SP 2.9 immunisation,1596425.0,,False,,"Programme 2 health pre-
ventive and promotive
services",SP 2.9 immunisation
nakuru,2023_24,1,"Programme 3 Health
curative and rehabilita-
tive services","SP 3.1 Provision of essen-
tial health services in all",1208750945.0,412643500.0,False,,"Programme 3 Health
curative and rehabilita-
tive services","SP 3.1 Provision of essen-
tial health services in all"
nakuru,2023_24,1,"Programme 3 Health
curative and rehabilita-
tive services","SP 3.2 Elimination
of communicable and
non-communicable
diseases",2200000.0,,False,,"Programme 3 Health
curative and rehabilita-
tive services","SP 3.2 Elimination
of communicable and
non-communicable
diseases"
nakuru,2023_24,1,"Programme 3 Health
curative and rehabilita-
tive services",SP 3.3 Human resource,246760037.0,,False,,"Programme 3 Health
curative and rehabilita-
tive services",SP 3.3 Human resource
nyamira,2023_24,1,Curative health services,,,,False,,Curative health services,
nyamira,2023_24,1,Curative health services,,,,False,,Curative health services,
nyamira,2023_24,1,Curative health services,,,,False,,Curative health services,
samburu,2023_24,1,"Preventive and
Promotive Health
Services",,139411073.0,74822101.3,False,,"Preventive and
Promotive Health
Services",
samburu,2023_24,1,"Maternal Health
Services",,27318569.0,12725396.15,False,,"Maternal Health
Services",
samburu,2023_24,1,"Health Promotive
Services",,53568378.5,28723795.7,False,,"Health Promotive
Services",
samburu,2023_24,1,"Health curative
Services",,517985746.0,294494210.9,False,,"Health curative
Services",
samburu,2023_24,1,Free Primary Healthcare,,142192523.0,80797746.0,False,,Free Primary Healthcare,
samburu,2023_24,1,"Provision Of Essential
Health Services In All
The Levels",,11327469.0,3970578.5,False,,"Provision Of Essential
Health Services In All
The Levels",
samburu,2023_24,1,"Health Standards and
Quality Assurance
Services",,38417245.0,21999787.75,False,,"Health Standards and
Quality Assurance
Services",
samburu,2023_24,1,"Health Infrastructure
development",,4986788.0,2584529.9,False,,"Health Infrastructure
development",
samburu,2023_24,1,"Human Resources for
health",,50917741.0,7648862.1,False,,"Human Resources for
health",
samburu,2023_24,1,"Health Policy, Planning
& Financing",,22733129.5,7581541.1,False,,"Health Policy, Planning
& Financing",
samburu,2023_24,1,"Health Policy, Planning
& Financing",,,,False,,"Health Policy, Planning
& Financing",
taita,2023_24,1,1001003260,Public Health and Sanitation,5000000.0,,False,,1001003260,Public Health and Sanitation
taita,2023_24,1,1001003260,Promotion of primary healthcare,34877600.0,15158120.0,False,,1001003260,Promotion of primary healthcare
taita,2023_24,1,402003260,Health Development Programme,210338500.0,,False,,402003260,Health Development Programme
taita,2023_24,1,704003260,Wesu Hospital,12547260.0,3239201.0,False,,704003260,Wesu Hospital
taita,2023_24,1,401003260,Moi Referral Hospital,95223373.0,20027939.0,False,,401003260,Moi Referral Hospital
taita,2023_24,1,401003260,Mwatate Hospital,,,False,,401003260,Mwatate Hospital
taita,2023_24,1,402003260,Health Development Programme,,,False,,402003260,Health Development Programme
tana,2023_24,1,"Veterinary
Services","Veterinary Public
Health/Abattoirs",1118500.0,,False,,"Veterinary
Services","Veterinary Public
Health/Abattoirs"
tana,2023_24,1,Health and Sanitation,,,,False,,Health and Sanitation,
tana,2023_24,1,"Curative and
Rehabilitative",Medical Supplies,160650000.0,39498793.0,False,,"Curative and
Rehabilitative",Medical Supplies
tana,2023_24,1,"Curative and
Rehabilitative",Medical Services,33200000.0,2611906.0,False,,"Curative and
Rehabilitative",Medical Services
tana,2023_24,1,"Curative and
Rehabilitative",Ambulance services,10700000.0,,False,,"Curative and
Rehabilitative",Ambulance services
tana,2023_24,1,"Preventive and
Promotive","Preventive and Pro-
motive",22850041.0,,False,,"Preventive and
Promotive","Preventive and Pro-
motive"
tana,2023_24,1,"Preventive and
Promotive","Licensing and control
of undertaking",9045859.0,,False,,"Preventive and
Promotive","Licensing and control
of undertaking"
tana,2023_24,1,"Preventive and
Promotive",,,,False,,"Preventive and
Promotive",
tharaka,2023_24,1,Medical Services,,,,False,,Medical Services,
tharaka,2023_24,1,"P: Curative and
Rehabilitative
Services","SP: Primary Health-
care",,,False,,"P: Curative and
Rehabilitative
Services","SP: Primary Health-
care"
tharaka,2023_24,1,"P: Curative and
Rehabilitative
Services",SP: Medical Supplies,,52451398.0,False,,"P: Curative and
Rehabilitative
Services",SP: Medical Supplies
tharaka,2023_24,1,"P: Curative and
Rehabilitative
Services","SP: Laboratory
Services",,4739200.0,False,,"P: Curative and
Rehabilitative
Services","SP: Laboratory
Services"
tharaka,2023_24,1,Public Health and Sanitation,,,,False,,Public Health and Sanitation,
tharaka,2023_24,1,Public Health and Sanitation,,,,False,,Public Health and Sanitation,
tharaka,2023_24,1,"P: Preventive
and Promotive
Health Services","SP: Health Promo-
tion and Disease
Control",,32228317.0,False,,"P: Preventive
and Promotive
Health Services","SP: Health Promo-
tion and Disease
Control"
tharaka,2023_24,1,"P: Preventive
and Promotive
Health Services","SP: Environmental
Health services",,,False,,"P: Preventive
and Promotive
Health Services","SP: Environmental
Health services"
uasin,2023_24,1,"Curative and
Rehabilitative
Services",Health Services,,,False,,"Curative and
Rehabilitative
Services",Health Services
uasin,2023_24,1,"Curative and
Rehabilitative
Services",,,,False,,"Curative and
Rehabilitative
Services",
uasin,2023_24,1,Promotive and Preventive Health,,,,False,,Promotive and Preventive Health,
uasin,2023_24,1,"Curative and
Rehabilitative
Services",Health Services,,,False,,"Curative and
Rehabilitative
Services",Health Services
west,2023_24,1,Programme 4 - HEALTH AND SANITATION,,1902890236.0,313900460.95,False,,Programme 4 - HEALTH AND SANITATION,
west,2023_24,1,Programme 4 - HEALTH AND SANITATION,"SP 1(General Administration, Planning and
Support Services",1404056368.0,254873872.45,False,,Programme 4 - HEALTH AND SANITATION,"SP 1(General Administration, Planning and
Support Services"
west,2023_24,1,Programme 4 - HEALTH AND SANITATION,SP 2-(Preventive Health Services),176082080.0,20096563.3,False,,Programme 4 - HEALTH AND SANITATION,SP 2-(Preventive Health Services)
west,2023_24,1,Programme 4 - HEALTH AND SANITATION,SP 3-(Curative Health Services),95391788.0,38930025.2,False,,Programme 4 - HEALTH AND SANITATION,SP 3-(Curative Health Services)
west,2023_24,1,Programme 4 - HEALTH AND SANITATION,SP 4-(Kacheliba Sub county hospital),13940000.0,,False,,Programme 4 - HEALTH AND SANITATION,SP 4-(Kacheliba Sub county hospital)
west,2023_24,1,Programme 4 - HEALTH AND SANITATION,SP 5-(Sigor Sub county hospital),13860000.0,,False,,Programme 4 - HEALTH AND SANITATION,SP 5-(Sigor Sub county hospital)
west,2023_24,1,Programme 4 - HEALTH AND SANITATION,SP 6-(Chepareria Sub county hospital),13860000.0,,False,,Programme 4 - HEALTH AND SANITATION,SP 6-(Chepareria Sub county hospital)
west,2023_24,1,Programme 4 - HEALTH AND SANITATION,SP 7(Facility Improvement Fund),132800000.0,,False,,Programme 4 - HEALTH AND SANITATION,SP 7(Facility Improvement Fund)
west,2023_24,1,Programme 4 - HEALTH AND SANITATION,SP 8(Ward Specific),52900000.0,,False,,Programme 4 - HEALTH AND SANITATION,SP 8(Ward Specific)
bungoma,2023_24,2,Health and Sanitation,,,,False,,Health and Sanitation,
bungoma,2023_24,2,"Programme 1:
General Adminis-
tration Planning and
Support Services","SP 1. 1 Health Administra-
tive and support services",126916175.0,21453581.0,False,,"Programme 1:
General Adminis-
tration Planning and
Support Services","SP 1. 1 Health Administra-
tive and support services"
bungoma,2023_24,2,"Programme 1:
General Adminis-
tration Planning and
Support Services",SP 1. 3 Health Policy,4000000.0,,False,,"Programme 1:
General Adminis-
tration Planning and
Support Services",SP 1. 3 Health Policy
bungoma,2023_24,2,"Programme 2:
Preventive and
Promotive","SP 2.1 Communicable and
Non-communicable Disease
Control",20000000.0,,False,,"Programme 2:
Preventive and
Promotive","SP 2.1 Communicable and
Non-communicable Disease
Control"
bungoma,2023_24,2,"Programme 2:
Preventive and
Promotive","SP 2.2 Community Health
Strategy",5600000.0,,False,,"Programme 2:
Preventive and
Promotive","SP 2.2 Community Health
Strategy"
bungoma,2023_24,2,"Programme 2:
Preventive and
Promotive",SP 2.3 Health Promotion,3000000.0,,False,,"Programme 2:
Preventive and
Promotive",SP 2.3 Health Promotion
bungoma,2023_24,2,"Programme 2:
Preventive and
Promotive","SP 2.6 Reproductive, Ma-
ternal, Newborn, Child and
Adolescent Health.",15000000.0,,False,,"Programme 2:
Preventive and
Promotive","SP 2.6 Reproductive, Ma-
ternal, Newborn, Child and
Adolescent Health."
bungoma,2023_24,2,"Programme 2:
Preventive and
Promotive","SP 2.7 Public Health and
Sanitation",8000916.0,,False,,"Programme 2:
Preventive and
Promotive","SP 2.7 Public Health and
Sanitation"
bungoma,2023_24,2,"Programme 2:
Preventive and
Promotive","Specialized Materials and
Supplies",501885740.0,,False,,"Programme 2:
Preventive and
Promotive","Specialized Materials and
Supplies"
bungoma,2023_24,2,"Programme 3:
Curative Health
Services","SP3. 1 Routine Medical
Services.",95171405.0,,False,,"Programme 3:
Curative Health
Services","SP3. 1 Routine Medical
Services."
bungoma,2023_24,2,"Programme 4:
Service Delivery
and Organizational
Transformation",Health Management System,,,False,,"Programme 4:
Service Delivery
and Organizational
Transformation",Health Management System
bungoma,2023_24,2,"Programme 1: Gen-
eral Administration,
Planning and
Support Services",Sp1.7: Medical Insurance,250000000.0,,False,,"Programme 1: Gen-
eral Administration,
Planning and
Support Services",Sp1.7: Medical Insurance
busia,2023_24,2,Veterinary health services,"Veterinary Disease
Control",,,False,,Veterinary health services,"Veterinary Disease
Control"
busia,2023_24,2,Veterinary health services,AI services,,,False,,Veterinary health services,AI services
busia,2023_24,2,Veterinary health services,"Meat inspection
services",,,False,,Veterinary health services,"Meat inspection
services"
busia,2023_24,2,Veterinary health services,Veterinary Extension,,,False,,Veterinary health services,Veterinary Extension
busia,2023_24,2,Health and Sanitation,,,,False,,Health and Sanitation,
busia,2023_24,2,Curative Health Services,"Infrastructure devel-
opment",,,False,,Curative Health Services,"Infrastructure devel-
opment"
busia,2023_24,2,Curative Health Services,Hospital equipment,,,False,,Curative Health Services,Hospital equipment
busia,2023_24,2,"Preventive and Promotive
Health Services","Infrastructure devel-
opment",,,False,,"Preventive and Promotive
Health Services","Infrastructure devel-
opment"
busia,2023_24,2,"Preventive and Promotive
Health Services","Lower-level hospital
equipment",,,False,,"Preventive and Promotive
Health Services","Lower-level hospital
equipment"
busia,2023_24,2,"Preventive and Promotive
Health Services",Preventive Services,,,False,,"Preventive and Promotive
Health Services",Preventive Services
busia,2023_24,2,"Preventive and Promotive
Health Services","Health promotion
unit",,,False,,"Preventive and Promotive
Health Services","Health promotion
unit"
embu,2023_24,2,HEALTH,,,,False,,HEALTH,
embu,2023_24,2,"Curative Health
Services","Primary Health-
care",1073546753.0,488848118.0,False,,"Curative Health
Services","Primary Health-
care"
embu,2023_24,2,"Preventive and
Promotive Health
Services","Health Promo-
tion and Disease
Control",443446522.0,201926928.0,False,,"Preventive and
Promotive Health
Services","Health Promo-
tion and Disease
Control"
embu,2023_24,2,"EMBU LEVEL 5
HOSPITAL",,,,False,,"EMBU LEVEL 5
HOSPITAL",
embu,2023_24,2,"Curative Health
Services","Primary Health-
care",117990665.0,52743343.0,False,,"Curative Health
Services","Primary Health-
care"
embu,2023_24,2,"Preventive and
Promotive Health
Services","Health Promo-
tion and Disease
Control",32412785.0,14488931.0,False,,"Preventive and
Promotive Health
Services","Health Promo-
tion and Disease
Control"
garissa,2023_24,2,Department of Health and Sanitation,,,,False,,Department of Health and Sanitation,
garissa,2023_24,2,"CP1: Governance, quality assurance
and support services","CSP 1.2 Health Infor-
mation Systems",,,False,,"CP1: Governance, quality assurance
and support services","CSP 1.2 Health Infor-
mation Systems"
garissa,2023_24,2,Programme 2: CP2: Curative Services,,344020500.0,153320500.0,False,,Programme 2: CP2: Curative Services,
garissa,2023_24,2,Programme 2: CP2: Curative Services,"CSP 2.1: Health prod-
ucts and technologies",200000000.0,113320500.0,False,,Programme 2: CP2: Curative Services,"CSP 2.1: Health prod-
ucts and technologies"
garissa,2023_24,2,Programme 2: CP2: Curative Services,"CSP 2.2: Rehabilitative
services",,,False,,Programme 2: CP2: Curative Services,"CSP 2.2: Rehabilitative
services"
garissa,2023_24,2,Programme 2: CP2: Curative Services,"CSP 2.3 Referral and
Emergency Services",144020500.0,40000000.0,False,,Programme 2: CP2: Curative Services,"CSP 2.3 Referral and
Emergency Services"
garissa,2023_24,2,"Programme 3: CP3: Preventive Ser-
vices",,,,False,,"Programme 3: CP3: Preventive Ser-
vices",
garissa,2023_24,2,"Programme 3: CP3: Preventive Ser-
vices","CSP 3.1:Maternal,
newborn, child health
and nutrition services",,,False,,"Programme 3: CP3: Preventive Ser-
vices","CSP 3.1:Maternal,
newborn, child health
and nutrition services"
garissa,2023_24,2,"Programme 3: CP3: Preventive Ser-
vices","CSP 3.2: Preventive
and Primitive Health
Services",,,False,,"Programme 3: CP3: Preventive Ser-
vices","CSP 3.2: Preventive
and Primitive Health
Services"
isiolo,2023_24,2,"Value Addi-
tion","Veterinary Public
Health Services",3875000.0,2032750.0,False,,"Value Addi-
tion","Veterinary Public
Health Services"
isiolo,2023_24,2,Health Services,,,,False,,Health Services,
isiolo,2023_24,2,"Health
Curative
Services","Administration Sup-
port Services",0.0,1013400.0,False,,"Health
Curative
Services","Administration Sup-
port Services"
isiolo,2023_24,2,"Health
Curative
Services","Human Resource
Management",968741288.0,475790177.0,False,,"Health
Curative
Services","Human Resource
Management"
isiolo,2023_24,2,"Health
Curative
Services","Monitoring & Eval-
uation",4071674.0,1476788.0,False,,"Health
Curative
Services","Monitoring & Eval-
uation"
isiolo,2023_24,2,"Health
Curative
Services","Quality Assurance &
Standards",4402000.0,1083200.0,False,,"Health
Curative
Services","Quality Assurance &
Standards"
isiolo,2023_24,2,"Health
Curative
Services","Curative and Rehabili-
tative Health Services",37248592.0,12803527.0,False,,"Health
Curative
Services","Curative and Rehabili-
tative Health Services"
isiolo,2023_24,2,"Health
Curative
Services","Pharmaceutical &
Pharmaceutical Com-
modities",143717960.0,39655655.0,False,,"Health
Curative
Services","Pharmaceutical &
Pharmaceutical Com-
modities"
isiolo,2023_24,2,"Health Pre-
ventive and
Promotive
Services","Preventive and Promo-
tive Health Services",0.0,898000.0,False,,"Health Pre-
ventive and
Promotive
Services","Preventive and Promo-
tive Health Services"
isiolo,2023_24,2,"Health Pre-
ventive and
Promotive
Services","Human Resource
Management",119068341.0,58652942.0,False,,"Health Pre-
ventive and
Promotive
Services","Human Resource
Management"
isiolo,2023_24,2,"Health Pre-
ventive and
Promotive
Services",Primary Health Care,46311079.0,2149600.0,False,,"Health Pre-
ventive and
Promotive
Services",Primary Health Care
isiolo,2023_24,2,"Health Pre-
ventive and
Promotive
Services",Nutrition,2502646.0,611620.0,False,,"Health Pre-
ventive and
Promotive
Services",Nutrition
kajiado,2023_24,2,Department of Medical Service and Public Health,,,,False,,Department of Medical Service and Public Health,
kajiado,2023_24,2,"Curative and
Rehabilitative",Hospital Service,7264200.0,4047320.0,False,,"Curative and
Rehabilitative",Hospital Service
kajiado,2023_24,2,"Curative and
Rehabilitative","Health Products
and Technologies",270872533.0,124842360.0,False,,"Curative and
Rehabilitative","Health Products
and Technologies"
kajiado,2023_24,2,"Curative and
Rehabilitative","Emergency Re-
sponses",6529000.0,5117000.0,False,,"Curative and
Rehabilitative","Emergency Re-
sponses"
kajiado,2023_24,2,"Public Health and
Sanitation","Reproductive
Maternal",32617507.0,854810.0,False,,"Public Health and
Sanitation","Reproductive
Maternal"
kajiado,2023_24,2,"Public Health and
Sanitation","Communicable and
Non0Communica-
ble disease",4990642.0,,False,,"Public Health and
Sanitation","Communicable and
Non0Communica-
ble disease"
kajiado,2023_24,2,"Public Health and
Sanitation","Primary Health
Care",22386689.0,2776745.0,False,,"Public Health and
Sanitation","Primary Health
Care"
kajiado,2023_24,2,"Public Health and
Sanitation","Disease Surveil-
lance and Response",3869815.0,2030701.0,False,,"Public Health and
Sanitation","Disease Surveil-
lance and Response"
kajiado,2023_24,2,"Public Health and
Sanitation","Environmental
Health",14251840.0,2970196.0,False,,"Public Health and
Sanitation","Environmental
Health"
kajiado,2023_24,2,"Environmental
Management and
Public Health","Environmental
Management and
Public Health",8255667.0,,False,,"Environmental
Management and
Public Health","Environmental
Management and
Public Health"
kajiado,2023_24,2,"Environmental
Management and
Public Health","Environmental
Management and
Public Health",9466667.0,,False,,"Environmental
Management and
Public Health","Environmental
Management and
Public Health"
kajiado,2023_24,2,"Environmental
Management and
Public Health","Environmental
Management and
Public Health",9566666.0,,False,,"Environmental
Management and
Public Health","Environmental
Management and
Public Health"
kakamega,2023_24,2,Health Services,,,,False,,Health Services,
kakamega,2023_24,2,401024810,"Community Health
Strategy",254371825.0,16246357.0,False,,401024810,"Community Health
Strategy"
kakamega,2023_24,2,401064810,"Maternal and child health-
care promotion",80450000.0,2320500.0,False,,401064810,"Maternal and child health-
care promotion"
kakamega,2023_24,2,402014810,"Health Infrastructure
Development",,,False,,402014810,"Health Infrastructure
Development"
kakamega,2023_24,2,402024810,"Primary medical health
services",457735894.0,128700759.0,False,,402024810,"Primary medical health
services"
kakamega,2023_24,2,403034810,"Health Data and Informa-
tion Management",9102385.0,2736500.0,False,,403034810,"Health Data and Informa-
tion Management"
kericho,2023_24,2,DEPARTMENT: HEALTH SERVICES,,,,False,,DEPARTMENT: HEALTH SERVICES,
kericho,2023_24,2,Curative Health,"Administration and
Planning",1581600049.0,719001777.0,False,,Curative Health,"Administration and
Planning"
kericho,2023_24,2,Curative Health,"Hospital(curative)
Services",,,False,,Curative Health,"Hospital(curative)
Services"
kericho,2023_24,2,"Preventive and Pro-
motive Health","Preventive Medi-
cine and Promotive
Health",1170865728.0,184130648.0,False,,"Preventive and Pro-
motive Health","Preventive Medi-
cine and Promotive
Health"
kericho,2023_24,2,"Preventive and Pro-
motive Health",,2752465777.0,903132425.0,False,,"Preventive and Pro-
motive Health",
kiambu,2023_24,2,Health Services,,,,False,,Health Services,
kiambu,2023_24,2,Health Services,,978623124.0,42315630.0,False,,Health Services,
kiambu,2023_24,2,Health Services,,837900000.0,251119969.0,False,,Health Services,
kiambu,2023_24,2,Health Services,,120000000.0,38262444.0,False,,Health Services,
kiambu,2023_24,2,Health Services,,4788380636.0,2201195895.0,False,,Health Services,
kiambu,2023_24,2,Health Services,,6724903760.0,2532893938.0,False,,Health Services,
kilifi,2023_24,2,"Health &
Sanitation","Non-Communicable
Disease Controls",55799547.0,48833523.0,False,,"Health &
Sanitation","Non-Communicable
Disease Controls"
kirinyaga,2023_24,2,Medical Services and Public Health,,,,False,,Medical Services and Public Health,
kirinyaga,2023_24,2,"Curative and Rehabili-
tative Services","040301 Curative
and Rehabilitative
Services",2116489802.0,790117733.0,False,,"Curative and Rehabili-
tative Services","040301 Curative
and Rehabilitative
Services"
kisii,2023_24,2,"County
Health
Services",Medical Services,2981137498.0,1550871997.0,False,,"County
Health
Services",Medical Services
kisii,2023_24,2,"County
Health
Services",public health,24530000.0,,False,,"County
Health
Services",public health
kisumu,2023_24,2,"5085-Kisumu - Department of Medical Services, Public Health and Sanitation",,,,False,,"5085-Kisumu - Department of Medical Services, Public Health and Sanitation",
kitui,2023_24,2,3716-Kitui - Health and Sanitation,,1264830396.0,709183148.0,False,,3716-Kitui - Health and Sanitation,
kitui,2023_24,2,"Curative and Rehabilitate
Services",,,,False,,"Curative and Rehabilitate
Services",
kitui,2023_24,2,Medical Services,,1131279988.0,543967910.0,False,,Medical Services,
kitui,2023_24,2,Medical Services,,849175197.0,655574218.0,False,,Medical Services,
kitui,2023_24,2,Medical Services,,65719509.0,58078763.0,False,,Medical Services,
kitui,2023_24,2,Medical Services,,2809567.0,2809567.0,False,,Medical Services,
kitui,2023_24,2,Medical Services,,870000.0,465000.0,False,,Medical Services,
kitui,2023_24,2,Public Health,,256771353.0,129254341.0,False,,Public Health,
kitui,2023_24,2,Public Health,,1235557.0,590771.0,False,,Public Health,
kitui,2023_24,2,Public Health,,868875729.0,457063872.0,False,,Public Health,
kitui,2023_24,2,Public Health,,1133900.0,566900.0,False,,Public Health,
kitui,2023_24,2,Public Health,,981436.0,473999.0,False,,Public Health,
kitui,2023_24,2,Public Health,,58037337.0,28540800.0,False,,Public Health,
kitui,2023_24,2,Curative Health Services,,89424170.0,57648975.0,False,,Curative Health Services,
kitui,2023_24,2,Curative Health Services,,136494576.0,104200970.0,False,,Curative Health Services,
kitui,2023_24,2,Curative Health Services,,580000.0,290000.0,False,,Curative Health Services,
kitui,2023_24,2,Curative Health Services,,,,False,,Curative Health Services,
kitui,2023_24,2,Curative Health Services,,3463388319.0,2039526086.0,False,,Curative Health Services,
kwale,2023_24,2,Medical and Public Health Services,,,,False,,Medical and Public Health Services,
kwale,2023_24,2,"402023060 Operational
Rural Health Facilities",,,,False,,"402023060 Operational
Rural Health Facilities",
kwale,2023_24,2,"402043060 Medical
Health Drugs",,407859883.0,,False,,"402043060 Medical
Health Drugs",
kwale,2023_24,2,"405013060 Msambweni
Hospital",,34903000.0,,False,,"405013060 Msambweni
Hospital",
kwale,2023_24,2,"406013060 Kinango
Hospital",,17980850.0,,False,,"406013060 Kinango
Hospital",
kwale,2023_24,2,"407013060 Kwale
Hospital",,18007500.0,,False,,"407013060 Kwale
Hospital",
kwale,2023_24,2,"409013060 Samburu
Hospital",,11060750.0,,False,,"409013060 Samburu
Hospital",
kwale,2023_24,2,"410013060 Lunga Lunga
Hospital",,10351000.0,,False,,"410013060 Lunga Lunga
Hospital",
laikipia,2023_24,2,Department: Laikipia County Department of Health,,,,False,,Department: Laikipia County Department of Health,
laikipia,2023_24,2,Curative and Rehabilitee Health,,,,False,,Curative and Rehabilitee Health,
laikipia,2023_24,2,"Curative and Rehabili-
tee Health","Health Products and
Technologies Sup-
port-0401014510",40000000.0,21330940.0,False,,"Curative and Rehabili-
tee Health","Health Products and
Technologies Sup-
port-0401014510"
laikipia,2023_24,2,"Curative and Rehabili-
tee Health","Health Infrastruc-
ture Develop-
ment-0401034510",,,False,,"Curative and Rehabili-
tee Health","Health Infrastruc-
ture Develop-
ment-0401034510"
laikipia,2023_24,2,"Curative and Rehabili-
tee Health","Emergency Referral
and Rehabilitative Ser-
vice-0401064510",239423000.0,143973329.0,False,,"Curative and Rehabili-
tee Health","Emergency Referral
and Rehabilitative Ser-
vice-0401064510"
laikipia,2023_24,2,"General Adminis-
tration and Planning
Services","402044510 Health Lead-
ership and Governance",5832080.0,1581480.0,False,,"General Adminis-
tration and Planning
Services","402044510 Health Lead-
ership and Governance"
laikipia,2023_24,2,"General Adminis-
tration and Planning
Services","Health Policy, Gover-
nance, Planning and
Financing -0402054510",2000000.0,988050.0,False,,"General Adminis-
tration and Planning
Services","Health Policy, Gover-
nance, Planning and
Financing -0402054510"
laikipia,2023_24,2,"General Adminis-
tration and Planning
Services","Health Information
Standards and Quality
Assurance-0402064510",2000000.0,458100.0,False,,"General Adminis-
tration and Planning
Services","Health Information
Standards and Quality
Assurance-0402064510"
laikipia,2023_24,2,Preventive Health Services,,,,False,,Preventive Health Services,
laikipia,2023_24,2,"Preventive Health
Services","Community Health
Strategy, Advo-
cacy and Surveil-
lance-0405044510",12000000.0,4999242.0,False,,"Preventive Health
Services","Community Health
Strategy, Advo-
cacy and Surveil-
lance-0405044510"
laikipia,2023_24,2,"Preventive Health
Services","Family Planning, Ma-
ternal, And Child Health
Services-0405014510",2000000.0,961300.0,False,,"Preventive Health
Services","Family Planning, Ma-
ternal, And Child Health
Services-0405014510"
laikipia,2023_24,2,"Preventive Health
Services","Non-Communicable
Diseases Control and
Prevention-0405024510",2000000.0,434700.0,False,,"Preventive Health
Services","Non-Communicable
Diseases Control and
Prevention-0405024510"
laikipia,2023_24,2,"Preventive Health
Services","Public Health Promotion
and Nutrition Ser-
vices-0405034510",9350000.0,3284750.0,False,,"Preventive Health
Services","Public Health Promotion
and Nutrition Ser-
vices-0405034510"
laikipia,2023_24,2,"Preventive Health
Services","405064510 Social
Health Insurance
Schemes",6000000.0,,False,,"Preventive Health
Services","405064510 Social
Health Insurance
Schemes"
laikipia,2023_24,2,"Preventive Health
Services","Tb/HIV/Aids Pre-
vention and Con-
trol-0405054510",14000000.0,5978775.0,False,,"Preventive Health
Services","Tb/HIV/Aids Pre-
vention and Con-
trol-0405054510"
laikipia,2023_24,2,Veterinary Services,"SP5 0107054510 Ani-
mal Health and Disease
Management",1800000.0,726400.0,False,,Veterinary Services,"SP5 0107054510 Ani-
mal Health and Disease
Management"
lamu,2023_24,2,"Medical, Health Services, Sanitation
& Environment",,1002923315.0,466247846.0,False,,"Medical, Health Services, Sanitation
& Environment",
lamu,2023_24,2,"P2 Curative
Services","Sp:2.1 Primary
Health Services",152912690.0,72230812.0,False,,"P2 Curative
Services","Sp:2.1 Primary
Health Services"
lamu,2023_24,2,"P3 Preventive
& Promotive
Services","Sp4 Preventive
and Promotive Ser-
vices-Headquarters",13025500.0,10744843.0,False,,"P3 Preventive
& Promotive
Services","Sp4 Preventive
and Promotive Ser-
vices-Headquarters"
lamu,2023_24,2,"Public
Health,
Environment And
Sanitation",,80666136.0,32648054.0,False,,"Public
Health,
Environment And
Sanitation",
lamu,2023_24,2,"General Admin-
istration, Plan-
ning and Support
Services","Sp1.2: Public
Health and Sani-
tation",16663000.0,,False,,"General Admin-
istration, Plan-
ning and Support
Services","Sp1.2: Public
Health and Sani-
tation"
lamu,2023_24,2,"Preventive &
Promotive Ser-
vices",,,,False,,"Preventive &
Promotive Ser-
vices",
lamu,2023_24,2,"Environmental
Health & Sani-
tation",,,,False,,"Environmental
Health & Sani-
tation",
makueni,2023_24,2,Health Services,,,,False,,Health Services,
makueni,2023_24,2,"Programme 2:
Curative health
care services","SP2. 1: Curative
health care services",295020000.0,16900000.0,False,,"Programme 2:
Curative health
care services","SP2. 1: Curative
health care services"
makueni,2023_24,2,"Programme 3;
Preventive and
promotive health
care services","SP3. 1 Preventive
and promotive
healthcare services",129899000.0,17412815.5,False,,"Programme 3;
Preventive and
promotive health
care services","SP3. 1 Preventive
and promotive
healthcare services"
makueni,2023_24,2,"Programme 3;
Preventive and
promotive health
care services",,,,False,,"Programme 3;
Preventive and
promotive health
care services",
meru,2023_24,2,HEALTH SERVICES,,,,False,,HEALTH SERVICES,
meru,2023_24,2,Curative Health,Curative Health,495079867.0,,False,,Curative Health,Curative Health
meru,2023_24,2,"Preventive and Promo-
tive Health","Preventive and Pro-
motive Health",40451102.0,,False,,"Preventive and Promo-
tive Health","Preventive and Pro-
motive Health"
migori,2023_24,2,"Veterinary public
health",Meat hygiene services,915000.0,587605.0,False,,"Veterinary public
health",Meat hygiene services
migori,2023_24,2,"Veterinary public
health",,,,False,,"Veterinary public
health",
migori,2023_24,2,Department of Medical Services,,,,False,,Department of Medical Services,
migori,2023_24,2,"Planning &
Administrative
Support Services","Infrastructure & Health
Facility Management",,,False,,"Planning &
Administrative
Support Services","Infrastructure & Health
Facility Management"
migori,2023_24,2,"Planning &
Administrative
Support Services","Health Financing & Uni-
versal Health Coverage
(UHC) coordination",5340000.0,1803400.0,False,,"Planning &
Administrative
Support Services","Health Financing & Uni-
versal Health Coverage
(UHC) coordination"
migori,2023_24,2,"Preventive &
Promotive Health
Services","Environmental health
services",2100000.0,700000.0,False,,"Preventive &
Promotive Health
Services","Environmental health
services"
migori,2023_24,2,"Preventive &
Promotive Health
Services","Human Nutrition &
Dietetics services",3700000.0,100000.0,False,,"Preventive &
Promotive Health
Services","Human Nutrition &
Dietetics services"
migori,2023_24,2,"Preventive &
Promotive Health
Services",HIV/AIDS management,2900000.0,1200000.0,False,,"Preventive &
Promotive Health
Services",HIV/AIDS management
migori,2023_24,2,"Preventive &
Promotive Health
Services",TB control,2900000.0,500000.0,False,,"Preventive &
Promotive Health
Services",TB control
migori,2023_24,2,"Preventive &
Promotive Health
Services",Malaria Control,3300000.0,,False,,"Preventive &
Promotive Health
Services",Malaria Control
migori,2023_24,2,"Preventive &
Promotive Health
Services","Non-Communicable
Diseases (NCDs",2900000.0,,False,,"Preventive &
Promotive Health
Services","Non-Communicable
Diseases (NCDs"
migori,2023_24,2,"Preventive &
Promotive Health
Services","Disease surveillance/
Emergency preparedness",2500000.0,500000.0,False,,"Preventive &
Promotive Health
Services","Disease surveillance/
Emergency preparedness"
migori,2023_24,2,"Preventive &
Promotive Health
Services","Maternal & Reproductive
Health services",5660000.0,,False,,"Preventive &
Promotive Health
Services","Maternal & Reproductive
Health services"
migori,2023_24,2,"Preventive &
Promotive Health
Services","Neonatal, Child, Ado-
lescent & Youth health
services",3200000.0,,False,,"Preventive &
Promotive Health
Services","Neonatal, Child, Ado-
lescent & Youth health
services"
migori,2023_24,2,"Preventive &
Promotive Health
Services","Expanded Program for
Immunization (Immu-
nization",4000000.0,,False,,"Preventive &
Promotive Health
Services","Expanded Program for
Immunization (Immu-
nization"
migori,2023_24,2,"Preventive &
Promotive Health
Services","Gender-Based Violence
health services",4200000.0,,False,,"Preventive &
Promotive Health
Services","Gender-Based Violence
health services"
migori,2023_24,2,"Curative, Rehabil-
itative & Referral
Services","Ambulance & Referral
Services",16500000.0,3194403.0,False,,"Curative, Rehabil-
itative & Referral
Services","Ambulance & Referral
Services"
migori,2023_24,2,"Curative, Rehabil-
itative & Referral
Services",Hospital-Level Services,,,False,,"Curative, Rehabil-
itative & Referral
Services",Hospital-Level Services
migori,2023_24,2,"Curative, Rehabil-
itative & Referral
Services","Health Products & Tech-
nologies",113840996.0,51627004.0,False,,"Curative, Rehabil-
itative & Referral
Services","Health Products & Tech-
nologies"
migori,2023_24,2,"Curative, Rehabil-
itative & Referral
Services","Diagnostic & Rehabilita-
tion Services",26500000.0,11619350.0,False,,"Curative, Rehabil-
itative & Referral
Services","Diagnostic & Rehabilita-
tion Services"
migori,2023_24,2,"Curative, Rehabil-
itative & Referral
Services","Health Services Manage-
ment Fund",135000000.0,41229078.0,False,,"Curative, Rehabil-
itative & Referral
Services","Health Services Manage-
ment Fund"
migori,2023_24,2,Department of Health Services & Sanitation,,,,False,,Department of Health Services & Sanitation,
migori,2023_24,2,"Planning &
Administrative
Support Services","Infrastructure & Health
Facility Management",19694473.0,600000.0,False,,"Planning &
Administrative
Support Services","Infrastructure & Health
Facility Management"
migori,2023_24,2,"Planning &
Administrative
Support Services","Health Financing & Uni-
versal Health Coverage
(UHC) coordination",26300000.0,100000.0,False,,"Planning &
Administrative
Support Services","Health Financing & Uni-
versal Health Coverage
(UHC) coordination"
migori,2023_24,2,"Planning &
Administrative
Support Services","Community health
infrastructure services
(CHVs)",32908754.0,130000.0,False,,"Planning &
Administrative
Support Services","Community health
infrastructure services
(CHVs)"
migori,2023_24,2,"Preventive &
Promotive Health
Services","Human Nutrition &
Dietetics services",2600000.0,140000.0,False,,"Preventive &
Promotive Health
Services","Human Nutrition &
Dietetics services"
migori,2023_24,2,"Preventive &
Promotive Health
Services",HIV/AIDS management,11970000.0,1400000.0,False,,"Preventive &
Promotive Health
Services",HIV/AIDS management
migori,2023_24,2,"Preventive &
Promotive Health
Services",TB control,1400000.0,1400000.0,False,,"Preventive &
Promotive Health
Services",TB control
migori,2023_24,2,"Preventive &
Promotive Health
Services",Malaria Control,2700000.0,780000.0,False,,"Preventive &
Promotive Health
Services",Malaria Control
migori,2023_24,2,"Preventive &
Promotive Health
Services","Non-Communicable
Diseases (NCDs",1600000.0,135000.0,False,,"Preventive &
Promotive Health
Services","Non-Communicable
Diseases (NCDs"
migori,2023_24,2,"Preventive &
Promotive Health
Services","Disease surveillance/
Emergency preparedness",8500000.0,2640000.0,False,,"Preventive &
Promotive Health
Services","Disease surveillance/
Emergency preparedness"
migori,2023_24,2,"Preventive &
Promotive Health
Services","Health promotion &
education",1800000.0,443000.0,False,,"Preventive &
Promotive Health
Services","Health promotion &
education"
migori,2023_24,2,"Preventive &
Promotive Health
Services","Maternal & Reproductive
Health services",4200000.0,695000.0,False,,"Preventive &
Promotive Health
Services","Maternal & Reproductive
Health services"
migori,2023_24,2,"Preventive &
Promotive Health
Services","Neonatal, Child, Ado-
lescent & Youth health
services",1400000.0,768500.0,False,,"Preventive &
Promotive Health
Services","Neonatal, Child, Ado-
lescent & Youth health
services"
migori,2023_24,2,"Preventive &
Promotive Health
Services","Expanded Program for
Immunization (Immuni-
zation)",3400000.0,350000.0,False,,"Preventive &
Promotive Health
Services","Expanded Program for
Immunization (Immuni-
zation)"
migori,2023_24,2,"Preventive &
Promotive Health
Services","Gender-Based Violence
health services",900000.0,225000.0,False,,"Preventive &
Promotive Health
Services","Gender-Based Violence
health services"
migori,2023_24,2,"Preventive &
Promotive Health
Services","Neglected Tropical Dis-
eases services.",1050000.0,225000.0,False,,"Preventive &
Promotive Health
Services","Neglected Tropical Dis-
eases services."
migori,2023_24,2,"Preventive &
Promotive Health
Services","Environmental health
services",2300000.0,369000.0,False,,"Preventive &
Promotive Health
Services","Environmental health
services"
migori,2023_24,2,"Curative, Rehabil-
itative & Referral
Services","Health Products & Tech-
nologies",80400000.0,1650000.0,False,,"Curative, Rehabil-
itative & Referral
Services","Health Products & Tech-
nologies"
migori,2023_24,2,"Curative, Rehabil-
itative & Referral
Services","Diagnostic & Rehabilita-
tion Services",800000.0,195000.0,False,,"Curative, Rehabil-
itative & Referral
Services","Diagnostic & Rehabilita-
tion Services"
mombasa,2023_24,2,Programme 1,"Protocol, Hospital-
ity and Communi-
cation",26000000.0,2803300.0,False,,Programme 1,"Protocol, Hospital-
ity and Communi-
cation"
mombasa,2023_24,2,HEALTH SERVICES,,,,False,,HEALTH SERVICES,
mombasa,2023_24,2,Programme 7,"Preventive and
Promotive Health
services",69402768.0,3726171.0,False,,Programme 7,"Preventive and
Promotive Health
services"
mombasa,2023_24,2,Programme 7,"Curative/Clinical
Health Services",118729822.0,258900.0,False,,Programme 7,"Curative/Clinical
Health Services"
muranga,2023_24,2,Health and Sanitation,,,,False,,Health and Sanitation,
muranga,2023_24,2,Alcohol Program,"402034010 Preventive and
Promotive Care",,,False,,Alcohol Program,"402034010 Preventive and
Promotive Care"
muranga,2023_24,2,"Curative Pro-
gram","402054010 Free Primary
HealthCare",754270000.0,265429963.0,False,,"Curative Pro-
gram","402054010 Free Primary
HealthCare"
nairobi,2023_24,2,"0116005310
P.10:Animal
Health, Safety
and Quality
Assurance","0116015310 sp 10.1
Animal Research,
Diseases, Pest
Control & Quality
Assurance",8171991.0,20000000.0,False,,"0116005310
P.10:Animal
Health, Safety
and Quality
Assurance","0116015310 sp 10.1
Animal Research,
Diseases, Pest
Control & Quality
Assurance"
nairobi,2023_24,2,"0405005310 p5
public health","0405015310 sp5.1
hiv/aids prevention
& control unit",1000000.0,,False,,"0405005310 p5
public health","0405015310 sp5.1
hiv/aids prevention
& control unit"
nairobi,2023_24,2,"0405005310 p5
public health","0405025310 Sp5.2
TB Control",900000.0,,False,,"0405005310 p5
public health","0405025310 Sp5.2
TB Control"
nairobi,2023_24,2,"0405005310 p5
public health","0405035310 Sp5.3
Malaria Control &
Other Communica-
ble Diseases",900000.0,,False,,"0405005310 p5
public health","0405035310 Sp5.3
Malaria Control &
Other Communica-
ble Diseases"
nairobi,2023_24,2,"0405005310 p5
public health","0405045310 Sp5.4
Environmental /
Public Health",10000000.0,,False,,"0405005310 p5
public health","0405045310 Sp5.4
Environmental /
Public Health"
nairobi,2023_24,2,"0405005310 p5
public health","0405055310 Sp5.5
Health Policy and
Regulation",10000000.0,45000000.0,False,,"0405005310 p5
public health","0405055310 Sp5.5
Health Policy and
Regulation"
nairobi,2023_24,2,"0405005310 p5
public health","0404105310 Sp 4.10
Coroner Services
Unit",15000000.0,69000000.0,False,,"0405005310 p5
public health","0404105310 Sp 4.10
Coroner Services
Unit"
nairobi,2023_24,2,"0405005310 p5
public health",,,,False,,"0405005310 p5
public health",
nairobi,2023_24,2,"0405005310 p5
public health","0405075310 Sp5.7
Nairobi County
Public Health Emer-
gency Response",7200000.0,73000000.0,False,,"0405005310 p5
public health","0405075310 Sp5.7
Nairobi County
Public Health Emer-
gency Response"
nairobi,2023_24,2,"0406005310 p6
health facilities","0406015310 sp6.1
county referral
hospitals",5000000.0,100000000.0,False,,"0406005310 p6
health facilities","0406015310 sp6.1
county referral
hospitals"
nairobi,2023_24,2,"0406005310 p6
health facilities",,6800000.0,70000000.0,False,,"0406005310 p6
health facilities",
nairobi,2023_24,2,"0406005310 p6
health facilities",,6000000.0,190000000.0,False,,"0406005310 p6
health facilities",
nairobi,2023_24,2,"0406005310 p6
health facilities",,5000000.0,,False,,"0406005310 p6
health facilities",
nairobi,2023_24,2,"0406005310 p6
health facilities",,2200000.0,42000000.0,False,,"0406005310 p6
health facilities",
nairobi,2023_24,2,"0406005310 p6
health facilities","0406025310 Sp6.2
Health planning and
financing",31165000.0,77000000.0,False,,"0406005310 p6
health facilities","0406025310 Sp6.2
Health planning and
financing"
nairobi,2023_24,2,"0406005310 p6
health facilities","0406035310 Sp6.3
Health Centres &
Dispensaries",72228250.0,433000000.0,False,,"0406005310 p6
health facilities","0406035310 Sp6.3
Health Centres &
Dispensaries"
nairobi,2023_24,2,"0406005310 p6
health facilities","0406045310 Sp6.4
Pumwani School of
Nursing",5655000.0,30000000.0,False,,"0406005310 p6
health facilities","0406045310 Sp6.4
Pumwani School of
Nursing"
nairobi,2023_24,2,"0406005310 p6
health facilities","0406055310 Sp6.5
Health Commodities",400000000.0,,False,,"0406005310 p6
health facilities","0406055310 Sp6.5
Health Commodities"
nairobi,2023_24,2,"0407005310
P7 medical
services","0407015310 Sp7.1
Primary Health Care",22635000.0,,False,,"0407005310
P7 medical
services","0407015310 Sp7.1
Primary Health Care"
nairobi,2023_24,2,"0407005310
P7 medical
services","0407025310 Sp7.2
Nairobi Medical
Insurance",50000000.0,,False,,"0407005310
P7 medical
services","0407025310 Sp7.2
Nairobi Medical
Insurance"
nairobi,2023_24,2,"0407005310
P7 medical
services","0407035310 Sp7.3
Reproductive Health
& Maternal Health
(RMNCAH)",7765000.0,,False,,"0407005310
P7 medical
services","0407035310 Sp7.3
Reproductive Health
& Maternal Health
(RMNCAH)"
nairobi,2023_24,2,"0407005310
P7 medical
services","0407045310 Sp7.4
Clinical Services",5700000.0,,False,,"0407005310
P7 medical
services","0407045310 Sp7.4
Clinical Services"
nairobi,2023_24,2,"0407005310
P7 medical
services",,4900000.0,,False,,"0407005310
P7 medical
services",
nairobi,2023_24,2,"0407005310
P7 medical
services","0407055310 Sp7.5
Research, Quality
assurance & stan-
dards unit",4000000.0,,False,,"0407005310
P7 medical
services","0407055310 Sp7.5
Research, Quality
assurance & stan-
dards unit"
nairobi,2023_24,2,"0404005310
General
administra-
tion, planning
and support
services","0404015310 Sp4.1
Administration/
Human Resource for
Health",6376005086.0,,False,,"0404005310
General
administra-
tion, planning
and support
services","0404015310 Sp4.1
Administration/
Human Resource for
Health"
nairobi,2023_24,2,"0404005310
General
administra-
tion, planning
and support
services","5332000000
HEALTH WELL-
NESS & NUTRI-
TION",7071303336.0,1129000000.0,False,,"0404005310
General
administra-
tion, planning
and support
services","5332000000
HEALTH WELL-
NESS & NUTRI-
TION"
nakuru,2023_24,2,DEPARTMENT OF HEALTH SERVICES,,,,False,,DEPARTMENT OF HEALTH SERVICES,
nakuru,2023_24,2,"Programme 1
administration
and planning","SP 1.1 Health information
systems",21379000.0,,False,,"Programme 1
administration
and planning","SP 1.1 Health information
systems"
nakuru,2023_24,2,"Programme 1
administration
and planning","SP 1.5 Health infrastruc-
ture and development",12650000.0,,False,,"Programme 1
administration
and planning","SP 1.5 Health infrastruc-
ture and development"
nakuru,2023_24,2,"Programme
2 health
preventive
and promotive
services",SP 2.1 Primary Healthcare,15117207.0,,False,,"Programme
2 health
preventive
and promotive
services",SP 2.1 Primary Healthcare
nakuru,2023_24,2,"Programme
2 health
preventive
and promotive
services","SP 2.2 environmental
health and sanitation",2000000.0,,False,,"Programme
2 health
preventive
and promotive
services","SP 2.2 environmental
health and sanitation"
nakuru,2023_24,2,"Programme
2 health
preventive
and promotive
services",SP 2.3 human resource,19049940.0,,False,,"Programme
2 health
preventive
and promotive
services",SP 2.3 human resource
nakuru,2023_24,2,"Programme
2 health
preventive
and promotive
services","SP 2.4 Disease surveil-
lance and emergency
response",1997550.0,,False,,"Programme
2 health
preventive
and promotive
services","SP 2.4 Disease surveil-
lance and emergency
response"
nakuru,2023_24,2,"Programme
2 health
preventive
and promotive
services",SP 2.5 Health promotive,1000000.0,,False,,"Programme
2 health
preventive
and promotive
services",SP 2.5 Health promotive
nakuru,2023_24,2,"Programme
2 health
preventive
and promotive
services",SP 2.6 HIV programme,2000000.0,129600.0,False,,"Programme
2 health
preventive
and promotive
services",SP 2.6 HIV programme
nakuru,2023_24,2,"Programme
2 health
preventive
and promotive
services",SP 2.7 Nutrition,10629350.0,,False,,"Programme
2 health
preventive
and promotive
services",SP 2.7 Nutrition
nakuru,2023_24,2,"Programme
2 health
preventive
and promotive
services","SP 2.8 Reproductive
health",1250000.0,,False,,"Programme
2 health
preventive
and promotive
services","SP 2.8 Reproductive
health"
nakuru,2023_24,2,"Programme
2 health
preventive
and promotive
services",SP 2.9 immunisation,1596425.0,,False,,"Programme
2 health
preventive
and promotive
services",SP 2.9 immunisation
nakuru,2023_24,2,"Programme
3 Health
curative and
rehabilitative
services","SP 3.1 Provision of essen-
tial health services in all",1285035576.0,730336067.0,False,,"Programme
3 Health
curative and
rehabilitative
services","SP 3.1 Provision of essen-
tial health services in all"
nakuru,2023_24,2,"Programme
3 Health
curative and
rehabilitative
services","SP 3.2 Elimination
of communicable and
non-communicable
diseases",2200000.0,,False,,"Programme
3 Health
curative and
rehabilitative
services","SP 3.2 Elimination
of communicable and
non-communicable
diseases"
nakuru,2023_24,2,"Programme
3 Health
curative and
rehabilitative
services",SP 3.3 Human resource,316760037.0,316760037.0,False,,"Programme
3 Health
curative and
rehabilitative
services",SP 3.3 Human resource
nyamira,2023_24,2,Department of Health Services,,,,False,,Department of Health Services,
nyandarua,2023_24,2,"Human Resource
Management (In-
cluding employee
gratuity, pension
and medical
insurance)",,254075000.0,88141785.0,False,,"Human Resource
Management (In-
cluding employee
gratuity, pension
and medical
insurance)",
nyandarua,2023_24,2,"Preventive and
Promotive Ser-
vices",,33030000.0,11018481.0,False,,"Preventive and
Promotive Ser-
vices",
nyandarua,2023_24,2,"Preventive and
Promotive Ser-
vices",,,,False,,"Preventive and
Promotive Ser-
vices",
nyandarua,2023_24,2,Curative Services,,280900000.0,78905968.0,False,,Curative Services,
nyandarua,2023_24,2,"Universal health
care and grants",,197543404.0,14043518.0,False,,"Universal health
care and grants",
samburu,2023_24,2,"Medical Services, Public Health & Sanitation",,,,False,,"Medical Services, Public Health & Sanitation",
samburu,2023_24,2,"Non-communicable
disease and prevention
control","Maternal Health
Services",15983058.0,,False,,"Non-communicable
disease and prevention
control","Maternal Health
Services"
samburu,2023_24,2,Health Promotive Services,,60910340.0,,False,,Health Promotive Services,
samburu,2023_24,2,Health curative Services,,65597026.0,,False,,Health curative Services,
samburu,2023_24,2,"County Referral Ser-
vices","Free Primary Health-
care",413326366.0,,False,,"County Referral Ser-
vices","Free Primary Health-
care"
samburu,2023_24,2,"Provision Of Essential Health Services In All The
Levels",,126590642.0,,False,,"Provision Of Essential Health Services In All The
Levels",
samburu,2023_24,2,"Health Standards and Quality Assurance
Services",,114567765.0,329977124.0,False,,"Health Standards and Quality Assurance
Services",
samburu,2023_24,2,"Health Standards and
Quality Assurance
Services","Research And Devel-
opment",41539221.0,,False,,"Health Standards and
Quality Assurance
Services","Research And Devel-
opment"
samburu,2023_24,2,Health Infrastructure development,,4379551.0,,False,,Health Infrastructure development,
samburu,2023_24,2,Human Resources for health,,4367164.0,,False,,Human Resources for health,
samburu,2023_24,2,"Health Policy, Planning & Financing",,38102775.0,,False,,"Health Policy, Planning & Financing",
samburu,2023_24,2,"Health Policy, Planning & Financing",,26179055.0,329977124.0,False,,"Health Policy, Planning & Financing",
siaya,2023_24,2,County Health Services,,,,False,,County Health Services,
siaya,2023_24,2,"Curative Healthcare
Services","Curative Health-
care Services",188193825.0,93609714.2,False,,"Curative Healthcare
Services","Curative Health-
care Services"
siaya,2023_24,2,"Preventive, Promo-
tive and Rehabilita-
tive Health Services","Preventive, Promo-
tive and Reha-
bilitative Health
Services",101076175.0,48122959.0,False,,"Preventive, Promo-
tive and Rehabilita-
tive Health Services","Preventive, Promo-
tive and Reha-
bilitative Health
Services"
siaya,2023_24,2,"Environmental
Health Services","Environmental
Health Services",50158116.0,,False,,"Environmental
Health Services","Environmental
Health Services"
tana,2023_24,2,"Veterinary Ser-
vices","Veterinary Public
Health/Abattoirs",1118500.0,125355.0,False,,"Veterinary Ser-
vices","Veterinary Public
Health/Abattoirs"
tana,2023_24,2,Health and Sanitation,,,,False,,Health and Sanitation,
tana,2023_24,2,"Curative and
Rehabilitative",Medical Supplies,160650000.0,64792130.0,False,,"Curative and
Rehabilitative",Medical Supplies
tana,2023_24,2,"Curative and
Rehabilitative",Medical Services,33200000.0,12060235.0,False,,"Curative and
Rehabilitative",Medical Services
tana,2023_24,2,"Curative and
Rehabilitative","Ambulance
services",10700000.0,4637236.0,False,,"Curative and
Rehabilitative","Ambulance
services"
tana,2023_24,2,"Preventive and
Promotive","Preventive and
Promotive",17050041.0,6214999.0,False,,"Preventive and
Promotive","Preventive and
Promotive"
tana,2023_24,2,"Preventive and
Promotive",Mobile clinics,5800000.0,1438188.0,False,,"Preventive and
Promotive",Mobile clinics
tana,2023_24,2,"Preventive and
Promotive","Licensing and
control of under-
taking",9045859.0,4200593.0,False,,"Preventive and
Promotive","Licensing and
control of under-
taking"
tharaka,2023_24,2,Medical Services,,,,False,,Medical Services,
tharaka,2023_24,2,"Curative and Rehabili-
tative Services",Primary Healthcare,,,False,,"Curative and Rehabili-
tative Services",Primary Healthcare
tharaka,2023_24,2,"Curative and Rehabili-
tative Services",Medical Supplies,153139134.0,105513942.0,False,,"Curative and Rehabili-
tative Services",Medical Supplies
tharaka,2023_24,2,"Curative and Rehabili-
tative Services",Laboratory Services,20400000.0,7039470.0,False,,"Curative and Rehabili-
tative Services",Laboratory Services
tharaka,2023_24,2,Public Health and Sanitation,,,,False,,Public Health and Sanitation,
tharaka,2023_24,2,"Preventive and
Promotive Health
Services","Health Promotion and
Disease Control",255595400.0,148264129.0,False,,"Preventive and
Promotive Health
Services","Health Promotion and
Disease Control"
tharaka,2023_24,2,"Preventive and
Promotive Health
Services","Environmental Health
Services",31256750.0,,False,,"Preventive and
Promotive Health
Services","Environmental Health
Services"
uasin,2023_24,2,"Curative and Rehabilita-
tive Services",Health Services,,,False,,"Curative and Rehabilita-
tive Services",Health Services
uasin,2023_24,2,"Promotive and Preven-
tive Health",,,,False,,"Promotive and Preven-
tive Health",
uasin,2023_24,2,"Curative and Rehabilita-
tive Services",Health Services,,,False,,"Curative and Rehabilita-
tive Services",Health Services
vihiga,2023_24,2,"Promotive and
Preventive Health-
care Services",,71771528.0,28063201.0,False,,"Promotive and
Preventive Health-
care Services",
vihiga,2023_24,2,"Promotive and
Preventive Health-
care Services",,550000.0,,False,,"Promotive and
Preventive Health-
care Services",
vihiga,2023_24,2,"Promotive and
Preventive Health-
care Services",,52126000.0,24452621.0,False,,"Promotive and
Preventive Health-
care Services",
vihiga,2023_24,2,"Promotive and
Preventive Health-
care Services",,18579528.0,3610580.0,False,,"Promotive and
Preventive Health-
care Services",
vihiga,2023_24,2,"Promotive and
Preventive Health-
care Services",,516000.0,,False,,"Promotive and
Preventive Health-
care Services",
vihiga,2023_24,2,"Curative And Re-
habilitative Health
Services",,136838127.0,40277043.0,False,,"Curative And Re-
habilitative Health
Services",
vihiga,2023_24,2,"Curative And Re-
habilitative Health
Services",,42034127.0,14033107.0,False,,"Curative And Re-
habilitative Health
Services",
vihiga,2023_24,2,"Curative And Re-
habilitative Health
Services",,94804000.0,26243936.0,False,,"Curative And Re-
habilitative Health
Services",
vihiga,2023_24,2,"Child and Mater-
nal Health Care",,5038581.0,2146400.0,False,,"Child and Mater-
nal Health Care",
vihiga,2023_24,2,"Child and Mater-
nal Health Care",,5038581.0,2146400.0,False,,"Child and Mater-
nal Health Care",
wajir,2023_24,2,Department: Health Services,,,,False,,Department: Health Services,
wajir,2023_24,2,"Curative,
Rehabilitative
and Emergency
Services","Curative and rehabilita-
tive services",870634463.0,312481513.0,False,,"Curative,
Rehabilitative
and Emergency
Services","Curative and rehabilita-
tive services"
wajir,2023_24,2,"Curative,
Rehabilitative
and Emergency
Services","Emergency Referral
Services",43091872.0,21595727.0,False,,"Curative,
Rehabilitative
and Emergency
Services","Emergency Referral
Services"
wajir,2023_24,2,Public Health,"Reproductive Maternal
Neonatal Child Health",67606650.0,3756000.0,False,,Public Health,"Reproductive Maternal
Neonatal Child Health"
wajir,2023_24,2,Public Health,Sanitation services,22820320.0,4320425.0,False,,Public Health,Sanitation services
wajir,2023_24,2,Public Health,Special Programme,7000000.0,1761639.0,False,,Public Health,Special Programme
wajir,2023_24,2,Public Health,Health Research,3800000.0,225000.0,False,,Public Health,Health Research
bungoma,2023_24,3,Health and Sanitation,,,,False,,Health and Sanitation,
bungoma,2023_24,3,Programme 1: General Administration Planning and Support Services,"SP 1. 1 Health Administrative and
Support Services",126916175.0,25373340.0,False,,Programme 1: General Administration Planning and Support Services,"SP 1. 1 Health Administrative and
Support Services"
bungoma,2023_24,3,Programme 1: General Administration Planning and Support Services,SP 1. 3 Health Policy,4000000.0,,False,,Programme 1: General Administration Planning and Support Services,SP 1. 3 Health Policy
bungoma,2023_24,3,Programme 2: Preventive and Promotive,,,,False,,Programme 2: Preventive and Promotive,
bungoma,2023_24,3,Programme 2: Preventive and Promotive,"SP 2.1 Communicable and
Non-Communicable Disease
Control",20000000.0,,False,,Programme 2: Preventive and Promotive,"SP 2.1 Communicable and
Non-Communicable Disease
Control"
bungoma,2023_24,3,Programme 2: Preventive and Promotive,SP 2.2 Community Health Strategy,5600000.0,,False,,Programme 2: Preventive and Promotive,SP 2.2 Community Health Strategy
bungoma,2023_24,3,Programme 2: Preventive and Promotive,SP 2.3 Health Promotion,3000000.0,,False,,Programme 2: Preventive and Promotive,SP 2.3 Health Promotion
bungoma,2023_24,3,Programme 2: Preventive and Promotive,"SP 2.6 Reproductive, Maternal,
Newborn, Child, and Adolescent
Health.",15000000.0,,False,,Programme 2: Preventive and Promotive,"SP 2.6 Reproductive, Maternal,
Newborn, Child, and Adolescent
Health."
bungoma,2023_24,3,Programme 2: Preventive and Promotive,SP 2.7 Public Health and Sanitation,8000916.0,,False,,Programme 2: Preventive and Promotive,SP 2.7 Public Health and Sanitation
bungoma,2023_24,3,Programme 2: Preventive and Promotive,Specialized Materials and Supplies,501885740.0,,False,,Programme 2: Preventive and Promotive,Specialized Materials and Supplies
bungoma,2023_24,3,Programme 3: Curative Health Services,,,,False,,Programme 3: Curative Health Services,
bungoma,2023_24,3,Programme 3: Curative Health Services,SP3. 1 Routine Medical Services.,95171405.0,,False,,Programme 3: Curative Health Services,SP3. 1 Routine Medical Services.
bungoma,2023_24,3,Programme 3: Curative Health Services,Grants; DANIDA/UNICEF,41777772.0,28015305.0,False,,Programme 3: Curative Health Services,Grants; DANIDA/UNICEF
bungoma,2023_24,3,"Health Management
System",Health Management System,,,False,,"Health Management
System",Health Management System
bungoma,2023_24,3,"Programme 1: General Administration, Planning and Support Services",Sp1.7: Medical Insurance,250000000.0,27860664.0,False,,"Programme 1: General Administration, Planning and Support Services",Sp1.7: Medical Insurance
busia,2023_24,3,"CP 10: Veterinary
health services","CSP 10.1: Veterinary Disease
control",,,False,,"CP 10: Veterinary
health services","CSP 10.1: Veterinary Disease
control"
busia,2023_24,3,"CP 10: Veterinary
health services",CSP 10.2: AI services,,,False,,"CP 10: Veterinary
health services",CSP 10.2: AI services
busia,2023_24,3,"CP 10: Veterinary
health services","CSP 10.3: Meat inspection
s
service",,,False,,"CP 10: Veterinary
health services","CSP 10.3: Meat inspection
s
service"
busia,2023_24,3,"CP 10: Veterinary
health services","CSP 10.4: Veterinary
Extension",,,False,,"CP 10: Veterinary
health services","CSP 10.4: Veterinary
Extension"
busia,2023_24,3,Department of Health and Sanitation,,,,False,,Department of Health and Sanitation,
busia,2023_24,3,"CP 54: Curative
Health Services","CSP 54.1: Infrastructure
development",,,False,,"CP 54: Curative
Health Services","CSP 54.1: Infrastructure
development"
busia,2023_24,3,"CP 54: Curative
Health Services","CSP 54.2: Hospital equip-
ment",,,False,,"CP 54: Curative
Health Services","CSP 54.2: Hospital equip-
ment"
busia,2023_24,3,"CP 55: Preventive
and Promotive Health
Services","CSP 55.1: Infrastructure
development",,,False,,"CP 55: Preventive
and Promotive Health
Services","CSP 55.1: Infrastructure
development"
busia,2023_24,3,"CP 55: Preventive
and Promotive Health
Services","CSP 55.2: Lower-level hospi-
tal equipment",,,False,,"CP 55: Preventive
and Promotive Health
Services","CSP 55.2: Lower-level hospi-
tal equipment"
busia,2023_24,3,"CP 55: Preventive
and Promotive Health
Services","CSP 55.4: Health promotion
unit",,,False,,"CP 55: Preventive
and Promotive Health
Services","CSP 55.4: Health promotion
unit"
elgeyo,2023_24,3,"Legislative Over-
L
sight","Community and Environmen-
tal Health",5585000.0,1775100.0,False,,"Legislative Over-
L
sight","Community and Environmen-
tal Health"
elgeyo,2023_24,3,"Legislative Over-
L
sight",Health Services,,,False,,"Legislative Over-
L
sight",Health Services
embu,2023_24,3,HEALTH,,,,False,,HEALTH,
embu,2023_24,3,"Curative Health
Services",Primary Healthcare,1099682961.84,664972784.69,False,,"Curative Health
Services",Primary Healthcare
embu,2023_24,3,"Preventive and
Promotive Health
Services","Health Promotion and
Disease Control",454242522.03,274678180.24,False,,"Preventive and
Promotive Health
Services","Health Promotion and
Disease Control"
embu,2023_24,3,EMBU LEVEL 5 HOSPITAL,,,,False,,EMBU LEVEL 5 HOSPITAL,
embu,2023_24,3,"Curative Health
Services",Primary Healthcare,152020645.77,104947440.24,False,,"Curative Health
Services",Primary Healthcare
embu,2023_24,3,"Preventive and
Promotive Health
Services","Health Promotion and
Disease Control",41761037.12,28829728.52,False,,"Preventive and
Promotive Health
Services","Health Promotion and
Disease Control"
garissa,2023_24,3,Department of Health and Sanitation,,,,False,,Department of Health and Sanitation,
garissa,2023_24,3,"Programme 1: CP1:
Governance, quality
assurance and sup-
port services","CSP 1.2 Health Informa-
tion Systems",5000000.0,,False,,"Programme 1: CP1:
Governance, quality
assurance and sup-
port services","CSP 1.2 Health Informa-
tion Systems"
garissa,2023_24,3,"Programme 2: CP1:
Curative Services","Health products and
technologies",217500000.0,136320500.0,False,,"Programme 2: CP1:
Curative Services","Health products and
technologies"
garissa,2023_24,3,"Programme 2: CP1:
Curative Services",Rehabilitative services,11500000.0,,False,,"Programme 2: CP1:
Curative Services",Rehabilitative services
garissa,2023_24,3,"Programme 2: CP1:
Curative Services","Referral and Emergency
services",46935485.0,,False,,"Programme 2: CP1:
Curative Services","Referral and Emergency
services"
garissa,2023_24,3,"CP3: Preventive
Services","Maternal, newborn,
child health and nutri-
tion services",11075645.0,,False,,"CP3: Preventive
Services","Maternal, newborn,
child health and nutri-
tion services"
garissa,2023_24,3,"CP3: Preventive
Services","Preventive and Promo-
tive health services",11618450.0,,False,,"CP3: Preventive
Services","Preventive and Promo-
tive health services"
isiolo,2023_24,3,Value Addition,"Veterinary Public Health
Services",3875000.0,2406950.0,False,,Value Addition,"Veterinary Public Health
Services"
isiolo,2023_24,3,Health Services,,,,False,,Health Services,
isiolo,2023_24,3,"Health Curative
Services","Administration Support
Services",,1013400.0,False,,"Health Curative
Services","Administration Support
Services"
isiolo,2023_24,3,"Health Curative
Services","Human Resource Manage-
ment",968741288.0,486250472.0,False,,"Health Curative
Services","Human Resource Manage-
ment"
isiolo,2023_24,3,"Health Curative
Services",Monitoring & Evaluation,4071674.0,3389326.0,False,,"Health Curative
Services",Monitoring & Evaluation
isiolo,2023_24,3,"Health Curative
Services",,,,False,,"Health Curative
Services",
isiolo,2023_24,3,"Health Curative
Services","Quality Assurance &
Standards",4402000.0,1333200.0,False,,"Health Curative
Services","Quality Assurance &
Standards"
isiolo,2023_24,3,"Health Curative
Services","Curative and Rehabilitative
Health Services",37248592.0,16480175.0,False,,"Health Curative
Services","Curative and Rehabilitative
Health Services"
isiolo,2023_24,3,"Health Curative
Services","Pharmaceutical & Pharma-
ceutical Commodities",143717960.0,78408299.0,False,,"Health Curative
Services","Pharmaceutical & Pharma-
ceutical Commodities"
isiolo,2023_24,3,"Health Preventive and
Promotive Services","Preventive and Promotive
Health Services",,898000.0,False,,"Health Preventive and
Promotive Services","Preventive and Promotive
Health Services"
isiolo,2023_24,3,"Health Preventive and
Promotive Services","Human Resource Manage-
ment",119068341.0,59350852.0,False,,"Health Preventive and
Promotive Services","Human Resource Manage-
ment"
isiolo,2023_24,3,"Health Preventive and
Promotive Services",Primary Health Care,46311079.0,23148263.0,False,,"Health Preventive and
Promotive Services",Primary Health Care
isiolo,2023_24,3,"Health Preventive and
Promotive Services",Nutrition,2502646.0,1118320.0,False,,"Health Preventive and
Promotive Services",Nutrition
isiolo,2023_24,3,"Health Preventive and
Promotive Services",Community Health Services,31000000.0,16807000.0,False,,"Health Preventive and
Promotive Services",Community Health Services
isiolo,2023_24,3,"Health Preventive and
Promotive Services","Communicable Diseases
Control",5177900.0,5067500.0,False,,"Health Preventive and
Promotive Services","Communicable Diseases
Control"
isiolo,2023_24,3,"Health Preventive and
Promotive Services","Public Health Emergency
Coordination",13796400.0,2991282.0,False,,"Health Preventive and
Promotive Services","Public Health Emergency
Coordination"
kajiado,2023_24,3,Department of Medical Service and Public Health,,,,False,,Department of Medical Service and Public Health,
kajiado,2023_24,3,"Curative and Rehabil-
itative",Hospital Service,7264200.0,3361011.0,False,,"Curative and Rehabil-
itative",Hospital Service
kajiado,2023_24,3,"Curative and Rehabil-
itative","Health Products and
Technologies",270872533.0,170313370.0,False,,"Curative and Rehabil-
itative","Health Products and
Technologies"
kajiado,2023_24,3,"Curative and Rehabil-
itative",Emergency Responses,6529000.0,4394500.0,False,,"Curative and Rehabil-
itative",Emergency Responses
kajiado,2023_24,3,"Public Health and
Sanitation",Reproductive Maternal,32617507.0,22729300.0,False,,"Public Health and
Sanitation",Reproductive Maternal
kajiado,2023_24,3,"Public Health and
Sanitation","Communicable and
non-communicable
disease",4990642.0,3030501.0,False,,"Public Health and
Sanitation","Communicable and
non-communicable
disease"
kajiado,2023_24,3,"Public Health and
Sanitation",Primary Health Care,22386689.0,19017745.0,False,,"Public Health and
Sanitation",Primary Health Care
kajiado,2023_24,3,"Public Health and
Sanitation","Disease Surveillance
and Response",3869815.0,1970810.0,False,,"Public Health and
Sanitation","Disease Surveillance
and Response"
kajiado,2023_24,3,"Public Health and
Sanitation",Environmental Health,14251840.0,5610298.0,False,,"Public Health and
Sanitation",Environmental Health
kajiado,2023_24,3,"Environmental Manage-
ment and Public Health","Environmental Manage-
ment and Public Health",8255667.0,1574572.0,False,,"Environmental Manage-
ment and Public Health","Environmental Manage-
ment and Public Health"
kajiado,2023_24,3,"Environmental Manage-
ment and Public Health","Environmental Manage-
ment and Public Health",9466667.0,,False,,"Environmental Manage-
ment and Public Health","Environmental Manage-
ment and Public Health"
kajiado,2023_24,3,"Environmental Manage-
ment and Public Health","Environmental Manage-
ment and Public Health",9566666.0,6703600.0,False,,"Environmental Manage-
ment and Public Health","Environmental Manage-
ment and Public Health"
kakamega,2023_24,3,Department Health Services,,,,False,,Department Health Services,
kakamega,2023_24,3,401024810,"Community Health
Strategy",156800000.0,8262757.0,False,,401024810,"Community Health
Strategy"
kakamega,2023_24,3,401064810,"Maternal and
child healthcare
promotion",2900000.0,607980.0,False,,401064810,"Maternal and
child healthcare
promotion"
kakamega,2023_24,3,402014810,"Health Infrastruc-
ture Development",,,False,,402014810,"Health Infrastruc-
ture Development"
kakamega,2023_24,3,402024810,"Primary medical
health services",745675261.0,578719622.0,False,,402024810,"Primary medical
health services"
kakamega,2023_24,3,403034810,"Health Data and
Information Man-
agement",13854770.0,3204528.0,False,,403034810,"Health Data and
Information Man-
agement"
kericho,2023_24,3,DEPARTMENT: HEALTH SERVICES,,,,False,,DEPARTMENT: HEALTH SERVICES,
kericho,2023_24,3,Curative Health,"Administration and
Planning",1581600049.0,934841810.0,False,,Curative Health,"Administration and
Planning"
kericho,2023_24,3,Curative Health,"Hospital(curative)
Services",,,False,,Curative Health,"Hospital(curative)
Services"
kericho,2023_24,3,"Preventive and Promo-
tive Health","Preventive Medicine
and Promotive Health",1170865728.0,480437264.0,False,,"Preventive and Promo-
tive Health","Preventive Medicine
and Promotive Health"
kiambu,2023_24,3,Health Services,,,,False,,Health Services,
kiambu,2023_24,3,Health Services,Curative,1178623125.0,49360932.0,False,,Health Services,Curative
kiambu,2023_24,3,Health Services,Preventive and Promotive,983345000.0,324025454.0,False,,Health Services,Preventive and Promotive
kiambu,2023_24,3,Health Services,Pharmaceuticals,120000000.0,80862108.0,False,,Health Services,Pharmaceuticals
kiambu,2023_24,3,Health Services,"Administration And
Support",4822459295.0,4101612260.0,False,,Health Services,"Administration And
Support"
kilifi,2023_24,3,Health & Sanitation,,,,False,,Health & Sanitation,
kilifi,2023_24,3,County Health,Sub-programme,1179835850.0,1034078996.7,False,,County Health,Sub-programme
kirinyaga,2023_24,3,Medical Services and Public Health,,,,False,,Medical Services and Public Health,
kirinyaga,2023_24,3,"Curative and Rehabilita-
tive Services","040301 Curative and
Rehabilitative Services",2116489802.0,1266945196.0,False,,"Curative and Rehabilita-
tive Services","040301 Curative and
Rehabilitative Services"
kisumu,2023_24,3,Health promotion service,,45290823.0,28707033.75,False,,Health promotion service,
kisumu,2023_24,3,"Environmental health and
sanitation",,62621434.0,31043851.95,False,,"Environmental health and
sanitation",
kisumu,2023_24,3,"Medical Services, Public Health & Sanitation-5085",,,,False,,"Medical Services, Public Health & Sanitation-5085",
kisumu,2023_24,3,Reproductive Health,,1760000.0,119400.0,False,,Reproductive Health,
kisumu,2023_24,3,Human Resources for Health,,2728154740.0,2032595048.95,False,,Human Resources for Health,
kisumu,2023_24,3,Primary Healthcare Services,,39050398.0,38950466.0,False,,Primary Healthcare Services,
kisumu,2023_24,3,Health Promotive Services,,11132698.0,4594683.0,False,,Health Promotive Services,
kisumu,2023_24,3,"Jaramogi Oginga Odinga
Teaching and Referral
Hospital",,90000000.0,150000000.0,False,,"Jaramogi Oginga Odinga
Teaching and Referral
Hospital",
kisumu,2023_24,3,"Kisumu County Referral
Hospital",,42000000.0,42000000.0,False,,"Kisumu County Referral
Hospital",
kisumu,2023_24,3,"County and Sub-County
Hospital Services",,42000000.0,41922110.0,False,,"County and Sub-County
Hospital Services",
kitui,2023_24,3,Health & Sanitation,,,,False,,Health & Sanitation,
kitui,2023_24,3,"P2: Maternal and Child
Health",,959490136.0,133529219.0,False,,"P2: Maternal and Child
Health",
kitui,2023_24,3,"P3: Preventive & Promo-
tive Health Services",,2740657.0,856072313.0,False,,"P3: Preventive & Promo-
tive Health Services",
kitui,2023_24,3,"P4: Curative Health
Services",,1613321975.0,1233474604.0,False,,"P4: Curative Health
Services",
kwale,2023_24,3,Curative and Rehabilitative Health Services,,,,False,,Curative and Rehabilitative Health Services,
kwale,2023_24,3,402023060 Operational Rural Health Facilities,,,,False,,402023060 Operational Rural Health Facilities,
kwale,2023_24,3,402043060 Medical Health Drugs,,560719766.0,388785706.4,False,,402043060 Medical Health Drugs,
kwale,2023_24,3,405013060 Msambweni Hospital,,69806000.0,40261107.5,False,,405013060 Msambweni Hospital,
kwale,2023_24,3,406013060 Kinango Hospital,,35961700.0,21306212.0,False,,406013060 Kinango Hospital,
kwale,2023_24,3,407013060 Kwale Hospital,,36015000.0,18758869.0,False,,407013060 Kwale Hospital,
kwale,2023_24,3,409013060 Samburu Hospital,,22121500.0,9379606.0,False,,409013060 Samburu Hospital,
kwale,2023_24,3,410013060 Lunga lunga Hospital,,20702000.0,12870874.0,False,,410013060 Lunga lunga Hospital,
kwale,2023_24,3,Promotive and Preventive Health Services,,,,False,,Promotive and Preventive Health Services,
kwale,2023_24,3,401063060 Healthcare Waste Management,,4803000.0,,False,,401063060 Healthcare Waste Management,
kwale,2023_24,3,401013060 Community health strategy,,1600000.0,,False,,401013060 Community health strategy,
kwale,2023_24,3,401053060 Public health Hygiene,,5839657.0,1199700.0,False,,401053060 Public health Hygiene,
kwale,2023_24,3,408013060 Tiwi Rural Health Facility,,8074000.0,2279627.0,False,,408013060 Tiwi Rural Health Facility,
kwale,2023_24,3,412013060 Rural Health Facilities,,132094800.0,16166600.0,False,,412013060 Rural Health Facilities,
kwale,2023_24,3,413013060 Diani Health Centre,,2876500.0,227120.0,False,,413013060 Diani Health Centre,
laikipia,2023_24,3,Department: Health,,,,False,,Department: Health,
laikipia,2023_24,3,"Curative and rehabi-
litee health",401014510,40000000.0,23267630.0,False,,"Curative and rehabi-
litee health",401014510
laikipia,2023_24,3,"Curative and rehabi-
litee health",401034510,,,False,,"Curative and rehabi-
litee health",401034510
laikipia,2023_24,3,"Curative and rehabi-
litee health",401064510,239423000.0,172328356.0,False,,"Curative and rehabi-
litee health",401064510
laikipia,2023_24,3,"Preventive health
services",405044510,12000000.0,5953532.0,False,,"Preventive health
services",405044510
laikipia,2023_24,3,"Preventive health
services",405014510,2000000.0,961300.0,False,,"Preventive health
services",405014510
laikipia,2023_24,3,"Preventive health
services",405024510,2000000.0,434700.0,False,,"Preventive health
services",405024510
laikipia,2023_24,3,"Preventive health
services",405034510,9350000.0,7232791.0,False,,"Preventive health
services",405034510
laikipia,2023_24,3,"Preventive health
services",405064510,6000000.0,,False,,"Preventive health
services",405064510
laikipia,2023_24,3,"Preventive health
services",405054510,4000000.0,6240475.0,False,,"Preventive health
services",405054510
machakos,2023_24,3,"Co-ordination
and Supervisory
Services","Hospitality Services
Section",20973355.0,7723554.0,False,,"Co-ordination
and Supervisory
Services","Hospitality Services
Section"
machakos,2023_24,3,Health and Emergency Services,,,,False,,Health and Emergency Services,
machakos,2023_24,3,"Curative and
Rehabilitative
health",Machakos Level 5,177929588.0,140575199.0,False,,"Curative and
Rehabilitative
health",Machakos Level 5
machakos,2023_24,3,"Curative and
Rehabilitative
health",Kangundo Level 4,54100000.0,44220043.0,False,,"Curative and
Rehabilitative
health",Kangundo Level 4
machakos,2023_24,3,"Curative and
Rehabilitative
health",Matuu Level 4,43600000.0,37878110.0,False,,"Curative and
Rehabilitative
health",Matuu Level 4
machakos,2023_24,3,"Curative and
Rehabilitative
health",Kathiani Level 4,58600000.0,39669318.0,False,,"Curative and
Rehabilitative
health",Kathiani Level 4
machakos,2023_24,3,"Curative and
Rehabilitative
health",Mwala Level 4,43600000.0,40659173.0,False,,"Curative and
Rehabilitative
health",Mwala Level 4
machakos,2023_24,3,"Curative and
Rehabilitative
health",Kimiti Level 4,38600000.0,28112053.0,False,,"Curative and
Rehabilitative
health",Kimiti Level 4
machakos,2023_24,3,"Curative and
Rehabilitative
health",Masinga Level 4,40600000.0,31727922.0,False,,"Curative and
Rehabilitative
health",Masinga Level 4
machakos,2023_24,3,"Curative and
Rehabilitative
health",Athi River Level 4,30600000.0,24505778.0,False,,"Curative and
Rehabilitative
health",Athi River Level 4
machakos,2023_24,3,"Curative and
Rehabilitative
health",Mutituni Level 4,30600000.0,21168821.0,False,,"Curative and
Rehabilitative
health",Mutituni Level 4
machakos,2023_24,3,"Curative and
Rehabilitative
health",Ndithini Level 4,30600000.0,24494906.0,False,,"Curative and
Rehabilitative
health",Ndithini Level 4
machakos,2023_24,3,"Curative and
Rehabilitative
health",Kalama Level 4,30600000.0,26279971.0,False,,"Curative and
Rehabilitative
health",Kalama Level 4
machakos,2023_24,3,"Preventive and
promotive ser-
vices","Public Health
and Community
Outreach",170066838.0,110004449.0,False,,"Preventive and
promotive ser-
vices","Public Health
and Community
Outreach"
makueni,2023_24,3,Health Services,,,,False,,Health Services,
makueni,2023_24,3,"Programme 2: Curative health care
services",,,,False,,"Programme 2: Curative health care
services",
makueni,2023_24,3,SP2. 1 :Curative health care services,,295020000.0,160264194.0,False,,SP2. 1 :Curative health care services,
makueni,2023_24,3,"Programme 3; Preventive and promo-
tive health care services",,,,False,,"Programme 3; Preventive and promo-
tive health care services",
makueni,2023_24,3,"SP3. 1 Preventive and promotive health
care services",,129899000.0,62830805.0,False,,"SP3. 1 Preventive and promotive health
care services",
marsabit,2023_24,3,"1: General
Administra-
tion Support
Services","SP 1.2 Hospitality, Catering
services, donations and
gifts, boards, committees,
conferences and seminars",45074469.0,35294293.0,False,,"1: General
Administra-
tion Support
Services","SP 1.2 Hospitality, Catering
services, donations and
gifts, boards, committees,
conferences and seminars"
marsabit,2023_24,3,"Programme
3: County
Assembly In-
frastructure
Improvement","SP 3.20 Insurance cost for
group personal, building,
motor vehicle and medical
cover",34979999.0,34979999.0,False,,"Programme
3: County
Assembly In-
frastructure
Improvement","SP 3.20 Insurance cost for
group personal, building,
motor vehicle and medical
cover"
marsabit,2023_24,3,County Health Services,,,,False,,County Health Services,
marsabit,2023_24,3,"General Ad-
ministration,
Planning
and Support
Services","Health Infrastructure
development",,,False,,"General Ad-
ministration,
Planning
and Support
Services","Health Infrastructure
development"
meru,2023_24,3,HEALTH SERVICES,,,,False,,HEALTH SERVICES,
meru,2023_24,3,Curative Health,Curative Health,495079867.0,280004278.0,False,,Curative Health,Curative Health
meru,2023_24,3,"Preventive and Promotive
Health","Preventive and Pro-
motive Health",40451103.0,23489129.0,False,,"Preventive and Promotive
Health","Preventive and Pro-
motive Health"
mombasa,2023_24,3,Programme 1,"Protocol, Hospitality and
Communication",26000000.0,2803300.0,False,,Programme 1,"Protocol, Hospitality and
Communication"
mombasa,2023_24,3,HEALTH SERVICES,,,,False,,HEALTH SERVICES,
mombasa,2023_24,3,Programme 7,"Preventive and Promotive
Health services",69402768.0,3726171.0,False,,Programme 7,"Preventive and Promotive
Health services"
mombasa,2023_24,3,Programme 7,"Curative/Clinical Health
Services",118729822.0,29288713.0,False,,Programme 7,"Curative/Clinical Health
Services"
muranga,2023_24,3,Health and Sanitation,,,,False,,Health and Sanitation,
muranga,2023_24,3,"Alcohol
Program","402034010 Preventive
and Promotive Care",,,False,,"Alcohol
Program","402034010 Preventive
and Promotive Care"
muranga,2023_24,3,"Curative
Program","402054010 Free Prima-
ry HealthCare",832470000.0,390046583.0,False,,"Curative
Program","402054010 Free Prima-
ry HealthCare"
nairobi,2023_24,3,"Animal Health, Safety
and Quality Assurance","Animal Research, Diseases,
Pest Control & Quality
Assurance",8171991.0,1086825.0,False,,"Animal Health, Safety
and Quality Assurance","Animal Research, Diseases,
Pest Control & Quality
Assurance"
nairobi,2023_24,3,"R5332 Health, Wellness and Nutrition",,,,False,,"R5332 Health, Wellness and Nutrition",
nairobi,2023_24,3,"R5332 Health, Wellness and Nutrition",,,,False,,"R5332 Health, Wellness and Nutrition",
nairobi,2023_24,3,Public Health,"HIV/AIDS Prevention &
Control Unit",1000000.0,98400.0,False,,Public Health,"HIV/AIDS Prevention &
Control Unit"
nairobi,2023_24,3,Public Health,TB Control,900000.0,127500.0,False,,Public Health,TB Control
nairobi,2023_24,3,Public Health,"Malaria Control & Other
Communicable Diseases",900000.0,,False,,Public Health,"Malaria Control & Other
Communicable Diseases"
nairobi,2023_24,3,Public Health,Environmental / Public Health,10000000.0,657800.0,False,,Public Health,Environmental / Public Health
nairobi,2023_24,3,Public Health,Health policy and Regulation,10000000.0,1967000.0,False,,Public Health,Health policy and Regulation
nairobi,2023_24,3,Public Health,Coroner Services Unit,15000000.0,,False,,Public Health,Coroner Services Unit
nairobi,2023_24,3,Public Health,"Nairobi County Public Health
Emergency Response",7200000.0,,False,,Public Health,"Nairobi County Public Health
Emergency Response"
nairobi,2023_24,3,Health Facilities,County Referral Hospitals,,,False,,Health Facilities,County Referral Hospitals
nairobi,2023_24,3,Health Facilities,Mbagathi District Hospital,5000000.0,,False,,Health Facilities,Mbagathi District Hospital
nairobi,2023_24,3,Health Facilities,Pumwani Maternity Hospital,6800000.0,,False,,Health Facilities,Pumwani Maternity Hospital
nairobi,2023_24,3,Health Facilities,Mama Lucy Hospital,6000000.0,,False,,Health Facilities,Mama Lucy Hospital
nairobi,2023_24,3,Health Facilities,"Mama Margaret Uhuru
Kenyatta Hospital",5000000.0,,False,,Health Facilities,"Mama Margaret Uhuru
Kenyatta Hospital"
nairobi,2023_24,3,Health Facilities,Mutuini Hospital,2200000.0,,False,,Health Facilities,Mutuini Hospital
nairobi,2023_24,3,Health Facilities,Health planning and financing,31165000.0,206400.0,False,,Health Facilities,Health planning and financing
nairobi,2023_24,3,Health Facilities,"Health Centres & Dispen-
saries",72228250.0,53493648.0,False,,Health Facilities,"Health Centres & Dispen-
saries"
nairobi,2023_24,3,Health Facilities,Pumwani School of Nursing,5655000.0,,False,,Health Facilities,Pumwani School of Nursing
nairobi,2023_24,3,Health Facilities,Health Commodities,400000000.0,,False,,Health Facilities,Health Commodities
nairobi,2023_24,3,Medical Services,Primary Health Care,22635000.0,1910800.0,False,,Medical Services,Primary Health Care
nairobi,2023_24,3,Medical Services,Nairobi Medical Insurance,50000000.0,,False,,Medical Services,Nairobi Medical Insurance
nairobi,2023_24,3,Medical Services,"Reproductive Health & Ma-
ternal Health (RMNCAH)",7765000.0,335400.0,False,,Medical Services,"Reproductive Health & Ma-
ternal Health (RMNCAH)"
nairobi,2023_24,3,Medical Services,Clinical Services,,,False,,Medical Services,Clinical Services
nairobi,2023_24,3,Medical Services,Clinical Services,5700000.0,1515400.0,False,,Medical Services,Clinical Services
nairobi,2023_24,3,Medical Services,Non-communicable diseases,4900000.0,,False,,Medical Services,Non-communicable diseases
nairobi,2023_24,3,Medical Services,"Research, Quality assurance
& standards unit",4000000.0,,False,,Medical Services,"Research, Quality assurance
& standards unit"
nairobi,2023_24,3,"Administration/Human
Resource for Health","Administration/Human
Resource for Health",6376005086.0,5030095851.0,False,,"Administration/Human
Resource for Health","Administration/Human
Resource for Health"
nakuru,2023_24,3,DEPARTMENT OF HEALTH SERVICES,,,,False,,DEPARTMENT OF HEALTH SERVICES,
nakuru,2023_24,3,"Programme 1
administration and
planning",SP 1.1 Health information systems,21379000.0,,False,,"Programme 1
administration and
planning",SP 1.1 Health information systems
nakuru,2023_24,3,"Programme 1
administration and
planning",SP 1.5 Health infrastructure and development,12650000.0,,False,,"Programme 1
administration and
planning",SP 1.5 Health infrastructure and development
nakuru,2023_24,3,"Programme 2 health
preventive and pro-
motive services",SP 2.1 Primary Healthcare,15117207.0,,False,,"Programme 2 health
preventive and pro-
motive services",SP 2.1 Primary Healthcare
nakuru,2023_24,3,"Programme 2 health
preventive and pro-
motive services",SP 2.2 environmental health and sanitation,2000000.0,,False,,"Programme 2 health
preventive and pro-
motive services",SP 2.2 environmental health and sanitation
nakuru,2023_24,3,"Programme 2 health
preventive and pro-
motive services",SP 2.3 Human resource,19049940.0,1079253.0,False,,"Programme 2 health
preventive and pro-
motive services",SP 2.3 Human resource
nakuru,2023_24,3,"Programme 2 health
preventive and pro-
motive services","SP 2.4 Disease surveillance and emergency
response",1997550.0,,False,,"Programme 2 health
preventive and pro-
motive services","SP 2.4 Disease surveillance and emergency
response"
nakuru,2023_24,3,"Programme 2 health
preventive and pro-
motive services",SP 2.5 Health promotive,1000000.0,,False,,"Programme 2 health
preventive and pro-
motive services",SP 2.5 Health promotive
nakuru,2023_24,3,"Programme 2 health
preventive and pro-
motive services",SP 2.6 HIV programme,2000000.0,189600.0,False,,"Programme 2 health
preventive and pro-
motive services",SP 2.6 HIV programme
nakuru,2023_24,3,"Programme 2 health
preventive and pro-
motive services",SP 2.7 Nutrition,10629350.0,,False,,"Programme 2 health
preventive and pro-
motive services",SP 2.7 Nutrition
nakuru,2023_24,3,"Programme 2 health
preventive and pro-
motive services",SP 2.8 Reproductive health,1250000.0,,False,,"Programme 2 health
preventive and pro-
motive services",SP 2.8 Reproductive health
nakuru,2023_24,3,"Programme 2 health
preventive and pro-
motive services",SP 2.9 immunisation,1596425.0,1224962.0,False,,"Programme 2 health
preventive and pro-
motive services",SP 2.9 immunisation
nakuru,2023_24,3,"Programme 3
Health curative
and rehabilitative
services","SP 3.1 Provision of essential health services
in all",1285035576.0,1249978189.0,False,,"Programme 3
Health curative
and rehabilitative
services","SP 3.1 Provision of essential health services
in all"
nakuru,2023_24,3,"Programme 3
Health curative
and rehabilitative
services","SP 3.2 Elimination of communicable and
non-communicable diseases",2200000.0,,False,,"Programme 3
Health curative
and rehabilitative
services","SP 3.2 Elimination of communicable and
non-communicable diseases"
nakuru,2023_24,3,"Programme 3
Health curative
and rehabilitative
services",SP 3.3 Human resource,316760037.0,316760037.0,False,,"Programme 3
Health curative
and rehabilitative
services",SP 3.3 Human resource
nyamira,2023_24,3,Department of Health Services,,,,False,,Department of Health Services,
nyamira,2023_24,3,"Programme 2: Curative
Health Services",,263455000.0,,False,,"Programme 2: Curative
Health Services",
nyamira,2023_24,3,"Programme 2: Curative
Health Services",S.P. 1. Medical services,261000000.0,,False,,"Programme 2: Curative
Health Services",S.P. 1. Medical services
nyamira,2023_24,3,"Programme 2: Curative
Health Services","S.P. 2. Facility infrastructural
services",2455000.0,,False,,"Programme 2: Curative
Health Services","S.P. 2. Facility infrastructural
services"
nyamira,2023_24,3,"Programme 4: Livestock
development & pro-
motion","S.P. 2. Animal health disease
& mgt.",3500000.0,,False,,"Programme 4: Livestock
development & pro-
motion","S.P. 2. Animal health disease
& mgt."
nyandarua,2023_24,3,"Human Resource
Management","Human Resource
Management (Includ-
ing employee gratuity,
pension and medical
insurance)",322710311.0,145209099.0,False,,"Human Resource
Management","Human Resource
Management (Includ-
ing employee gratuity,
pension and medical
insurance)"
nyandarua,2023_24,3,Health Services,,,,False,,Health Services,
nyandarua,2023_24,3,"Preventive
and Promotive
Services","Preventive and Pro-
motive Services",33030000.0,24386608.0,False,,"Preventive
and Promotive
Services","Preventive and Pro-
motive Services"
nyandarua,2023_24,3,"Preventive
and Promotive
Services",,,,False,,"Preventive
and Promotive
Services",
nyandarua,2023_24,3,Curative Services,Curative Services,279538700.0,106079317.0,False,,Curative Services,Curative Services
nyandarua,2023_24,3,Curative Services,"Universal health care
and grants",102820000.0,84255034.0,False,,Curative Services,"Universal health care
and grants"
nyeri,2023_24,3,Health Services,,,,False,,Health Services,
nyeri,2023_24,3,Health Services,Health Services,30354638.0,,False,,Health Services,Health Services
nyeri,2023_24,3,Health Services,Community Health,3489200.0,2718143.0,False,,Health Services,Community Health
nyeri,2023_24,3,Health Services,,2432559731.0,1895023672.0,False,,Health Services,
samburu,2023_24,3,"Medical Services, Public
Health & Sanitation",,,,False,,"Medical Services, Public
Health & Sanitation",
samburu,2023_24,3,"Medical Services, Public
Health & Sanitation","General Administration Plan-
ning and Support Services",,,False,,"Medical Services, Public
Health & Sanitation","General Administration Plan-
ning and Support Services"
samburu,2023_24,3,"Administration, Planning
and Support Services","Preventive and Promotive
Health Services",,,False,,"Administration, Planning
and Support Services","Preventive and Promotive
Health Services"
samburu,2023_24,3,"Non-communicable Disease
& Prevention Control",Maternal Health Services,32518515.0,30703776.25,False,,"Non-communicable Disease
& Prevention Control",Maternal Health Services
samburu,2023_24,3,"Non-communicable Disease
& Prevention Control",Health Promotive Services,84029736.0,77714430.2,False,,"Non-communicable Disease
& Prevention Control",Health Promotive Services
samburu,2023_24,3,"Non-communicable Disease
& Prevention Control",Health curative Services,129865432.0,118696309.25,False,,"Non-communicable Disease
& Prevention Control",Health curative Services
samburu,2023_24,3,County Referral Services,Free Primary Healthcare,647659473.0,397577181.7,False,,County Referral Services,Free Primary Healthcare
samburu,2023_24,3,County Referral Services,"Provision Of Essential Health
Services in all the Levels",150675046.0,130919364.7,False,,County Referral Services,"Provision Of Essential Health
Services in all the Levels"
samburu,2023_24,3,"Health Standards and Qual-
ity Assurance Services","Health Standards and Quality
Assurance Services",241603979.0,152265439.2,False,,"Health Standards and Qual-
ity Assurance Services","Health Standards and Quality
Assurance Services"
samburu,2023_24,3,"Health Standards and Qual-
ity Assurance Services",Research And Development,76834490.0,48972409.7,False,,"Health Standards and Qual-
ity Assurance Services",Research And Development
samburu,2023_24,3,"Health Standards and Qual-
ity Assurance Services","Health Infrastructure devel-
opment",9056172.0,6119731.65,False,,"Health Standards and Qual-
ity Assurance Services","Health Infrastructure devel-
opment"
samburu,2023_24,3,"Health Standards and Qual-
ity Assurance Services",Human Resources for health,9973576.0,8099001.25,False,,"Health Standards and Qual-
ity Assurance Services",Human Resources for health
samburu,2023_24,3,"Health Standards and Qual-
ity Assurance Services","Health Policy, Planning &
Financing",101473482.0,44733661.9,False,,"Health Standards and Qual-
ity Assurance Services","Health Policy, Planning &
Financing"
samburu,2023_24,3,"Health Standards and Qual-
ity Assurance Services",,44266259.0,44340634.7,False,,"Health Standards and Qual-
ity Assurance Services",
siaya,2023_24,3,County Health Services,,,,False,,County Health Services,
siaya,2023_24,3,"Curative Healthcare
Services","Curative Healthcare
Services",188193825.0,151674732.3,False,,"Curative Healthcare
Services","Curative Healthcare
Services"
siaya,2023_24,3,"Curative Healthcare
Services",,,,False,,"Curative Healthcare
Services",
siaya,2023_24,3,"Preventive, Promo-
tive and Rehabilita-
tive Health Services","Preventive, Promotive
Health Services",101076175.0,79549515.0,False,,"Preventive, Promo-
tive and Rehabilita-
tive Health Services","Preventive, Promotive
Health Services"
siaya,2023_24,3,"Environmental
Health Services","Environmental Health
Services",50158116.0,,False,,"Environmental
Health Services","Environmental Health
Services"
taita,2023_24,3,3267000500.0,Public Health and Sanitation,5000000.0,,False,,3267000500.0,Public Health and Sanitation
taita,2023_24,3,3267000600.0,Promotion of primary healthcare,19719480.0,23997530.0,False,,3267000600.0,Promotion of primary healthcare
taita,2023_24,3,3269000100.0,Health Development Programme,210338500.0,49930880.0,False,,3269000100.0,Health Development Programme
taita,2023_24,3,3269000200.0,West Hospital,9308059.0,5412671.0,False,,3269000200.0,West Hospital
taita,2023_24,3,3269000300.0,Moi Referral Hospital,75195434.0,36040241.0,False,,3269000300.0,Moi Referral Hospital
taita,2023_24,3,3269000400.0,Mwatate Hospital,,,False,,3269000400.0,Mwatate Hospital
taita,2023_24,3,3269001100.0,Health Development Programme,,,False,,3269001100.0,Health Development Programme
tana,2023_24,3,Veterinary Services,"Veterinary Public
Health/Abattoirs",1118500.0,395700.0,False,,Veterinary Services,"Veterinary Public
Health/Abattoirs"
tana,2023_24,3,Health and Sanitation,,,,False,,Health and Sanitation,
tana,2023_24,3,"Curative and Reha-
bilitative",Medical Supplies,160650000.0,77515258.95,False,,"Curative and Reha-
bilitative",Medical Supplies
tana,2023_24,3,"Curative and Reha-
bilitative",Medical Services,33200000.0,24110495.0,False,,"Curative and Reha-
bilitative",Medical Services
tana,2023_24,3,"Curative and Reha-
bilitative",Ambulance services,10700000.0,7022890.0,False,,"Curative and Reha-
bilitative",Ambulance services
tana,2023_24,3,"Preventive and
Promotive","Preventive and
Promotive",17050041.0,13789656.8,False,,"Preventive and
Promotive","Preventive and
Promotive"
tana,2023_24,3,"Preventive and
Promotive",Mobile clinics,5800000.0,4870664.4,False,,"Preventive and
Promotive",Mobile clinics
tana,2023_24,3,"Preventive and
Promotive","Licensing and control
of undertaking",9045859.0,8409902.0,False,,"Preventive and
Promotive","Licensing and control
of undertaking"
tharaka,2023_24,3,3613 Medical Services,,,,False,,3613 Medical Services,
tharaka,2023_24,3,"P: Curative and Reha-
bilitative Services",SP: Primary Healthcare,,,False,,"P: Curative and Reha-
bilitative Services",SP: Primary Healthcare
tharaka,2023_24,3,"P: Curative and Reha-
bilitative Services",SP: Medical Supplies,152139134.0,23646152.0,False,,"P: Curative and Reha-
bilitative Services",SP: Medical Supplies
tharaka,2023_24,3,"P: Curative and Reha-
bilitative Services",SP: Laboratory Services,36400000.0,,False,,"P: Curative and Reha-
bilitative Services",SP: Laboratory Services
tharaka,2023_24,3,3625 Public Health and Sanitation,,,,False,,3625 Public Health and Sanitation,
tharaka,2023_24,3,"P: Preventive and
Promotive Health
Services","SP: Health Promotion
and Disease Control",253205400.0,202869737.0,False,,"P: Preventive and
Promotive Health
Services","SP: Health Promotion
and Disease Control"
tharaka,2023_24,3,"P: Preventive and
Promotive Health
Services","SP: Environmental
Health services",63347000.0,6112367.0,False,,"P: Preventive and
Promotive Health
Services","SP: Environmental
Health services"
trans,2023_24,3,Health Corporate,,2054239334.0,1473829025.1,False,,Health Corporate,
trans,2023_24,3,"Administrative and
Support Services","Preventive Health
Services",,,False,,"Administrative and
Support Services","Preventive Health
Services"
turkana,2023_24,3,Health and Sanitation Services,,,,False,,Health and Sanitation Services,
turkana,2023_24,3,"General Administra-
tion, Planning and
support services",Health Facilities,83013324.0,,False,,"General Administra-
tion, Planning and
support services",Health Facilities
turkana,2023_24,3,"Support to Health
Programs","HIV and AIDS including commu-
nity-based HIV interventions",500000.0,,False,,"Support to Health
Programs","HIV and AIDS including commu-
nity-based HIV interventions"
turkana,2023_24,3,"Support to Health
Programs",TB and Leprosy,500000.0,494200.0,False,,"Support to Health
Programs",TB and Leprosy
turkana,2023_24,3,"Support to Health
Programs",Malaria,300000.0,,False,,"Support to Health
Programs",Malaria
turkana,2023_24,3,"Support to Health
Programs",NTDs (neglected tropical diseases),600000.0,596400.0,False,,"Support to Health
Programs",NTDs (neglected tropical diseases)
turkana,2023_24,3,"Support to Health
Programs",Nutrition,600000.0,44100.0,False,,"Support to Health
Programs",Nutrition
turkana,2023_24,3,"Support to Health
Programs",Reproductive health,1000000.0,,False,,"Support to Health
Programs",Reproductive health
turkana,2023_24,3,"Support to Health
Programs",Disease surveillance,400000.0,,False,,"Support to Health
Programs",Disease surveillance
turkana,2023_24,3,"Support to Health
Programs",EPI/outreaches,200000.0,,False,,"Support to Health
Programs",EPI/outreaches
turkana,2023_24,3,"Support to Health
Programs",Community Health Services,81000000.0,68745000.0,False,,"Support to Health
Programs",Community Health Services
turkana,2023_24,3,"Support to Health
Programs",Environmental health services,1000000.0,490400.0,False,,"Support to Health
Programs",Environmental health services
turkana,2023_24,3,"Support to Health
Programs","Emergency preparedness and
disaster response",800000.0,400000.0,False,,"Support to Health
Programs","Emergency preparedness and
disaster response"
turkana,2023_24,3,"Support to Health
Programs",,,,False,,"Support to Health
Programs",
turkana,2023_24,3,"Support to Health
Programs",,,,False,,"Support to Health
Programs",
turkana,2023_24,3,"Support to Health
Programs",Mainstreaming,900000.0,,False,,"Support to Health
Programs",Mainstreaming
turkana,2023_24,3,"Support to Health
Programs",Rural Health Facility Support,45634941.0,,False,,"Support to Health
Programs",Rural Health Facility Support
turkana,2023_24,3,Laboratory Services,"Sub county Health Facilities
Support",30000000.0,14150470.0,False,,Laboratory Services,"Sub county Health Facilities
Support"
turkana,2023_24,3,Laboratory Services,Turkana Level 6 Hospital,119700000.0,464500.0,False,,Laboratory Services,Turkana Level 6 Hospital
turkana,2023_24,3,Laboratory Services,Medical Supplies,246000000.0,187756244.0,False,,Laboratory Services,Medical Supplies
turkana,2023_24,3,"Health Information
and Management","Health Information and Manage-
ment",900000.0,,False,,"Health Information
and Management","Health Information and Manage-
ment"
turkana,2023_24,3,"Health Information
and Management",Quality Assurance,500000.0,74500.0,False,,"Health Information
and Management",Quality Assurance
turkana,2023_24,3,"Health Information
and Management",Electronic Medical Records,3800000.0,300000.0,False,,"Health Information
and Management",Electronic Medical Records
turkana,2023_24,3,"Health Information
and Management",Monitoring & Evaluation Health,800000.0,98000.0,False,,"Health Information
and Management",Monitoring & Evaluation Health
turkana,2023_24,3,"Health Information
and Management",Liquor Licensing,7700000.0,2309300.0,False,,"Health Information
and Management",Liquor Licensing
turkana,2023_24,3,"Health Information
and Management",Training & Capacity Building,600000.0,,False,,"Health Information
and Management",Training & Capacity Building
vihiga,2023_24,3,"Promotive and Preven-
tive Healthcare Services",,71771528.0,55089028.0,False,,"Promotive and Preven-
tive Healthcare Services",
vihiga,2023_24,3,"Promotive and Preven-
tive Healthcare Services","Public Health
Services",550000.0,,False,,"Promotive and Preven-
tive Healthcare Services","Public Health
Services"
vihiga,2023_24,3,"Promotive and Preven-
tive Healthcare Services","Community Health
Strategy",52126000.0,49777998.0,False,,"Promotive and Preven-
tive Healthcare Services","Community Health
Strategy"
vihiga,2023_24,3,"Promotive and Preven-
tive Healthcare Services","Reproductive
Healthcare",18579528.0,5311030.0,False,,"Promotive and Preven-
tive Healthcare Services","Reproductive
Healthcare"
vihiga,2023_24,3,"Promotive and Preven-
tive Healthcare Services","Disease Surveillance
and Emergency",516000.0,,False,,"Promotive and Preven-
tive Healthcare Services","Disease Surveillance
and Emergency"
vihiga,2023_24,3,"Curative and Rehabilita-
tive Health Services",,136838127.0,107255679.0,False,,"Curative and Rehabilita-
tive Health Services",
vihiga,2023_24,3,"Curative and Rehabilita-
tive Health Services",Medical services,42034127.0,37837567.0,False,,"Curative and Rehabilita-
tive Health Services",Medical services
vihiga,2023_24,3,"Curative and Rehabilita-
tive Health Services","County referral
services",,,False,,"Curative and Rehabilita-
tive Health Services","County referral
services"
vihiga,2023_24,3,"Curative and Rehabilita-
tive Health Services","Drugs and Other
Medical Supplies",94804000.0,69418112.0,False,,"Curative and Rehabilita-
tive Health Services","Drugs and Other
Medical Supplies"
vihiga,2023_24,3,"Child and Maternal
Health Care",,5038581.0,2256000.0,False,,"Child and Maternal
Health Care",
vihiga,2023_24,3,"Child and Maternal
Health Care",Nutrition Services,5038581.0,2256000.0,False,,"Child and Maternal
Health Care",Nutrition Services
baringo,2023_24,4,19,"Installation of LAN at
Mogotio and Marigat
sub-county hospital",,,False,,19,"Installation of LAN at
Mogotio and Marigat
sub-county hospital"
baringo,2023_24,4,19,"Redesign of County
website to include online
recruitment, tourism,
Town and hospital portals",,,False,,19,"Redesign of County
website to include online
recruitment, tourism,
Town and hospital portals"
baringo,2023_24,4,"County Health
Services",General Administration,508042758.0,502261436.0,False,,"County Health
Services",General Administration
baringo,2023_24,4,"Curative and
Rehabilitative
Services","Infrastructure
development",,,False,,"Curative and
Rehabilitative
Services","Infrastructure
development"
baringo,2023_24,4,"Preventive
and Promotive
Health Services","Infrastructure
development",,,False,,"Preventive
and Promotive
Health Services","Infrastructure
development"
baringo,2023_24,4,"Preventive
and Promotive
Health Services","Health/preventive
services",,,False,,"Preventive
and Promotive
Health Services","Health/preventive
services"
baringo,2023_24,4,"Preventive
and Promotive
Health Services",Medical Drugs,,,False,,"Preventive
and Promotive
Health Services",Medical Drugs
baringo,2023_24,4,"Promotion
of primary
healthcare",General administration,,,False,,"Promotion
of primary
healthcare",General administration
bungoma,2023_24,4,Health and Sanitation,,,,False,,Health and Sanitation,
bungoma,2023_24,4,"SP 1. 1 Health Administrative
and Support Services",,147416175.0,30268006.0,False,,"SP 1. 1 Health Administrative
and Support Services",
bungoma,2023_24,4,SP 1. 3 Health Policy,,4000000.0,,False,,SP 1. 3 Health Policy,
bungoma,2023_24,4,"Programme 2: Preventive and
Promotive",,657537096.0,102932413.0,False,,"Programme 2: Preventive and
Promotive",
bungoma,2023_24,4,"SP 2.2 Community Health
Strategy",,5600000.0,,False,,"SP 2.2 Community Health
Strategy",
bungoma,2023_24,4,SP 2.3 Health Promotion,,3000000.0,,False,,SP 2.3 Health Promotion,
bungoma,2023_24,4,"SP 2.6 Reproductive, Maternal,
Newborn, Child, and
Adolescent Health",,15000000.0,,False,,"SP 2.6 Reproductive, Maternal,
Newborn, Child, and
Adolescent Health",
bungoma,2023_24,4,"SP 2.7 Public Health and
Sanitation",,8000916.0,3422480.0,False,,"SP 2.7 Public Health and
Sanitation",
bungoma,2023_24,4,"Programme 3: Curative
Health Services",,136949177.0,44232997.0,False,,"Programme 3: Curative
Health Services",
bungoma,2023_24,4,"SP3. 1 Routine Medical
Services",,95171405.0,,False,,"SP3. 1 Routine Medical
Services",
bungoma,2023_24,4,Health Management System,,,,False,,Health Management System,
bungoma,2023_24,4,Sp1.7:Medical Insurance,,250000000.0,100452034.0,False,,Sp1.7:Medical Insurance,
busia,2023_24,4,Department of Health Services.,,,,False,,Department of Health Services.,
busia,2023_24,4,Programme 3.,"SP 1. Referral health
services",,,False,,Programme 3.,"SP 1. Referral health
services"
busia,2023_24,4,Programme 6.,"SP 9. Lower-level
hospital equipment",,,False,,Programme 6.,"SP 9. Lower-level
hospital equipment"
elgeyo,2023_24,4,"General
administration
and support
services","Community and
Environmental Health",5585000.0,5583600.0,False,,"General
administration
and support
services","Community and
Environmental Health"
elgeyo,2023_24,4,"General
administration
and support
services",Health Services,,,False,,"General
administration
and support
services",Health Services
embu,2023_24,4,HEALTH,,,,False,,HEALTH,
embu,2023_24,4,"Curative Health
Services",Primary Healthcare,1099682962.0,1065426505.0,False,,"Curative Health
Services",Primary Healthcare
embu,2023_24,4,"Preventive and
Promotive Health
Services","Health Promotion and
Disease Control",454242522.0,440092317.0,False,,"Preventive and
Promotive Health
Services","Health Promotion and
Disease Control"
embu,2023_24,4,EMBU LEVEL 5 HOSPITAL,,,,False,,EMBU LEVEL 5 HOSPITAL,
embu,2023_24,4,"Curative Health
Services",Primary Healthcare,152020646.0,150466305.0,False,,"Curative Health
Services",Primary Healthcare
embu,2023_24,4,"Preventive and
Promotive Health
Services","Health Promotion and
Disease Control",41761037.0,41334050.0,False,,"Preventive and
Promotive Health
Services","Health Promotion and
Disease Control"
garissa,2023_24,4,Department of Health and Sanitation,,,,False,,Department of Health and Sanitation,
garissa,2023_24,4,"CP 2: Preventive and
Promotive Health",CSP 2.1: Level Five Hospital,180000000.0,,False,,"CP 2: Preventive and
Promotive Health",CSP 2.1: Level Five Hospital
garissa,2023_24,4,"CP 2: Preventive and
Promotive Health",CSP 2.2: Sub Counties,162510500.0,,False,,"CP 2: Preventive and
Promotive Health",CSP 2.2: Sub Counties
homa,2023_24,4,"Livestock Development
Programme","Livestock Health and Disease
Management",5432625.0,,False,,"Livestock Development
Programme","Livestock Health and Disease
Management"
homa,2023_24,4,Department of Public Health and Medical Services,,,,False,,Department of Public Health and Medical Services,
homa,2023_24,4,"Preventive and promotive
health services",Community health services,148680000.0,116366299.0,False,,"Preventive and promotive
health services",Community health services
homa,2023_24,4,"Preventive and promotive
health services",Disease control services,9600000.0,9600000.0,False,,"Preventive and promotive
health services",Disease control services
homa,2023_24,4,"Preventive and promotive
health services","infrastructure improvement
services",59500000.0,37300081.0,False,,"Preventive and promotive
health services","infrastructure improvement
services"
homa,2023_24,4,"Curative and rehabilitative
health services",Routine medical health services,259901523.0,214523946.0,False,,"Curative and rehabilitative
health services",Routine medical health services
homa,2023_24,4,"Curative and rehabilitative
health services","Medical emergency response
services",32771360.0,25411401.0,False,,"Curative and rehabilitative
health services","Medical emergency response
services"
homa,2023_24,4,"Curative and rehabilitative
health services","Facility infrastructure
improvement services",116705663.0,112059183.0,False,,"Curative and rehabilitative
health services","Facility infrastructure
improvement services"
isiolo,2023_24,4,Value Addition,Veterinary Public Health Services,4075000.0,1262400.0,False,,Value Addition,Veterinary Public Health Services
kajiado,2023_24,4,Department of Medical Service and Public Health,,,,False,,Department of Medical Service and Public Health,
kajiado,2023_24,4,"Curative and
Rehabilitative",Hospital Service,7264200.0,5765500.0,False,,"Curative and
Rehabilitative",Hospital Service
kajiado,2023_24,4,"Curative and
Rehabilitative","Health Products and
Technologies",335872533.0,358816071.0,False,,"Curative and
Rehabilitative","Health Products and
Technologies"
kajiado,2023_24,4,"Curative and
Rehabilitative","Emergency
Responses",6529000.0,3661485.0,False,,"Curative and
Rehabilitative","Emergency
Responses"
kajiado,2023_24,4,"Public Health and
Sanitation","Reproductive
Maternal",32617507.0,32746585.0,False,,"Public Health and
Sanitation","Reproductive
Maternal"
kajiado,2023_24,4,"Public Health and
Sanitation","Communicable and
Non-Communicable
disease",4990642.0,,False,,"Public Health and
Sanitation","Communicable and
Non-Communicable
disease"
kajiado,2023_24,4,"Public Health and
Sanitation",Primary Health Care,64874115.0,28744263.0,False,,"Public Health and
Sanitation",Primary Health Care
kajiado,2023_24,4,"Public Health and
Sanitation","Disease Surveillance
and Response",3869815.0,,False,,"Public Health and
Sanitation","Disease Surveillance
and Response"
kajiado,2023_24,4,"Public Health and
Sanitation","Environmental
Health",14251840.0,,False,,"Public Health and
Sanitation","Environmental
Health"
kajiado,2023_24,4,"Environmental
Management and
Public Health","Environmental
Management and
Public Health",10255667.0,10984571.0,False,,"Environmental
Management and
Public Health","Environmental
Management and
Public Health"
kajiado,2023_24,4,"Environmental
Management and
Public Health","Environmental
Management and
Public Health",11466667.0,12360376.0,False,,"Environmental
Management and
Public Health","Environmental
Management and
Public Health"
kajiado,2023_24,4,"Environmental
Management and
Public Health","Environmental
Management and
Public Health",11566666.0,10733110.0,False,,"Environmental
Management and
Public Health","Environmental
Management and
Public Health"
kericho,2023_24,4,DEPARTMENT: HEALTH SERVICES,,,,False,,DEPARTMENT: HEALTH SERVICES,
kericho,2023_24,4,Curative Health,"Administration and
Planning",1432724329.0,1217150133.0,False,,Curative Health,"Administration and
Planning"
kericho,2023_24,4,Curative Health,"Hospital(curative)
Services",,,False,,Curative Health,"Hospital(curative)
Services"
kericho,2023_24,4,"Preventive and
Promotive Health","Preventive Medicine
and Promotive Health",1167486046.0,1056648958.0,False,,"Preventive and
Promotive Health","Preventive Medicine
and Promotive Health"
kericho,2023_24,4,"Preventive and
Promotive Health",,2600210375.0,2273799091.0,False,,"Preventive and
Promotive Health",
kericho,2023_24,4,"Preventive and
Promotive Health",,,,False,,"Preventive and
Promotive Health",
kiambu,2023_24,4,Health Services,,,,False,,Health Services,
kiambu,2023_24,4,Health Services,Curative,1697000000.0,1262858711.0,False,,Health Services,Curative
kiambu,2023_24,4,Health Services,Preventive and Promotive,783345000.0,521490395.0,False,,Health Services,Preventive and Promotive
kiambu,2023_24,4,Health Services,Pharmaceuticals,120000000.0,68972433.0,False,,Health Services,Pharmaceuticals
kiambu,2023_24,4,Health Services,Administration and support,4934051296.0,4804603365.0,False,,Health Services,Administration and support
kilifi,2023_24,4,Department of Health Services,,,,False,,Department of Health Services,
kirinyaga,2023_24,4,Medical Services and Public Health,,,,False,,Medical Services and Public Health,
kirinyaga,2023_24,4,"Curative and
Rehabilitative
Services","040301 Curative
and Rehabilitative
Services",2116489802.0,2110738866.0,False,,"Curative and
Rehabilitative
Services","040301 Curative
and Rehabilitative
Services"
kisii,2023_24,4,"County Health
Services",Medical Services,3271384873.0,3066635953.0,False,,"County Health
Services",Medical Services
kisii,2023_24,4,"County Health
Services",Public Health,54530000.0,,False,,"County Health
Services",Public Health
kisumu,2023_24,4,"Medical Services, Public Health and Sanitation",,,,False,,"Medical Services, Public Health and Sanitation",
kisumu,2023_24,4,"Jaramogi Oginga
Odinga Teaching and
Referral Hospital","Jaramogi Oginga
Odinga Teaching and
Referral Hospital",,,False,,"Jaramogi Oginga
Odinga Teaching and
Referral Hospital","Jaramogi Oginga
Odinga Teaching and
Referral Hospital"
kisumu,2023_24,4,"Medical and Bio-
Medical Services","County and Sub-
County Hospital
Services",,,False,,"Medical and Bio-
Medical Services","County and Sub-
County Hospital
Services"
kisumu,2023_24,4,"Preventive and
Promotive Health
Services","Environmental Health
and Sanitation",62621434.0,61081449.2,False,,"Preventive and
Promotive Health
Services","Environmental Health
and Sanitation"
kisumu,2023_24,4,"Preventive and
Promotive Health
Services",Disease Surveillance,600000.0,513500.0,False,,"Preventive and
Promotive Health
Services",Disease Surveillance
kisumu,2023_24,4,"Preventive and
Promotive Health
Services","Health Promotion
Service",45290823.0,38380006.3,False,,"Preventive and
Promotive Health
Services","Health Promotion
Service"
kisumu,2023_24,4,"Preventive and
Promotive Health
Services",,,,False,,"Preventive and
Promotive Health
Services",
kisumu,2023_24,4,"Preventive and
Promotive Health
Services",,,,False,,"Preventive and
Promotive Health
Services",
kisumu,2023_24,4,"Health Curative
Services",Essential Service,360000.0,158000.0,False,,"Health Curative
Services",Essential Service
kisumu,2023_24,4,"Health Curative
Services","Elimination of
Communicable and
non-communicable
Disease",360000.0,203700.0,False,,"Health Curative
Services","Elimination of
Communicable and
non-communicable
Disease"
kisumu,2023_24,4,"Health Curative
Services",Reproductive Health,1730000.0,85800.0,False,,"Health Curative
Services",Reproductive Health
kisumu,2023_24,4,"General
Administration,
Operational Research
and Planning","Human Resource for
Health",2717244548.0,2595475912.85,False,,"General
Administration,
Operational Research
and Planning","Human Resource for
Health"
kisumu,2023_24,4,Preventive Health Care,Primary Healthcare,39050398.0,29342087.0,False,,Preventive Health Care,Primary Healthcare
kisumu,2023_24,4,"Health Sector Support
Program (DANIDA)","Health Promotive
Services",11132698.0,4594683.0,False,,"Health Sector Support
Program (DANIDA)","Health Promotive
Services"
kisumu,2023_24,4,"Jaramogi Oginga
Odinga Teaching and
Referral Hospital","Jaramogi Oginga
Odinga Teaching and
Referral Hospital",90000000.0,60000000.0,False,,"Jaramogi Oginga
Odinga Teaching and
Referral Hospital","Jaramogi Oginga
Odinga Teaching and
Referral Hospital"
kisumu,2023_24,4,"Kisumu County
Referral Hospital","Kisumu County
Referral Hospital",42000000.0,42000000.0,False,,"Kisumu County
Referral Hospital","Kisumu County
Referral Hospital"
kisumu,2023_24,4,"Medical and Bio-
Medical Services","County and Sub-
County Hospital
Services",42000000.0,41922110.0,False,,"Medical and Bio-
Medical Services","County and Sub-
County Hospital
Services"
kitui,2023_24,4,Ministry Of Health and Sanitation,,,,False,,Ministry Of Health and Sanitation,
kitui,2023_24,4,Curative Health Services,"Curative And
Rehabilitative Services
Headquarters",,,False,,Curative Health Services,"Curative And
Rehabilitative Services
Headquarters"
kitui,2023_24,4,"General Administration
Planning and Support
Services","Medical Services
Headquarters",69671076.0,68765794.0,False,,"General Administration
Planning and Support
Services","Medical Services
Headquarters"
kitui,2023_24,4,"General Administration
Planning and Support
Services","Medical Services
Headquarters",852175390.0,852132731.0,False,,"General Administration
Planning and Support
Services","Medical Services
Headquarters"
kitui,2023_24,4,Curative Health Services,Medical Services,1525415917.0,1511323131.0,False,,Curative Health Services,Medical Services
kitui,2023_24,4,"Maternal And Child
Health",Public Health,148878249.0,149047622.0,False,,"Maternal And Child
Health",Public Health
kitui,2023_24,4,"Preventive And Promotive
Health Services",Public Health,871389880.0,873231597.0,False,,"Preventive And Promotive
Health Services",Public Health
kwale,2023_24,4,Vote:3064-Kwale - Health Services,,,,False,,Vote:3064-Kwale - Health Services,
kwale,2023_24,4,Vote:3064-Kwale - Health Services,,,,False,,Vote:3064-Kwale - Health Services,
kwale,2023_24,4,401003064,"401053060 - Public health
Hygiene",,,False,,401003064,"401053060 - Public health
Hygiene"
kwale,2023_24,4,401003064,"401013060 - Community
health strategy",,,False,,401003064,"401013060 - Community
health strategy"
kwale,2023_24,4,401003064,"401023060 - Maternal
newborn and child health",,,False,,401003064,"401023060 - Maternal
newborn and child health"
kwale,2023_24,4,402003064,"402083060 - National Health
Insurance Fund(NHIF)",,,False,,402003064,"402083060 - National Health
Insurance Fund(NHIF)"
kwale,2023_24,4,402003064,"402073060 - Reproductive
Health",,,False,,402003064,"402073060 - Reproductive
Health"
kwale,2023_24,4,402003064,"402023060 - Operational
Rural Health Facilities",,,False,,402003064,"402023060 - Operational
Rural Health Facilities"
kwale,2023_24,4,402003064,"402033060 - Operations and
maintenance of hospitals",,,False,,402003064,"402033060 - Operations and
maintenance of hospitals"
kwale,2023_24,4,402003064,"402053060 - Health
Infrastructure Development",,,False,,402003064,"402053060 - Health
Infrastructure Development"
kwale,2023_24,4,402003064,"402043060 - Medical Health
Drugs",531665374.0,542485582.0,False,,402003064,"402043060 - Medical Health
Drugs"
kwale,2023_24,4,405003064,"405013060 - Msambweni
hospital",92990000.0,63781347.0,False,,405003064,"405013060 - Msambweni
hospital"
kwale,2023_24,4,406003064,"406013060 - Kinango
Hospital",35961700.0,28733777.0,False,,406003064,"406013060 - Kinango
Hospital"
kwale,2023_24,4,407003064,407013060 - Kwale Hospital,41095000.0,32673440.0,False,,407003064,407013060 - Kwale Hospital
kwale,2023_24,4,408003064,"408013060 - Tiwi Rural
Health Facility",,,False,,408003064,"408013060 - Tiwi Rural
Health Facility"
kwale,2023_24,4,409003064,"409013060 - Samburu
Hospital",22121500.0,16270739.0,False,,409003064,"409013060 - Samburu
Hospital"
kwale,2023_24,4,410003064,"410013060 - Lunga Lunga
Hospital",20556059.0,17010703.0,False,,410003064,"410013060 - Lunga Lunga
Hospital"
kwale,2023_24,4,411003064,411013060 - Public Health,,,False,,411003064,411013060 - Public Health
kwale,2023_24,4,412003064,"412013060 - Rural Health
Facilities",,,False,,412003064,"412013060 - Rural Health
Facilities"
kwale,2023_24,4,413003064,"413013060 - Diani Health
Centre",,,False,,413003064,"413013060 - Diani Health
Centre"
kwale,2023_24,4,Vote:3080-Kwale - Preventive Health Services,,,,False,,Vote:3080-Kwale - Preventive Health Services,
laikipia,2023_24,4,DEPARTMENT: HEALTH,,,,False,,DEPARTMENT: HEALTH,
laikipia,2023_24,4,"CURATIVE AND
RELIABILITY HEALTH","health products and
technologies support",40000000.0,40000000.0,False,,"CURATIVE AND
RELIABILITY HEALTH","health products and
technologies support"
laikipia,2023_24,4,"CURATIVE AND
RELIABILITY HEALTH","health infrastructure
development",,,False,,"CURATIVE AND
RELIABILITY HEALTH","health infrastructure
development"
laikipia,2023_24,4,"CURATIVE AND
RELIABILITY HEALTH","Emergency referral and
rehabilitative service-",239423000.0,185606388.0,False,,"CURATIVE AND
RELIABILITY HEALTH","Emergency referral and
rehabilitative service-"
laikipia,2023_24,4,"GENERAL
ADMINISTRATION AND
PLANNING SERVICES","health leadership and
governance",5832080.0,3845551.0,False,,"GENERAL
ADMINISTRATION AND
PLANNING SERVICES","health leadership and
governance"
laikipia,2023_24,4,"GENERAL
ADMINISTRATION AND
PLANNING SERVICES","health policy, governance,
planning and financing -",2000000.0,1986150.0,False,,"GENERAL
ADMINISTRATION AND
PLANNING SERVICES","health policy, governance,
planning and financing -"
laikipia,2023_24,4,"GENERAL
ADMINISTRATION AND
PLANNING SERVICES","health information
standards and quality
assurance",2000000.0,985350.0,False,,"GENERAL
ADMINISTRATION AND
PLANNING SERVICES","health information
standards and quality
assurance"
laikipia,2023_24,4,"PREVENTIVE HEALTH
SERVICES","community health
strategy, advocacy and
surveillance",12000000.0,10350596.0,False,,"PREVENTIVE HEALTH
SERVICES","community health
strategy, advocacy and
surveillance"
laikipia,2023_24,4,"PREVENTIVE HEALTH
SERVICES","family planning,
maternal, and child
health services",2000000.0,1957550.0,False,,"PREVENTIVE HEALTH
SERVICES","family planning,
maternal, and child
health services"
laikipia,2023_24,4,"PREVENTIVE HEALTH
SERVICES","non -Non-communicable
disease control and
prevention",2000000.0,801650.0,False,,"PREVENTIVE HEALTH
SERVICES","non -Non-communicable
disease control and
prevention"
laikipia,2023_24,4,"PREVENTIVE HEALTH
SERVICES","public health promotion
and nutrition services",9350000.0,8801150.0,False,,"PREVENTIVE HEALTH
SERVICES","public health promotion
and nutrition services"
laikipia,2023_24,4,"PREVENTIVE HEALTH
SERVICES","social health insurance
scheme",6000000.0,5887500.0,False,,"PREVENTIVE HEALTH
SERVICES","social health insurance
scheme"
laikipia,2023_24,4,"PREVENTIVE HEALTH
SERVICES","TB/HIV/aids prevention
and control",4000000.0,2094150.0,False,,"PREVENTIVE HEALTH
SERVICES","TB/HIV/aids prevention
and control"
laikipia,2023_24,4,Veterinary Services,"SP5 Animal Health and
Disease Management",1800000.0,1800000.0,False,,Veterinary Services,"SP5 Animal Health and
Disease Management"
machakos,2023_24,4,"Co-ordination and
Supervisory Services","Hospitality
Services Section",20973355.0,14563023.0,False,,"Co-ordination and
Supervisory Services","Hospitality
Services Section"
machakos,2023_24,4,Health,,,,False,,Health,
machakos,2023_24,4,"Curative and
Rehabilitative health",Machakos Level 5,233960800.0,141649250.0,False,,"Curative and
Rehabilitative health",Machakos Level 5
machakos,2023_24,4,"Curative and
Rehabilitative health",,,,False,,"Curative and
Rehabilitative health",
machakos,2023_24,4,"Curative and
Rehabilitative health",Kangundo Level 4,51997889.0,44220043.0,False,,"Curative and
Rehabilitative health",Kangundo Level 4
machakos,2023_24,4,"Curative and
Rehabilitative health",Matuu Level 4,42600000.0,37878110.0,False,,"Curative and
Rehabilitative health",Matuu Level 4
machakos,2023_24,4,"Curative and
Rehabilitative health",Kathiani Level 4,52189155.0,43986946.0,False,,"Curative and
Rehabilitative health",Kathiani Level 4
machakos,2023_24,4,"Curative and
Rehabilitative health",Mwala Level 4,43600000.0,40659173.0,False,,"Curative and
Rehabilitative health",Mwala Level 4
machakos,2023_24,4,"Curative and
Rehabilitative health",Kimiti Level 4,38600000.0,34054494.0,False,,"Curative and
Rehabilitative health",Kimiti Level 4
machakos,2023_24,4,"Curative and
Rehabilitative health",Masinga Level 4,40600000.0,31727922.0,False,,"Curative and
Rehabilitative health",Masinga Level 4
machakos,2023_24,4,"Curative and
Rehabilitative health",Athi River Level 4,30600000.0,24505778.0,False,,"Curative and
Rehabilitative health",Athi River Level 4
machakos,2023_24,4,"Curative and
Rehabilitative health",Mutituni Level 4,28600000.0,21168821.0,False,,"Curative and
Rehabilitative health",Mutituni Level 4
machakos,2023_24,4,"Curative and
Rehabilitative health",Ndithini Level 4,29600000.0,24494906.0,False,,"Curative and
Rehabilitative health",Ndithini Level 4
machakos,2023_24,4,"Curative and
Rehabilitative health",Kalama Level 4,29029533.0,26279971.0,False,,"Curative and
Rehabilitative health",Kalama Level 4
machakos,2023_24,4,"Preventive and
promotive services","Public Health
and Community
Outreach",167466838.0,140719111.0,False,,"Preventive and
promotive services","Public Health
and Community
Outreach"
makueni,2023_24,4,Department pf Health Services,,,,False,,Department pf Health Services,
makueni,2023_24,4,"Curative healthcare
services","SP2. 1 : Curative
health care services",298375306.0,261101774.0,False,,"Curative healthcare
services","SP2. 1 : Curative
health care services"
makueni,2023_24,4,"Preventive and promo-
tive healthcare services","SP3. 1 Preventive
and promotive
healthcare services",135684656.0,118717247.0,False,,"Preventive and promo-
tive healthcare services","SP3. 1 Preventive
and promotive
healthcare services"
mandera,2023_24,4,Health Services,Administrative Services,1528134758.0,1451670877.0,False,,Health Services,Administrative Services
mandera,2023_24,4,Health Services,"Preventive, Promotive and Reproductive
Health Services",211914813.0,172055555.0,False,,Health Services,"Preventive, Promotive and Reproductive
Health Services"
mandera,2023_24,4,Health Services,"Curative Rehabilitative and Referral
Services",924799841.0,875454689.0,False,,Health Services,"Curative Rehabilitative and Referral
Services"
mandera,2023_24,4,Health Services,,2664849412.0,2499181121.0,False,,Health Services,
marsabit,2023_24,4,"1: General
Administration
Support
Services","SP 1.2 Hospitality,
Catering services,
donations and gifts,
boards, committees,
conferences and
seminars",45074469.0,45074469.0,False,,"1: General
Administration
Support
Services","SP 1.2 Hospitality,
Catering services,
donations and gifts,
boards, committees,
conferences and
seminars"
marsabit,2023_24,4,"Programme
3: County
Assembly
Infrastructure
Improvement","SP 3.20 Insurance
cost for group
personal, building,
motor vehicle and
medical cover",34979999.0,37480382.0,False,,"Programme
3: County
Assembly
Infrastructure
Improvement","SP 3.20 Insurance
cost for group
personal, building,
motor vehicle and
medical cover"
marsabit,2023_24,4,County Health,,,,False,,County Health,
marsabit,2023_24,4,"General
Administration,
Planning
and Support
Services","Health
Infrastructure
development",,,False,,"General
Administration,
Planning
and Support
Services","Health
Infrastructure
development"
meru,2023_24,4,HEALTH SERVICES,,,,False,,HEALTH SERVICES,
meru,2023_24,4,Curative Health,Curative Health,686369487.0,615766319.0,False,,Curative Health,Curative Health
meru,2023_24,4,"Preventive and Promotive
Health","Preventive and
Promotive Health",46654450.0,27010827.0,False,,"Preventive and Promotive
Health","Preventive and
Promotive Health"
migori,2023_24,4,"Veterinary public
health",Meat hygiene services,915000.0,915000.0,False,,"Veterinary public
health",Meat hygiene services
migori,2023_24,4,Department of Medical Services,,,,False,,Department of Medical Services,
migori,2023_24,4,Department of Medical Services,,,,False,,Department of Medical Services,
migori,2023_24,4,"Planning &
Administrative
Support Services","Infrastructure & Health
Facility Management",,,False,,"Planning &
Administrative
Support Services","Infrastructure & Health
Facility Management"
migori,2023_24,4,"Planning &
Administrative
Support Services","Health Financing
& Universal Health
Coverage (UHC)
coordination",5340000.0,3615400.0,False,,"Planning &
Administrative
Support Services","Health Financing
& Universal Health
Coverage (UHC)
coordination"
migori,2023_24,4,"Preventive &
Promotive Health
Services","Environmental health
services",2100000.0,3250000.0,False,,"Preventive &
Promotive Health
Services","Environmental health
services"
migori,2023_24,4,"Preventive &
Promotive Health
Services","Human Nutrition &
Dietetics services",3700000.0,3500000.0,False,,"Preventive &
Promotive Health
Services","Human Nutrition &
Dietetics services"
migori,2023_24,4,"Preventive &
Promotive Health
Services",HIV/AIDS management,2900000.0,2700000.0,False,,"Preventive &
Promotive Health
Services",HIV/AIDS management
migori,2023_24,4,"Preventive &
Promotive Health
Services",TB control,2900000.0,2500000.0,False,,"Preventive &
Promotive Health
Services",TB control
migori,2023_24,4,"Preventive &
Promotive Health
Services",Malaria Control,3300000.0,3300000.0,False,,"Preventive &
Promotive Health
Services",Malaria Control
migori,2023_24,4,"Preventive &
Promotive Health
Services","Non-Communicable
Diseases (NCDs",2900000.0,2137000.0,False,,"Preventive &
Promotive Health
Services","Non-Communicable
Diseases (NCDs"
migori,2023_24,4,"Preventive &
Promotive Health
Services","Disease surveillance/
Emergency preparedness",2500000.0,2500000.0,False,,"Preventive &
Promotive Health
Services","Disease surveillance/
Emergency preparedness"
migori,2023_24,4,"Preventive &
Promotive Health
Services","Maternal & Reproductive
Health services",4360000.0,3903230.0,False,,"Preventive &
Promotive Health
Services","Maternal & Reproductive
Health services"
migori,2023_24,4,"Preventive &
Promotive Health
Services","Neonatal, Child,
Adolescent & Youth
health services",3000000.0,2700000.0,False,,"Preventive &
Promotive Health
Services","Neonatal, Child,
Adolescent & Youth
health services"
migori,2023_24,4,"Preventive &
Promotive Health
Services","Expanded Program
for Immunization
(Immunization",4000000.0,4000000.0,False,,"Preventive &
Promotive Health
Services","Expanded Program
for Immunization
(Immunization"
migori,2023_24,4,"Preventive &
Promotive Health
Services","Gender-Based Violence
health services",4200000.0,2600000.0,False,,"Preventive &
Promotive Health
Services","Gender-Based Violence
health services"
migori,2023_24,4,"Curative,
Rehabilitative &
Referral Services","Ambulance & Referral
Services",16500000.0,4223423.0,False,,"Curative,
Rehabilitative &
Referral Services","Ambulance & Referral
Services"
migori,2023_24,4,"Curative,
Rehabilitative &
Referral Services",Hospital-Level Services,,,False,,"Curative,
Rehabilitative &
Referral Services",Hospital-Level Services
migori,2023_24,4,"Curative,
Rehabilitative &
Referral Services","Health Products &
Technologies",113840996.0,124837157.0,False,,"Curative,
Rehabilitative &
Referral Services","Health Products &
Technologies"
migori,2023_24,4,"Curative,
Rehabilitative &
Referral Services","Diagnostic &
rehabilitation Services",26500000.0,26428778.0,False,,"Curative,
Rehabilitative &
Referral Services","Diagnostic &
rehabilitation Services"
migori,2023_24,4,"Curative,
Rehabilitative &
Referral Services","Health Services
Management Fund",134000000.0,117602940.0,False,,"Curative,
Rehabilitative &
Referral Services","Health Services
Management Fund"
migori,2023_24,4,Department of Health Services & Sanitation,,,,False,,Department of Health Services & Sanitation,
migori,2023_24,4,Department of Health Services & Sanitation,,,,False,,Department of Health Services & Sanitation,
migori,2023_24,4,"Planning &
Administrative
Support Services","Infrastructure & Health
Facility Management",17294473.0,19885846.0,False,,"Planning &
Administrative
Support Services","Infrastructure & Health
Facility Management"
migori,2023_24,4,"Planning &
Administrative
Support Services","Health Financing
& Universal Health
Coverage (UHC)
coordination",9300000.0,8611000.0,False,,"Planning &
Administrative
Support Services","Health Financing
& Universal Health
Coverage (UHC)
coordination"
migori,2023_24,4,"Planning &
Administrative
Support Services","Community health
infrastructure
services(CHVs)",32908754.0,32834000.0,False,,"Planning &
Administrative
Support Services","Community health
infrastructure
services(CHVs)"
migori,2023_24,4,"Preventive &
Promotive Health
Services","Human Nutrition &
Dietetics services",2600000.0,2545991.0,False,,"Preventive &
Promotive Health
Services","Human Nutrition &
Dietetics services"
migori,2023_24,4,"Preventive &
Promotive Health
Services",HIV/AIDS management,11970000.0,11820000.0,False,,"Preventive &
Promotive Health
Services",HIV/AIDS management
migori,2023_24,4,"Preventive &
Promotive Health
Services",TB control,1400000.0,1600000.0,False,,"Preventive &
Promotive Health
Services",TB control
migori,2023_24,4,"Preventive &
Promotive Health
Services",Malaria Control,2700000.0,980000.0,False,,"Preventive &
Promotive Health
Services",Malaria Control
migori,2023_24,4,"Preventive &
Promotive Health
Services","Non-Communicable
Diseases (NCDs",1600000.0,735000.0,False,,"Preventive &
Promotive Health
Services","Non-Communicable
Diseases (NCDs"
migori,2023_24,4,"Preventive &
Promotive Health
Services","Disease surveillance/
Emergency preparedness",8500000.0,7099500.0,False,,"Preventive &
Promotive Health
Services","Disease surveillance/
Emergency preparedness"
migori,2023_24,4,"Preventive &
Promotive Health
Services","Health promotion &
education",1800000.0,2218880.0,False,,"Preventive &
Promotive Health
Services","Health promotion &
education"
migori,2023_24,4,"Preventive &
Promotive Health
Services","Maternal & Reproductive
Health services",4200000.0,1345000.0,False,,"Preventive &
Promotive Health
Services","Maternal & Reproductive
Health services"
migori,2023_24,4,"Preventive &
Promotive Health
Services","Neonatal, Child,
Adolescent & Youth
health services",1400000.0,1550000.0,False,,"Preventive &
Promotive Health
Services","Neonatal, Child,
Adolescent & Youth
health services"
migori,2023_24,4,"Preventive &
Promotive Health
Services","Expanded Program
for Immunization
(Immunization)",3400000.0,350000.0,False,,"Preventive &
Promotive Health
Services","Expanded Program
for Immunization
(Immunization)"
migori,2023_24,4,"Preventive &
Promotive Health
Services","Gender-Based Violence
health services",900000.0,1125000.0,False,,"Preventive &
Promotive Health
Services","Gender-Based Violence
health services"
migori,2023_24,4,"Preventive &
Promotive Health
Services","Neglected Tropical
Diseases services.",1050000.0,975000.0,False,,"Preventive &
Promotive Health
Services","Neglected Tropical
Diseases services."
migori,2023_24,4,"Preventive &
Promotive Health
Services","Environmental health
services",2300000.0,2669000.0,False,,"Preventive &
Promotive Health
Services","Environmental health
services"
migori,2023_24,4,"Curative,
Rehabilitative &
Referral Services","Health Products &
Technologies",88550000.0,71844338.0,False,,"Curative,
Rehabilitative &
Referral Services","Health Products &
Technologies"
migori,2023_24,4,"Curative,
Rehabilitative &
Referral Services","Diagnostic &
rehabilitation Services",800000.0,495000.0,False,,"Curative,
Rehabilitative &
Referral Services","Diagnostic &
rehabilitation Services"
mombasa,2023_24,4,Programme 1,"Protocol,
Hospitality and
Communication",12716441.0,6057806.0,False,,Programme 1,"Protocol,
Hospitality and
Communication"
mombasa,2023_24,4,HEALTH SERVICES,,,,False,,HEALTH SERVICES,
mombasa,2023_24,4,Programme 7,"Preventive and
Promotive Health
services",20625044.0,8071339.0,False,,Programme 7,"Preventive and
Promotive Health
services"
mombasa,2023_24,4,Programme 7,"Curative/Clinical
Health Services",790779759.0,38689578.0,False,,Programme 7,"Curative/Clinical
Health Services"
muranga,2023_24,4,Health And Sanitation,,,,False,,Health And Sanitation,
muranga,2023_24,4,Alcohol Program,"402034010 Preventive and
Promotive Care",,,False,,Alcohol Program,"402034010 Preventive and
Promotive Care"
muranga,2023_24,4,Curative Program,"402054010 Free Primary
Health Care",832470000.0,,False,,Curative Program,"402054010 Free Primary
Health Care"
nairobi,2023_24,4,"Animal Health,
Safety and Quality
Assurance","Animal Research,
Diseases, Pest Control &
Quality Assurance",6475448.0,1086825.0,False,,"Animal Health,
Safety and Quality
Assurance","Animal Research,
Diseases, Pest Control &
Quality Assurance"
nairobi,2023_24,4,Public Health,"HIV/AIDS Prevention &
Control Unit",980000.0,148400.0,False,,Public Health,"HIV/AIDS Prevention &
Control Unit"
nairobi,2023_24,4,Public Health,TB Control,870000.0,157500.0,False,,Public Health,TB Control
nairobi,2023_24,4,Public Health,"Malaria Control & Other
Communicable Diseases",870000.0,,False,,Public Health,"Malaria Control & Other
Communicable Diseases"
nairobi,2023_24,4,Public Health,"Environmental / Public
Health",9660000.0,687800.0,False,,Public Health,"Environmental / Public
Health"
nairobi,2023_24,4,Public Health,"Health Policy and
Regulation",9940000.0,1967000.0,False,,Public Health,"Health Policy and
Regulation"
nairobi,2023_24,4,Public Health,Coroner Services Unit,14390000.0,1391250.0,False,,Public Health,Coroner Services Unit
nairobi,2023_24,4,Public Health,"Nairobi County Public
Health Emergency
Response",6800000.0,1560872.0,False,,Public Health,"Nairobi County Public
Health Emergency
Response"
nairobi,2023_24,4,"0406005310 P6
Health Facilities","0406015310 Sp6.1
County Referral
Hospitals",4500000.0,,False,,"0406005310 P6
Health Facilities","0406015310 Sp6.1
County Referral
Hospitals"
nairobi,2023_24,4,"0406005310 P6
Health Facilities",,6120000.0,,False,,"0406005310 P6
Health Facilities",
nairobi,2023_24,4,"0406005310 P6
Health Facilities",,5400000.0,,False,,"0406005310 P6
Health Facilities",
nairobi,2023_24,4,"0406005310 P6
Health Facilities",,4500000.0,,False,,"0406005310 P6
Health Facilities",
nairobi,2023_24,4,"0406005310 P6
Health Facilities",,1980000.0,,False,,"0406005310 P6
Health Facilities",
nairobi,2023_24,4,"0406005310 P6
Health Facilities","0406025310 Sp6.2
Health planning and
financing",24408000.0,1213400.0,False,,"0406005310 P6
Health Facilities","0406025310 Sp6.2
Health planning and
financing"
nairobi,2023_24,4,"0406005310 P6
Health Facilities","0406035310 Sp6.3
Health Centres &
Dispensaries",65285675.0,25126124.0,False,,"0406005310 P6
Health Facilities","0406035310 Sp6.3
Health Centres &
Dispensaries"
nairobi,2023_24,4,"0406005310 P6
Health Facilities","0406045310 Sp6.4
Pumwani School of
Nursing",5159500.0,1987500.0,False,,"0406005310 P6
Health Facilities","0406045310 Sp6.4
Pumwani School of
Nursing"
nairobi,2023_24,4,"0406005310 P6
Health Facilities","0406055310 Sp6.5
Health Commodities",696348075.0,416717770.0,False,,"0406005310 P6
Health Facilities","0406055310 Sp6.5
Health Commodities"
nairobi,2023_24,4,"0407005310 P7
medical services","0407015310 Sp7.1
Primary Health Care",16287912.0,3925296.0,False,,"0407005310 P7
medical services","0407015310 Sp7.1
Primary Health Care"
nairobi,2023_24,4,"0407005310 P7
medical services","0407025310 Sp7.2
Nairobi Medical
Insurance",,,False,,"0407005310 P7
medical services","0407025310 Sp7.2
Nairobi Medical
Insurance"
nairobi,2023_24,4,"0407005310 P7
medical services","0407035310 Sp7.3
Reproductive Health
& Maternal Health
(RMNCAH)",23406242.0,335400.0,False,,"0407005310 P7
medical services","0407035310 Sp7.3
Reproductive Health
& Maternal Health
(RMNCAH)"
nairobi,2023_24,4,"0407005310 P7
medical services","0407045310 Sp7.4
Clinical Services",18765000.0,1615400.0,False,,"0407005310 P7
medical services","0407045310 Sp7.4
Clinical Services"
nairobi,2023_24,4,"0407005310 P7
medical services",,4450000.0,,False,,"0407005310 P7
medical services",
nairobi,2023_24,4,"0407005310 P7
medical services","0407055310 Sp7.5
Research, Quality
assurance & standards
unit",3342082.0,50000.0,False,,"0407005310 P7
medical services","0407055310 Sp7.5
Research, Quality
assurance & standards
unit"
nairobi,2023_24,4,"0407005310 P7
medical services",,,,False,,"0407005310 P7
medical services",
nairobi,2023_24,4,"0404005310
General
administration,
planning and
support services","0404015310 Sp4.1
Administration/Human
Resource for Health",7466783920.0,6992026781.0,False,,"0404005310
General
administration,
planning and
support services","0404015310 Sp4.1
Administration/Human
Resource for Health"
nairobi,2023_24,4,"5332000000 HEALTH WELLNESS &
NUTRITION",,8423134191.0,7451069042.0,False,,"5332000000 HEALTH WELLNESS &
NUTRITION",
nakuru,2023_24,4,DEPARTMENT OF HEALTH SERVICES,,,,False,,DEPARTMENT OF HEALTH SERVICES,
nakuru,2023_24,4,"Programme 1 administration
and planning","SP 1.1 Health information
systems",9901941.0,9930863.0,False,,"Programme 1 administration
and planning","SP 1.1 Health information
systems"
nakuru,2023_24,4,"Programme 1 administration
and planning","SP 1.5 Health infrastructure
and development",1000000.0,331750.0,False,,"Programme 1 administration
and planning","SP 1.5 Health infrastructure
and development"
nakuru,2023_24,4,"Programme 2 health preventive
and promotive services",SP 2.1 Primary Healthcare,2000000.0,2187917.0,False,,"Programme 2 health preventive
and promotive services",SP 2.1 Primary Healthcare
nakuru,2023_24,4,"Programme 2 health preventive
and promotive services","SP 2.2 environmental health
and sanitation",10629350.0,,False,,"Programme 2 health preventive
and promotive services","SP 2.2 environmental health
and sanitation"
nakuru,2023_24,4,"Programme 2 health preventive
and promotive services",SP 2.3 human resource,1250000.0,,False,,"Programme 2 health preventive
and promotive services",SP 2.3 human resource
nakuru,2023_24,4,"Programme 2 health preventive
and promotive services","SP 2.4 Disease surveillance
and emergency response",1596425.0,1224962.0,False,,"Programme 2 health preventive
and promotive services","SP 2.4 Disease surveillance
and emergency response"
nakuru,2023_24,4,"Programme 2 health preventive
and promotive services",SP 2.5 Health promotive,1000000.0,,False,,"Programme 2 health preventive
and promotive services",SP 2.5 Health promotive
nakuru,2023_24,4,"Programme 2 health preventive
and promotive services",SP 2.6 HIV programme,2000000.0,189600.0,False,,"Programme 2 health preventive
and promotive services",SP 2.6 HIV programme
nakuru,2023_24,4,"Programme 2 health preventive
and promotive services",SP 2.7 Nutrition,10629350.0,,False,,"Programme 2 health preventive
and promotive services",SP 2.7 Nutrition
nakuru,2023_24,4,"Programme 2 health preventive
and promotive services",SP 2.8 Reproductive health,1250000.0,,False,,"Programme 2 health preventive
and promotive services",SP 2.8 Reproductive health
nakuru,2023_24,4,"Programme 2 health preventive
and promotive services",SP 2.9 Immunization,1596425.0,1224962.0,False,,"Programme 2 health preventive
and promotive services",SP 2.9 Immunization
nakuru,2023_24,4,"Programme 3 Health curative
and rehabilitative services","SP 3.1 Provision of essential
health services in all",1344723582.0,1261397626.0,False,,"Programme 3 Health curative
and rehabilitative services","SP 3.1 Provision of essential
health services in all"
nakuru,2023_24,4,"Programme 3 Health curative
and rehabilitative services","SP 3.2 Elimination of
communicable and non-
communicable diseases",2200000.0,262500.0,False,,"Programme 3 Health curative
and rehabilitative services","SP 3.2 Elimination of
communicable and non-
communicable diseases"
nakuru,2023_24,4,"Programme 3 Health curative
and rehabilitative services",SP 3.3 Human resource,611049429.0,673001042.0,False,,"Programme 3 Health curative
and rehabilitative services",SP 3.3 Human resource
nyamira,2023_24,4,Department of Health Services,,,,False,,Department of Health Services,
nyamira,2023_24,4,"Programme 2: Curative
Health Services","SP 1. Medical
services",261000000.0,145249570.0,False,,"Programme 2: Curative
Health Services","SP 1. Medical
services"
nyamira,2023_24,4,"Programme 2: Curative
Health Services","SP 2. Facility
infrastructural
services",2455000.0,2036500.0,False,,"Programme 2: Curative
Health Services","SP 2. Facility
infrastructural
services"
nyandarua,2023_24,4,"Human Resource Man-
agement","Human Resource
Management (Includ-
ing employee gratuity,
pension and medical
insurance)",322710311.0,321852484.0,False,,"Human Resource Man-
agement","Human Resource
Management (Includ-
ing employee gratuity,
pension and medical
insurance)"
nyandarua,2023_24,4,HEALTH SERVICES,,,,False,,HEALTH SERVICES,
nyandarua,2023_24,4,"Preventive and Promo-
tive Services","Preventive and Promo-
tive Services",33030000.0,28190795.0,False,,"Preventive and Promo-
tive Services","Preventive and Promo-
tive Services"
nyandarua,2023_24,4,Curative Services,Curative Services,279538700.0,214041854.0,False,,Curative Services,Curative Services
nyandarua,2023_24,4,Curative Services,"Universal health care
and grants",102820000.0,102678702.0,False,,Curative Services,"Universal health care
and grants"
nyeri,2023_24,4,Health Services,Community Health,2922000.0,2823843.0,False,,Health Services,Community Health
nyeri,2023_24,4,Health Services,Health Services,30354638.0,30354638.0,False,,Health Services,Health Services
nyeri,2023_24,4,Health Services,,2459242569.0,2452179569.0,False,,Health Services,
samburu,2023_24,4,"Medical Services,
Public Health &
Sanitation",,,,False,,"Medical Services,
Public Health &
Sanitation",
samburu,2023_24,4,"Medical Services,
Public Health &
Sanitation","General Administration
Planning and Support
Services",,,False,,"Medical Services,
Public Health &
Sanitation","General Administration
Planning and Support
Services"
samburu,2023_24,4,"Administration,
Planning and
Support Services","Preventive and
Promotive Health
Services",,,False,,"Administration,
Planning and
Support Services","Preventive and
Promotive Health
Services"
samburu,2023_24,4,"Non-communicable
Disease &
Prevention Control","Maternal Health
Services",32518515.0,31497222.0,False,,"Non-communicable
Disease &
Prevention Control","Maternal Health
Services"
samburu,2023_24,4,"Non-communicable
Disease &
Prevention Control","Health Promotive
Services",84029736.0,83077151.0,False,,"Non-communicable
Disease &
Prevention Control","Health Promotive
Services"
samburu,2023_24,4,"Non-communicable
Disease &
Prevention Control","Health curative
Services",129865432.0,127341876.0,False,,"Non-communicable
Disease &
Prevention Control","Health curative
Services"
samburu,2023_24,4,"County Referral
Services","Free Primary
Healthcare",647659473.0,640101119.0,False,,"County Referral
Services","Free Primary
Healthcare"
samburu,2023_24,4,"County Referral
Services","Provision Of Essential
Health Services In All
The Levels",150675046.0,146890007.0,False,,"County Referral
Services","Provision Of Essential
Health Services In All
The Levels"
samburu,2023_24,4,"Health Standards
and Quality
Assurance Services",,241603979.0,233857996.0,False,,"Health Standards
and Quality
Assurance Services",
samburu,2023_24,4,"Health Standards
and Quality
Assurance Services","Research And
Development",76834490.0,75387300.0,False,,"Health Standards
and Quality
Assurance Services","Research And
Development"
samburu,2023_24,4,"Health Standards
and Quality
Assurance Services","Health Infrastructure
development",9056172.0,8143039.0,False,,"Health Standards
and Quality
Assurance Services","Health Infrastructure
development"
samburu,2023_24,4,"Health Standards
and Quality
Assurance Services","Human Resources for
health",9973576.0,9264301.0,False,,"Health Standards
and Quality
Assurance Services","Human Resources for
health"
samburu,2023_24,4,"Health Standards
and Quality
Assurance Services","Health Policy, Planning
& Financing",101473482.0,99999514.0,False,,"Health Standards
and Quality
Assurance Services","Health Policy, Planning
& Financing"
samburu,2023_24,4,"Health Standards
and Quality
Assurance Services",,44266259.0,41063842.0,False,,"Health Standards
and Quality
Assurance Services",
siaya,2023_24,4,Department of Health Services.,,,,False,,Department of Health Services.,
siaya,2023_24,4,Programme 1.,"S.P. 2. Curative healthcare
services",,,False,,Programme 1.,"S.P. 2. Curative healthcare
services"
siaya,2023_24,4,Programme 1.,"S.P. 3. Preventive,
promotive & rehabilitative",,,False,,Programme 1.,"S.P. 3. Preventive,
promotive & rehabilitative"
siaya,2023_24,4,Programme 1.,"S.P. 10. Environmental
health services",,,False,,Programme 1.,"S.P. 10. Environmental
health services"
tana,2023_24,4,Fisheries Development,"Veterinary Public Health/
Abattoirs",1118500.0,1118500.0,False,,Fisheries Development,"Veterinary Public Health/
Abattoirs"
tana,2023_24,4,Health and Sanitation,,,,False,,Health and Sanitation,
tana,2023_24,4,"Curative and Reha-
bilitative",Medical Supplies,160650000.0,160650000.0,False,,"Curative and Reha-
bilitative",Medical Supplies
tana,2023_24,4,"Curative and Reha-
bilitative",Medical Services,32200000.0,31110495.0,False,,"Curative and Reha-
bilitative",Medical Services
tana,2023_24,4,"Curative and Reha-
bilitative",Ambulance services,11700000.0,7022890.0,False,,"Curative and Reha-
bilitative",Ambulance services
tana,2023_24,4,"Preventive and
Promotive","Preventive and Pro-
motive",17050041.0,15789657.0,False,,"Preventive and
Promotive","Preventive and Pro-
motive"
tana,2023_24,4,"Preventive and
Promotive",Mobile clinics,5800000.0,4883621.0,False,,"Preventive and
Promotive",Mobile clinics
tana,2023_24,4,"Preventive and
Promotive","Licensing and control of
undertaking",9045859.0,8809902.0,False,,"Preventive and
Promotive","Licensing and control of
undertaking"
trans,2023_24,4,Health Corporate,,,,False,,Health Corporate,
trans,2023_24,4,"Adminis-
trative and
Support
Services",Preventive Health Services,,,False,,"Adminis-
trative and
Support
Services",Preventive Health Services
turkana,2023_24,4,Health and Sanitation Services,,,,False,,Health and Sanitation Services,
turkana,2023_24,4,"General Administration,
Planning and support services","Additional Works/Renovations of Health
Facilities",83013324.0,67273198.0,False,,"General Administration,
Planning and support services","Additional Works/Renovations of Health
Facilities"
turkana,2023_24,4,"General Administration,
Planning and support services","General Administration, Planning and Support
Services - Medical Services",22000000.0,19970072.0,False,,"General Administration,
Planning and support services","General Administration, Planning and Support
Services - Medical Services"
turkana,2023_24,4,"General Administration,
Planning and support services","General Administration, Planning and Support
Services - Preventive and Promotive Services",393004275.0,243768607.0,False,,"General Administration,
Planning and support services","General Administration, Planning and Support
Services - Preventive and Promotive Services"
turkana,2023_24,4,"Preventive and Promotive
Health Care Services","HIV & AIDS, including community-based
HIV interventions",500000.0,,False,,"Preventive and Promotive
Health Care Services","HIV & AIDS, including community-based
HIV interventions"
turkana,2023_24,4,"Preventive and Promotive
Health Care Services",TB & Leprosy,500000.0,494200.0,False,,"Preventive and Promotive
Health Care Services",TB & Leprosy
turkana,2023_24,4,"Preventive and Promotive
Health Care Services",Malaria,300000.0,,False,,"Preventive and Promotive
Health Care Services",Malaria
turkana,2023_24,4,"Preventive and Promotive
Health Care Services",NTDs (neglected tropical diseases),600000.0,596400.0,False,,"Preventive and Promotive
Health Care Services",NTDs (neglected tropical diseases)
turkana,2023_24,4,"Preventive and Promotive
Health Care Services",Nutrition,600000.0,44100.0,False,,"Preventive and Promotive
Health Care Services",Nutrition
turkana,2023_24,4,"Preventive and Promotive
Health Care Services",Reproductive health,1000000.0,,False,,"Preventive and Promotive
Health Care Services",Reproductive health
turkana,2023_24,4,"Preventive and Promotive
Health Care Services",Disease surveillance,400000.0,,False,,"Preventive and Promotive
Health Care Services",Disease surveillance
turkana,2023_24,4,"Preventive and Promotive
Health Care Services",EPI/outreaches,200000.0,,False,,"Preventive and Promotive
Health Care Services",EPI/outreaches
turkana,2023_24,4,"Preventive and Promotive
Health Care Services",Environmental health services,1000000.0,490400.0,False,,"Preventive and Promotive
Health Care Services",Environmental health services
turkana,2023_24,4,"Preventive and Promotive
Health Care Services",Emergency preparedness & disaster response,800000.0,400000.0,False,,"Preventive and Promotive
Health Care Services",Emergency preparedness & disaster response
turkana,2023_24,4,"Preventive and Promotive
Health Care Services",mainstreaming,900000.0,,False,,"Preventive and Promotive
Health Care Services",mainstreaming
turkana,2023_24,4,"Preventive and Promotive
Health Care Services",Community Health Services,81000000.0,68745000.0,False,,"Preventive and Promotive
Health Care Services",Community Health Services
turkana,2023_24,4,"Preventive and Promotive
Health Care Services",Rural Health Facilities Support,45634941.0,19999900.0,False,,"Preventive and Promotive
Health Care Services",Rural Health Facilities Support
turkana,2023_24,4,Medical Services,Laboratory Services,500000.0,500000.0,False,,Medical Services,Laboratory Services
turkana,2023_24,4,Medical Services,Blood Transfusion Services,1400000.0,1000000.0,False,,Medical Services,Blood Transfusion Services
turkana,2023_24,4,Medical Services,Rehabilitative Services,900000.0,450000.0,False,,Medical Services,Rehabilitative Services
turkana,2023_24,4,Medical Services,Referrals and Emergency Services,400000.0,317350.0,False,,Medical Services,Referrals and Emergency Services
turkana,2023_24,4,Medical Services,Radiology Services,300000.0,300000.0,False,,Medical Services,Radiology Services
turkana,2023_24,4,Medical Services,Dental Services,300000.0,299000.0,False,,Medical Services,Dental Services
turkana,2023_24,4,Medical Services,Clinical Services,2000000.0,881400.0,False,,Medical Services,Clinical Services
turkana,2023_24,4,Medical Services,Nursing Services,2000000.0,491200.0,False,,Medical Services,Nursing Services
turkana,2023_24,4,Medical Services,Sub county Health Facilities Support,30000000.0,21604130.0,False,,Medical Services,Sub county Health Facilities Support
turkana,2023_24,4,Medical Services,UHC Turkana,9000000.0,8929240.0,False,,Medical Services,UHC Turkana
turkana,2023_24,4,"Lodwar County and Referral
Hospital",LCRH Operations and Support Services,176500000.0,176500000.0,False,,"Lodwar County and Referral
Hospital",LCRH Operations and Support Services
turkana,2023_24,4,"Lodwar County and Referral
Hospital",LCRH Infrastructure Development,54500000.0,54500000.0,False,,"Lodwar County and Referral
Hospital",LCRH Infrastructure Development
turkana,2023_24,4,Medical Supplies,Medical Supplies,243000000.0,230974844.0,False,,Medical Supplies,Medical Supplies
turkana,2023_24,4,Medical Supplies,Health Commodity Management,3000000.0,692500.0,False,,Medical Supplies,Health Commodity Management
turkana,2023_24,4,"Policy, Planning, Monitoring
and Evaluation",Health Information Management,900000.0,604000.0,False,,"Policy, Planning, Monitoring
and Evaluation",Health Information Management
turkana,2023_24,4,"Policy, Planning, Monitoring
and Evaluation",Electronic Medical Records,3800000.0,3299999.0,False,,"Policy, Planning, Monitoring
and Evaluation",Electronic Medical Records
turkana,2023_24,4,"Policy, Planning, Monitoring
and Evaluation",Monitoring and Evaluation of Health,800000.0,98800.0,False,,"Policy, Planning, Monitoring
and Evaluation",Monitoring and Evaluation of Health
turkana,2023_24,4,Level 6 Hospital,Turkana Level 6 Hospital,119700000.0,89233249.0,False,,Level 6 Hospital,Turkana Level 6 Hospital
turkana,2023_24,4,Veterinary Services,Livestock Health Management,56900000.0,39974797.0,False,,Veterinary Services,Livestock Health Management
turkana,2023_24,4,Veterinary Services,"Veterinary public
health and Extension",8022836.0,1826755.0,False,,Veterinary Services,"Veterinary public
health and Extension"
vihiga,2023_24,4,"Promo-
tive and
Preventive
Healthcare
Services",,75250935.0,69607243.1,False,,"Promo-
tive and
Preventive
Healthcare
Services",
vihiga,2023_24,4,"Promo-
tive and
Preventive
Healthcare
Services","Public Health
Services",1140000.0,500000.0,False,,"Promo-
tive and
Preventive
Healthcare
Services","Public Health
Services"
vihiga,2023_24,4,"Promo-
tive and
Preventive
Healthcare
Services","Community Health
Strategy",55115403.0,53255873.1,False,,"Promo-
tive and
Preventive
Healthcare
Services","Community Health
Strategy"
vihiga,2023_24,4,"Promo-
tive and
Preventive
Healthcare
Services","Reproductive
Healthcare",18529532.0,15401870.0,False,,"Promo-
tive and
Preventive
Healthcare
Services","Reproductive
Healthcare"
vihiga,2023_24,4,"Promo-
tive and
Preventive
Healthcare
Services","Disease Surveil-
lance and Emer-
gency",466000.0,449500.0,False,,"Promo-
tive and
Preventive
Healthcare
Services","Disease Surveil-
lance and Emer-
gency"
vihiga,2023_24,4,"Curative And
Rehabilita-
tive Health
Services",,140838127.0,115164339.75,False,,"Curative And
Rehabilita-
tive Health
Services",
vihiga,2023_24,4,"Curative And
Rehabilita-
tive Health
Services",Medical services,46034127.0,35306839.75,False,,"Curative And
Rehabilita-
tive Health
Services",Medical services
vihiga,2023_24,4,"Curative And
Rehabilita-
tive Health
Services","County referral
services",,,False,,"Curative And
Rehabilita-
tive Health
Services","County referral
services"
vihiga,2023_24,4,"Curative And
Rehabilita-
tive Health
Services","Drugs and Other
Medical Supplies",94804000.0,79857500.0,False,,"Curative And
Rehabilita-
tive Health
Services","Drugs and Other
Medical Supplies"
vihiga,2023_24,4,"Child and
Maternal
Health Care",,5038581.0,3473700.0,False,,"Child and
Maternal
Health Care",
vihiga,2023_24,4,"Child and
Maternal
Health Care",Nutrition Services,5038581.0,3473700.0,False,,"Child and
Maternal
Health Care",Nutrition Services
vihiga,2023_24,4,"Child and
Maternal
Health Care",,,,False,,"Child and
Maternal
Health Care",
wajir,2023_24,4,Health Services,,840441765.0,731405182.35,False,,Health Services,
wajir,2023_24,4,Health Services,Curative & Rehabilitative Services,840441765.0,731405182.35,False,,Health Services,Curative & Rehabilitative Services
wajir,2023_24,4,Health Services,,47338920.0,43587814.0,False,,Health Services,
wajir,2023_24,4,Health Services,Sanitation services,28625000.0,25937320.0,False,,Health Services,Sanitation services
wajir,2023_24,4,Health Services,Health promotion,4000000.0,3998974.0,False,,Health Services,Health promotion
wajir,2023_24,4,Health Services,Outreach services,7895320.0,7849720.0,False,,Health Services,Outreach services
wajir,2023_24,4,Health Services,"Child Health and Immunization
services",6818600.0,5801800.0,False,,Health Services,"Child Health and Immunization
services"
wajir,2023_24,4,Health Services,,1824975217.0,1801382979.6,False,,Health Services,
wajir,2023_24,4,Health Services,"General Administration and Support
Services",1824975217.0,1801382979.6,False,,Health Services,"General Administration and Support
Services"
wajir,2023_24,4,Health Services,,2029600.0,1891600.0,False,,Health Services,
wajir,2023_24,4,Health Services,Maternal Health Services,2029600.0,,False,,Health Services,Maternal Health Services
wajir,2023_24,4,Health Services,,53979650.0,53445356.0,False,,Health Services,
wajir,2023_24,4,Health Services,SP1 RMNCH,53979650.0,53445356.0,False,,Health Services,SP1 RMNCH
wajir,2023_24,4,Health Services,,7000000.0,6349616.0,False,,Health Services,
wajir,2023_24,4,Health Services,TB & HIV - AIDS,7000000.0,6349616.0,False,,Health Services,TB & HIV - AIDS
wajir,2023_24,4,Health Services,,2600000.0,2550000.0,False,,Health Services,
wajir,2023_24,4,Health Services,SP1 TB HIV-AIDS,2600000.0,2550000.0,False,,Health Services,SP1 TB HIV-AIDS
west,2023_24,4,Programme 4 - HEALTH AND SANITATION,,,,False,,Programme 4 - HEALTH AND SANITATION,
west,2023_24,4,SP 2-(Preventive Health Services),,129.02,141.2,False,,SP 2-(Preventive Health Services),
west,2023_24,4,SP 3-(Curative Health Services),,85.34,58.32,False,,SP 3-(Curative Health Services),
west,2023_24,4,SP 4-(Kacheliba Sub-county hospital),,13.94,13.75,False,,SP 4-(Kacheliba Sub-county hospital),
west,2023_24,4,SP 5-(Sigor Sub-county hospital),,13.86,13.44,False,,SP 5-(Sigor Sub-county hospital),
west,2023_24,4,SP 6-(Chepareria Sub-county hospital),,13.86,13.8,False,,SP 6-(Chepareria Sub-county hospital),
baringo,2024_25,1,"Public Services,
Administration,
Devolution, &
ICT","Installation of LAN at
Mogotio and Marigat
sub-county hospital",,,False,,"Public Services,
Administration,
Devolution, &
ICT","Installation of LAN at
Mogotio and Marigat
sub-county hospital"
baringo,2024_25,1,"Public Services,
Administration,
Devolution, &
ICT","Redesign of County
website to include online
recruitment, tourism,
Town and hospital portals",,,False,,"Public Services,
Administration,
Devolution, &
ICT","Redesign of County
website to include online
recruitment, tourism,
Town and hospital portals"
baringo,2024_25,1,"County Health
Services","SP 1: General Administra-
tive Services",34030000.0,,False,,"County Health
Services","SP 1: General Administra-
tive Services"
baringo,2024_25,1,"P 2: Preventive
And Promotive
Health Services","SP 1: Primary Health Care
Services",157272156.0,,False,,"P 2: Preventive
And Promotive
Health Services","SP 1: Primary Health Care
Services"
baringo,2024_25,1,"P 2: Curative And
Rehabilitative
Services","SP 1: Curative and Reha-
bilitative Services",324566962.0,,False,,"P 2: Curative And
Rehabilitative
Services","SP 1: Curative and Reha-
bilitative Services"
baringo,2024_25,1,"P 2: Curative And
Rehabilitative
Services","Infrastructural develop-
ment",,,False,,"P 2: Curative And
Rehabilitative
Services","Infrastructural develop-
ment"
baringo,2024_25,1,"Land use planning
and Information
management","Cabro parking Kabarnet
Hospital Road For Waenta
Enterprises Limited",,,False,,"Land use planning
and Information
management","Cabro parking Kabarnet
Hospital Road For Waenta
Enterprises Limited"
bungoma,2024_25,1,"Programme 1: Gen-
eral Administration,
Planning and Support
Services",SP 4: Medical Insurance,200000000.0,,False,,"Programme 1: Gen-
eral Administration,
Planning and Support
Services",SP 4: Medical Insurance
bungoma,2024_25,1,Health and Sanitation,,,,False,,Health and Sanitation,
bungoma,2024_25,1,"PROGRAMME 1:
General Administra-
tion Planning and
Support Services","SP 1. 1 Health Administra-
tive and Support Services",153366917.0,137600.0,False,,"PROGRAMME 1:
General Administra-
tion Planning and
Support Services","SP 1. 1 Health Administra-
tive and Support Services"
bungoma,2024_25,1,"Programme 2: Pre-
ventive and Promo-
tive","SP 2.2 Community Health
Strategy",5600000.0,,False,,"Programme 2: Pre-
ventive and Promo-
tive","SP 2.2 Community Health
Strategy"
bungoma,2024_25,1,"Programme 2: Pre-
ventive and Promo-
tive",SP 2.3 Health Promotion,3000000.0,,False,,"Programme 2: Pre-
ventive and Promo-
tive",SP 2.3 Health Promotion
bungoma,2024_25,1,"Programme 2: Pre-
ventive and Promo-
tive","SP 2.6 Reproductive, Mater-
nal, Newborn, Child, and
Adolescent Health.",5000000.0,,False,,"Programme 2: Pre-
ventive and Promo-
tive","SP 2.6 Reproductive, Mater-
nal, Newborn, Child, and
Adolescent Health."
bungoma,2024_25,1,"Programme 2: Pre-
ventive and Promo-
tive","SP 2.7 Public Health and
Sanitation",,,False,,"Programme 2: Pre-
ventive and Promo-
tive","SP 2.7 Public Health and
Sanitation"
bungoma,2024_25,1,"Programme 2: Pre-
ventive and Promo-
tive",Hospital Facilities,1169247401.0,,False,,"Programme 2: Pre-
ventive and Promo-
tive",Hospital Facilities
bungoma,2024_25,1,"Programme 4:
Service Delivery and
Organisational Trans-
formation",Health Management System,,,False,,"Programme 4:
Service Delivery and
Organisational Trans-
formation",Health Management System
bungoma,2024_25,1,"Programme 4: Urban
Environment, Health,
Water, Culture
and Human Social
Services",,,,False,,"Programme 4: Urban
Environment, Health,
Water, Culture
and Human Social
Services",
bungoma,2024_25,1,"Programme 4: Urban
Environment, Health,
Water, Culture
and Human Social
Services","SP: Urban Environment and
Public Health Services",,,False,,"Programme 4: Urban
Environment, Health,
Water, Culture
and Human Social
Services","SP: Urban Environment and
Public Health Services"
busia,2024_25,1,Department of Health Services.,,,,False,,Department of Health Services.,
busia,2024_25,1,Programme 5.,"SP. 5. Higher level
hospital equipment",,,False,,Programme 5.,"SP. 5. Higher level
hospital equipment"
elgeyo,2024_25,1,"General
administration
and support
services",Department: Health and Sanitation,,,False,,"General
administration
and support
services",Department: Health and Sanitation
elgeyo,2024_25,1,"General Ad-
ministration
and support
services","Community and
Environmental
health",,,False,,"General Ad-
ministration
and support
services","Community and
Environmental
health"
elgeyo,2024_25,1,"General Ad-
ministration
and support
services",Health Services,,,False,,"General Ad-
ministration
and support
services",Health Services
embu,2024_25,1,HEALTH,,,,False,,HEALTH,
embu,2024_25,1,"Curative Health
Services",Primary Health Care,916797722.0,69188816.0,False,,"Curative Health
Services",Primary Health Care
embu,2024_25,1,"Preventive and Promo-
tive Health Services","Health Promotion &
Disease Control",360745697.0,27224727.0,False,,"Preventive and Promo-
tive Health Services","Health Promotion &
Disease Control"
embu,2024_25,1,EMBU LEVEL 5 HOSPITAL,,,,False,,EMBU LEVEL 5 HOSPITAL,
embu,2024_25,1,"Curative Health
Services",Primary Healthcare,4968586.0,0.0,False,,"Curative Health
Services",Primary Healthcare
embu,2024_25,1,"Preventive and Promo-
tive Health Services","Health Promotion and
Disease Control",1364902.0,0.0,False,,"Preventive and Promo-
tive Health Services","Health Promotion and
Disease Control"
garissa,2024_25,1,Department of Health & Sanitation,,,,False,,Department of Health & Sanitation,
garissa,2024_25,1,"P2: Curative Services,
Rehabilitative and
Referal services",,208500000.0,,False,,"P2: Curative Services,
Rehabilitative and
Referal services",
garissa,2024_25,1,"P2: Curative Services,
Rehabilitative and
Referal services",,11500000.0,,False,,"P2: Curative Services,
Rehabilitative and
Referal services",
garissa,2024_25,1,"P2: Curative Services,
Rehabilitative and
Referal services",,54258025.0,,False,,"P2: Curative Services,
Rehabilitative and
Referal services",
garissa,2024_25,1,"P3: Preventive and
promotive and RM-
NCH services",,11075645.0,,False,,"P3: Preventive and
promotive and RM-
NCH services",
garissa,2024_25,1,"P3: Preventive and
promotive and RM-
NCH services",,11618450.0,,False,,"P3: Preventive and
promotive and RM-
NCH services",
garissa,2024_25,1,"P3: Preventive and
promotive and RM-
NCH services",,2935720847.0,341873453.0,False,,"P3: Preventive and
promotive and RM-
NCH services",
homa,2024_25,1,"Livestock Development
Programme","Livestock Health and Dis-
ease Management",,,False,,"Livestock Development
Programme","Livestock Health and Dis-
ease Management"
homa,2024_25,1,Department of Public Health and Medical Services,,,,False,,Department of Public Health and Medical Services,
homa,2024_25,1,"Preventive and promo-
tive health services",Community health services,89620000.0,51335935.0,False,,"Preventive and promo-
tive health services",Community health services
homa,2024_25,1,"Preventive and promo-
tive health services",Disease control services,6000000.0,,False,,"Preventive and promo-
tive health services",Disease control services
homa,2024_25,1,"Preventive and promo-
tive health services","Facility Infrastructure
improvement services",145000000.0,,False,,"Preventive and promo-
tive health services","Facility Infrastructure
improvement services"
homa,2024_25,1,"Curative and rehabilita-
tive health services","Routine medical health
services",110890936.0,,False,,"Curative and rehabilita-
tive health services","Routine medical health
services"
homa,2024_25,1,"Curative and rehabilita-
tive health services","Medical emergency re-
sponse services",4000000.0,,False,,"Curative and rehabilita-
tive health services","Medical emergency re-
sponse services"
homa,2024_25,1,"Curative and rehabilita-
tive health services","Facility infrastructure
improvement services",275000000.0,47753992.0,False,,"Curative and rehabilita-
tive health services","Facility infrastructure
improvement services"
isiolo,2024_25,1,Value Addition,"Veterinary Public Health
Services",900000.0,0.0,False,,Value Addition,"Veterinary Public Health
Services"
isiolo,2024_25,1,Health Services,,,,False,,Health Services,
isiolo,2024_25,1,"Health Cura-
tive Services","Administration Support
Services",,,False,,"Health Cura-
tive Services","Administration Support
Services"
isiolo,2024_25,1,"Health Cura-
tive Services","Human Resource Man-
agement",652615510.0,302847100.0,False,,"Health Cura-
tive Services","Human Resource Man-
agement"
isiolo,2024_25,1,"Health Cura-
tive Services",Monitoring & Evaluation,2402000.0,33600.0,False,,"Health Cura-
tive Services",Monitoring & Evaluation
isiolo,2024_25,1,"Health Cura-
tive Services","Quality Assurance &
Standards",2473116.0,0.0,False,,"Health Cura-
tive Services","Quality Assurance &
Standards"
isiolo,2024_25,1,"Health Cura-
tive Services","Curative and Rehabilita-
tive Health Services",43110939.0,0.0,False,,"Health Cura-
tive Services","Curative and Rehabilita-
tive Health Services"
isiolo,2024_25,1,"Health Cura-
tive Services","Curative Infrastructure
Support",0.0,,False,,"Health Cura-
tive Services","Curative Infrastructure
Support"
isiolo,2024_25,1,"Health Cura-
tive Services","Pharmaceutical & Phar-
maceutical Commodities",237680329.0,0.0,False,,"Health Cura-
tive Services","Pharmaceutical & Phar-
maceutical Commodities"
isiolo,2024_25,1,"Health Pre-
ventive and
Promotive
Services","Preventive and Promo-
tive Health Services",0.0,,False,,"Health Pre-
ventive and
Promotive
Services","Preventive and Promo-
tive Health Services"
isiolo,2024_25,1,"Health Pre-
ventive and
Promotive
Services","Human Resource Man-
agement",0.0,0.0,False,,"Health Pre-
ventive and
Promotive
Services","Human Resource Man-
agement"
isiolo,2024_25,1,"Health Pre-
ventive and
Promotive
Services",Primary Health Care,374433877.0,92927396.0,False,,"Health Pre-
ventive and
Promotive
Services",Primary Health Care
isiolo,2024_25,1,"Health Pre-
ventive and
Promotive
Services",Nutrition,4427392.0,42400.0,False,,"Health Pre-
ventive and
Promotive
Services",Nutrition
isiolo,2024_25,1,"Health Pre-
ventive and
Promotive
Services","Community Health
Services",40360000.0,4680000.0,False,,"Health Pre-
ventive and
Promotive
Services","Community Health
Services"
isiolo,2024_25,1,"Health Pre-
ventive and
Promotive
Services","Communicable Diseases
Control",17076044.0,0.0,False,,"Health Pre-
ventive and
Promotive
Services","Communicable Diseases
Control"
isiolo,2024_25,1,"Health Pre-
ventive and
Promotive
Services","Public Health Emergen-
cy Coordination",20000000.0,0.0,False,,"Health Pre-
ventive and
Promotive
Services","Public Health Emergen-
cy Coordination"
kajiado,2024_25,1,Department of Medical Service and Public Health,,,,False,,Department of Medical Service and Public Health,
kajiado,2024_25,1,"Curative and
Rehabilitative",,16460500.0,4224780.0,False,,"Curative and
Rehabilitative",
kajiado,2024_25,1,"Curative and
Rehabilitative",,200276176.0,48851953.0,False,,"Curative and
Rehabilitative",
kajiado,2024_25,1,"Curative and
Rehabilitative",,6582400.0,1825786.0,False,,"Curative and
Rehabilitative",
kajiado,2024_25,1,"Public Health
and Sanitation",,56769977.0,6438693.0,False,,"Public Health
and Sanitation",
kajiado,2024_25,1,"Public Health
and Sanitation",,4609000.0,87837.0,False,,"Public Health
and Sanitation",
kajiado,2024_25,1,"Public Health
and Sanitation",,97823500.0,3867600.0,False,,"Public Health
and Sanitation",
kajiado,2024_25,1,"Public Health
and Sanitation",,3185400.0,470140.0,False,,"Public Health
and Sanitation",
kajiado,2024_25,1,"Public Health
and Sanitation",,34066962.0,2681500.0,False,,"Public Health
and Sanitation",
kajiado,2024_25,1,"Public Health
and Sanitation",,3164015220.0,460880509.0,False,,"Public Health
and Sanitation",
kajiado,2024_25,1,"Public Health
and Sanitation",,,,False,,"Public Health
and Sanitation",
kajiado,2024_25,1,"Environmental
Management
and Public
Health",,6369500.0,,False,,"Environmental
Management
and Public
Health",
kajiado,2024_25,1,"Environmental
Management
and Public
Health",,70395130.0,6506531.0,False,,"Environmental
Management
and Public
Health",
kajiado,2024_25,1,"Environmental
Management
and Public
Health",,11780000.0,,False,,"Environmental
Management
and Public
Health",
kajiado,2024_25,1,"Environmental
Management
and Public
Health",,100704575.0,10009568.0,False,,"Environmental
Management
and Public
Health",
kiambu,2024_25,1,HEALTH SERVICES,,,,False,,HEALTH SERVICES,
kiambu,2024_25,1,Health Services,Curative,1200000000.0,1819580.0,False,,Health Services,Curative
kiambu,2024_25,1,Health Services,"Preventive and
Promotive",959107042.0,291370778.0,False,,Health Services,"Preventive and
Promotive"
kiambu,2024_25,1,Health Services,Pharmaceuticals,120000000.0,,False,,Health Services,Pharmaceuticals
kiambu,2024_25,1,Health Services,"Administration
and Support",4760698635.0,622228864.0,False,,Health Services,"Administration
and Support"
kiambu,2024_25,1,Health Services,,,,False,,Health Services,
kiambu,2024_25,1,Health Services,,,,False,,Health Services,
kilifi,2024_25,1,County Division for Health,,,,False,,County Division for Health,
kirinyaga,2024_25,1,Medical Services and Public Health,,,,False,,Medical Services and Public Health,
kirinyaga,2024_25,1,"Curative and Reha-
bilitative Services","040301 Curative
and Rehabilitative
Services",2180798509.0,218225682.0,False,,"Curative and Reha-
bilitative Services","040301 Curative
and Rehabilitative
Services"
kisii,2024_25,1,"County Health
Services",Medical Services,3421154652.0,459821972.0,False,,"County Health
Services",Medical Services
kisii,2024_25,1,"County Health
Services",public health,92750000.0,,False,,"County Health
Services",public health
kisumu,2024_25,1,"Medical Services, Public Health and Sanitation",,,,False,,"Medical Services, Public Health and Sanitation",
kisumu,2024_25,1,"Medical and
bio-medical
Services",,110321698.0,,False,,"Medical and
bio-medical
Services",
kisumu,2024_25,1,"Medical and
bio-medical
Services",,110321698.0,0.0,False,,"Medical and
bio-medical
Services",
kisumu,2024_25,1,"Preventive
and Promo-
tive Health
Services",,31375000.0,3000000.0,False,,"Preventive
and Promo-
tive Health
Services",
kisumu,2024_25,1,"Preventive
and Promo-
tive Health
Services",,255000.0,,False,,"Preventive
and Promo-
tive Health
Services",
kisumu,2024_25,1,"Preventive
and Promo-
tive Health
Services",,7625000.0,,False,,"Preventive
and Promo-
tive Health
Services",
kisumu,2024_25,1,"Preventive
and Promo-
tive Health
Services",,39255000.0,3000000.0,False,,"Preventive
and Promo-
tive Health
Services",
kisumu,2024_25,1,"Health Cura-
tive Services",,450000.0,,False,,"Health Cura-
tive Services",
kisumu,2024_25,1,"Health Cura-
tive Services",,450000.0,0.0,False,,"Health Cura-
tive Services",
kisumu,2024_25,1,"Health Sector
Support
Programme
(DANIDA)",,32578766.0,12603790.0,False,,"Health Sector
Support
Programme
(DANIDA)",
kisumu,2024_25,1,"Health Sector
Support
Programme
(DANIDA)",,32578766.0,12603790.0,False,,"Health Sector
Support
Programme
(DANIDA)",
kisumu,2024_25,1,"Jaramogi Og-
inga Odinga
Teaching
and Referral
Hospital",,650000000.0,,False,,"Jaramogi Og-
inga Odinga
Teaching
and Referral
Hospital",
kisumu,2024_25,1,"Jaramogi Og-
inga Odinga
Teaching
and Referral
Hospital",,650000000.0,0.0,False,,"Jaramogi Og-
inga Odinga
Teaching
and Referral
Hospital",
kisumu,2024_25,1,"Kisumu Coun-
ty Referral
Hospital",,59870067.0,,False,,"Kisumu Coun-
ty Referral
Hospital",
kisumu,2024_25,1,"Kisumu Coun-
ty Referral
Hospital",,59870067.0,0.0,False,,"Kisumu Coun-
ty Referral
Hospital",
kitui,2024_25,1,Ministry of Health and Sanitation,,,,False,,Ministry of Health and Sanitation,
kitui,2024_25,1,"Health Standards, Quality
assessment and standards",0401033710 SP 1.2,3000000.0,,False,,"Health Standards, Quality
assessment and standards",0401033710 SP 1.2
kitui,2024_25,1,"Health policy, Planning and
Financing",0402023710 SP 1.3,101507362.0,,False,,"Health policy, Planning and
Financing",0402023710 SP 1.3
kitui,2024_25,1,"Hospital FIF /cost sharing
Refunds for 11 County
Hospitals",0403033710 SP 2.2,399656250.0,,False,,"Hospital FIF /cost sharing
Refunds for 11 County
Hospitals",0403033710 SP 2.2
kitui,2024_25,1,"preventive and Promotive
Health Services",0403013710 SP 3.1,1065101854.0,716446084.0,False,,"preventive and Promotive
Health Services",0403013710 SP 3.1
kitui,2024_25,1,"Health Promotion sub-pro-
gramme (HIV/AIDS and TB
sub-programme",0403033710 SP 3.3,2659869.0,,False,,"Health Promotion sub-pro-
gramme (HIV/AIDS and TB
sub-programme",0403033710 SP 3.3
kitui,2024_25,1,"communicable diseases
Control(public Health Oper-
ations-Programme)",0403013710 SP 3.4,4042443.0,,False,,"communicable diseases
Control(public Health Oper-
ations-Programme)",0403013710 SP 3.4
kitui,2024_25,1,Health and promotion,0404013710 SP 3.6,2302574.0,,False,,Health and promotion,0404013710 SP 3.6
kitui,2024_25,1,Curative Health Services,040201310 P4,1135945814.0,1110302632.0,False,,Curative Health Services,040201310 P4
laikipia,2024_25,1,"HEALTH PRODUCTS
AND TECHNOLOGIES
SUPPORT-0401014510",,,,False,,"HEALTH PRODUCTS
AND TECHNOLOGIES
SUPPORT-0401014510",
laikipia,2024_25,1,"HEALTH INFRASTRUC-
TURE DEVELOP-
MENT-0401034510",,,,False,,"HEALTH INFRASTRUC-
TURE DEVELOP-
MENT-0401034510",
laikipia,2024_25,1,"402044510 HEALTH LEAD-
ERSHIP AND GOVER-
NANCE",,6000000.0,,False,,"402044510 HEALTH LEAD-
ERSHIP AND GOVER-
NANCE",
laikipia,2024_25,1,"PUBLIC HEALTH
PROMOTION AND
NUTRITION SER-
VICES-0405034510",,25230000.0,,False,,"PUBLIC HEALTH
PROMOTION AND
NUTRITION SER-
VICES-0405034510",
laikipia,2024_25,1,"COMMUNITY HEALTH
STRATEGY, ADVO-
CACY AND SURVEIL-
LANCE-0405044510",,35000000.0,,False,,"COMMUNITY HEALTH
STRATEGY, ADVO-
CACY AND SURVEIL-
LANCE-0405044510",
laikipia,2024_25,1,"FAMILY PLANNING,
MATERNAL, AND
CHILD HEALTH SER-
VICES-0405014510",,2200000.0,,False,,"FAMILY PLANNING,
MATERNAL, AND
CHILD HEALTH SER-
VICES-0405014510",
laikipia,2024_25,1,"PUBLIC HEALTH
PROMOTION AND
NUTRITION SER-
VICES-0405034510",,4910000.0,,False,,"PUBLIC HEALTH
PROMOTION AND
NUTRITION SER-
VICES-0405034510",
laikipia,2024_25,1,"SP5 0107054510 Animal
Health and Disease Man-
agement",,1350000.0,,False,,"SP5 0107054510 Animal
Health and Disease Man-
agement",
lamu,2024_25,1,MEDICAL SERVICE,,,,False,,MEDICAL SERVICE,
lamu,2024_25,1,402003217,SP4 curative Services,105800000.0,2650000.0,False,,402003217,SP4 curative Services
lamu,2024_25,1,402003217,"Primary Health Care
Services",0.0,,False,,402003217,"Primary Health Care
Services"
lamu,2024_25,1,402003217,Hospital Services,0.0,,False,,402003217,Hospital Services
lamu,2024_25,1,403003217,"SP4 Preventive and
Promotive Services",4100000.0,,False,,403003217,"SP4 Preventive and
Promotive Services"
lamu,2024_25,1,"PUBLIC HEALTH, ENVIRONMENT AND SANITATION",,,,False,,"PUBLIC HEALTH, ENVIRONMENT AND SANITATION",
lamu,2024_25,1,404003225,"Public Health &
licensing",14190000.0,50000.0,False,,404003225,"Public Health &
licensing"
machakos,2024_25,1,"Coordination
and Supervisory
Services","Hospitality Services
Section",50342682.0,681620.0,False,,"Coordination
and Supervisory
Services","Hospitality Services
Section"
machakos,2024_25,1,Health,,,,False,,Health,
machakos,2024_25,1,"Curative and
Rehabilitative
Health",Machakos Level 5,146379350.0,78951309.0,False,,"Curative and
Rehabilitative
Health",Machakos Level 5
machakos,2024_25,1,"Curative and
Rehabilitative
Health",Kangundo Level 4,46100000.0,8049560.0,False,,"Curative and
Rehabilitative
Health",Kangundo Level 4
machakos,2024_25,1,"Curative and
Rehabilitative
Health",Matuu Level 4,38500000.0,2700000.0,False,,"Curative and
Rehabilitative
Health",Matuu Level 4
machakos,2024_25,1,"Curative and
Rehabilitative
Health",Kathiani Level 4,50500000.0,3000000.0,False,,"Curative and
Rehabilitative
Health",Kathiani Level 4
machakos,2024_25,1,"Curative and
Rehabilitative
Health",Mwala Level 4,32500000.0,2500000.0,False,,"Curative and
Rehabilitative
Health",Mwala Level 4
machakos,2024_25,1,"Curative and
Rehabilitative
Health",Kimiti Level 4,26500000.0,1099950.0,False,,"Curative and
Rehabilitative
Health",Kimiti Level 4
machakos,2024_25,1,"Curative and
Rehabilitative
Health",Masinga Level 4,33600000.0,1100000.0,False,,"Curative and
Rehabilitative
Health",Masinga Level 4
machakos,2024_25,1,"Curative and
Rehabilitative
Health",Athiriver Level 4,20500000.0,1000000.0,False,,"Curative and
Rehabilitative
Health",Athiriver Level 4
machakos,2024_25,1,"Curative and
Rehabilitative
Health",Mutituni Level 4,20500000.0,1000000.0,False,,"Curative and
Rehabilitative
Health",Mutituni Level 4
machakos,2024_25,1,"Curative and
Rehabilitative
Health",Ndithini Level 4,22500000.0,700000.0,False,,"Curative and
Rehabilitative
Health",Ndithini Level 4
machakos,2024_25,1,"Curative and
Rehabilitative
Health",Kalama Level 4,25500000.0,700000.0,False,,"Curative and
Rehabilitative
Health",Kalama Level 4
machakos,2024_25,1,"Curative and
Rehabilitative
Health",Public Health,240203470.0,7175000.0,False,,"Curative and
Rehabilitative
Health",Public Health
makueni,2024_25,1,Health Services,,,,False,,Health Services,
makueni,2024_25,1,"Curative healthcare
services","SP2. 1: Curative
health care services",347310000.0,66792957.45,False,,"Curative healthcare
services","SP2. 1: Curative
health care services"
makueni,2024_25,1,"Preventive and
promotive healthcare
services","SP3. 1 Preventive
and promotive
healthcare services",95670972.0,27788580.0,False,,"Preventive and
promotive healthcare
services","SP3. 1 Preventive
and promotive
healthcare services"
mandera,2024_25,1,Health Services,,,,False,,Health Services,
mandera,2024_25,1,"Preventive,
Promotive and
Reproductive
Health Ser-
vices","Preventive,
Promotive and
Reproductive-
HealthServices",129523501.0,,False,,"Preventive,
Promotive and
Reproductive
Health Ser-
vices","Preventive,
Promotive and
Reproductive-
HealthServices"
mandera,2024_25,1,"Curative
Rehabilitative
and Referral
Services","Curative Reha-
bilitative and
ReferralServices",510425547.0,20000000.0,False,,"Curative
Rehabilitative
and Referral
Services","Curative Reha-
bilitative and
ReferralServices"
marsabit,2024_25,1,"General Administra-
tion Support Services","SP 1.2 Hospitality,
Catering services, dona-
tions and gifts, boards,
committees, conferences
and seminars",48074469.0,4279600.0,False,,"General Administra-
tion Support Services","SP 1.2 Hospitality,
Catering services, dona-
tions and gifts, boards,
committees, conferences
and seminars"
marsabit,2024_25,1,"County Assembly
Infrastructure im-
provement","SP 3.20 Insurance cost
for group personal,
building, motor vehicle
and medical cover",31980382.0,,False,,"County Assembly
Infrastructure im-
provement","SP 3.20 Insurance cost
for group personal,
building, motor vehicle
and medical cover"
marsabit,2024_25,1,County Health Services,,,,False,,County Health Services,
marsabit,2024_25,1,"Preventive and
Promotive Health
Services","Communicable disease
prevention and control",,,False,,"Preventive and
Promotive Health
Services","Communicable disease
prevention and control"
marsabit,2024_25,1,"Curative Health
Services","Reduction of Commu-
nicable and Non-Com-
municable Diseases",,,False,,"Curative Health
Services","Reduction of Commu-
nicable and Non-Com-
municable Diseases"
marsabit,2024_25,1,"Curative Health
Services",Referral Services,20000000.0,,False,,"Curative Health
Services",Referral Services
marsabit,2024_25,1,"Curative Health
Services",Specialised Services,20000000.0,,False,,"Curative Health
Services",Specialised Services
marsabit,2024_25,1,"Curative Health
Services","Drugs and commod-
ities",160000000.0,19175290.0,False,,"Curative Health
Services","Drugs and commod-
ities"
marsabit,2024_25,1,"General Administra-
tion, Planning and
Support Services","Health Infrastructure
development",,,False,,"General Administra-
tion, Planning and
Support Services","Health Infrastructure
development"
marsabit,2024_25,1,"General Administra-
tion, Planning and
Support Services","Health Planning and
Financing",1638074916.0,345279870.0,False,,"General Administra-
tion, Planning and
Support Services","Health Planning and
Financing"
marsabit,2024_25,1,"Maternal and child
health","Integrated MCH
and Family planning
services",10000000.0,3999907.0,False,,"Maternal and child
health","Integrated MCH
and Family planning
services"
meru,2024_25,1,HEALTH SERVICES,,,,False,,HEALTH SERVICES,
meru,2024_25,1,Curative Health,Curative Health,455015300.0,71959186.0,False,,Curative Health,Curative Health
meru,2024_25,1,"Preventive and
Promotive Health","Preventive and Pro-
motive Health",237598330.0,,False,,"Preventive and
Promotive Health","Preventive and Pro-
motive Health"
migori,2024_25,1,"Veterinary pub-
lic health",Meat hygiene services,375000.0,,False,,"Veterinary pub-
lic health",Meat hygiene services
migori,2024_25,1,Medical Services Department,,,,False,,Medical Services Department,
migori,2024_25,1,"Planning &
Administrative
Support Services","Infrastructure &
Health Facility Man-
agement",,,False,,"Planning &
Administrative
Support Services","Infrastructure &
Health Facility Man-
agement"
migori,2024_25,1,"Planning &
Administrative
Support Services","Health Financing &
Universal Health Cov-
erage (UHC) co-ordi-
nation",2460000.0,,False,,"Planning &
Administrative
Support Services","Health Financing &
Universal Health Cov-
erage (UHC) co-ordi-
nation"
migori,2024_25,1,"Preventive
& Promotive
Health Services","Environmental health
services",1200000.0,,False,,"Preventive
& Promotive
Health Services","Environmental health
services"
migori,2024_25,1,"Preventive
& Promotive
Health Services","Human Nutrition &
Dietetics services",1700000.0,,False,,"Preventive
& Promotive
Health Services","Human Nutrition &
Dietetics services"
migori,2024_25,1,"Preventive
& Promotive
Health Services","HIV/AIDS manage-
ment",2000000.0,,False,,"Preventive
& Promotive
Health Services","HIV/AIDS manage-
ment"
migori,2024_25,1,"Preventive
& Promotive
Health Services",TB control,1200000.0,,False,,"Preventive
& Promotive
Health Services",TB control
migori,2024_25,1,"Preventive
& Promotive
Health Services",Malaria Control,1400000.0,,False,,"Preventive
& Promotive
Health Services",Malaria Control
migori,2024_25,1,"Preventive
& Promotive
Health Services","Non-Communicable
Diseases (NCDs",1400000.0,,False,,"Preventive
& Promotive
Health Services","Non-Communicable
Diseases (NCDs"
migori,2024_25,1,"Preventive
& Promotive
Health Services","Disease surveillance/
Emergency prepared-
ness",950000.0,,False,,"Preventive
& Promotive
Health Services","Disease surveillance/
Emergency prepared-
ness"
migori,2024_25,1,"Preventive
& Promotive
Health Services","Maternal & Reproduc-
tive Health services",3160000.0,,False,,"Preventive
& Promotive
Health Services","Maternal & Reproduc-
tive Health services"
migori,2024_25,1,"Preventive
& Promotive
Health Services","Neonatal, Child, Ado-
lescent & Youth health
services",1800000.0,,False,,"Preventive
& Promotive
Health Services","Neonatal, Child, Ado-
lescent & Youth health
services"
migori,2024_25,1,"Preventive
& Promotive
Health Services","Expanded Program for
Immunization (Immu-
nization",3120000.0,,False,,"Preventive
& Promotive
Health Services","Expanded Program for
Immunization (Immu-
nization"
migori,2024_25,1,"Preventive
& Promotive
Health Services","Gender-Based Vio-
lence health services",1200000.0,,False,,"Preventive
& Promotive
Health Services","Gender-Based Vio-
lence health services"
migori,2024_25,1,"Curative,
Rehabilitative &
Referral Services","Hospital-Level Ser-
vices",,,False,,"Curative,
Rehabilitative &
Referral Services","Hospital-Level Ser-
vices"
migori,2024_25,1,"Curative,
Rehabilitative &
Referral Services","Ambulance & Referral
Services",3200000.0,,False,,"Curative,
Rehabilitative &
Referral Services","Ambulance & Referral
Services"
migori,2024_25,1,"Curative,
Rehabilitative &
Referral Services","Health Products &
Technologies",74190996.0,,False,,"Curative,
Rehabilitative &
Referral Services","Health Products &
Technologies"
migori,2024_25,1,"Curative,
Rehabilitative &
Referral Services","Diagnostic & Rehabili-
tation Services",12580000.0,,False,,"Curative,
Rehabilitative &
Referral Services","Diagnostic & Rehabili-
tation Services"
migori,2024_25,1,"Curative,
Rehabilitative &
Referral Services","Health Services Man-
agement Fund",136000000.0,,False,,"Curative,
Rehabilitative &
Referral Services","Health Services Man-
agement Fund"
migori,2024_25,1,Public Health & Sanitation Department,,,,False,,Public Health & Sanitation Department,
migori,2024_25,1,"Planning &
Administrative
Support Services","Infrastructure &
Health Facility Man-
agement",,,False,,"Planning &
Administrative
Support Services","Infrastructure &
Health Facility Man-
agement"
migori,2024_25,1,"Planning &
Administrative
Support Services","Health Financing &
Universal Health Cov-
erage (UHC) co-ordi-
nation",12000000.0,,False,,"Planning &
Administrative
Support Services","Health Financing &
Universal Health Cov-
erage (UHC) co-ordi-
nation"
migori,2024_25,1,"Planning &
Administrative
Support Services","Community health
infrastructure services
(CHVs)",30915754.0,,False,,"Planning &
Administrative
Support Services","Community health
infrastructure services
(CHVs)"
migori,2024_25,1,"Preventive
& Promotive
Health Services","Human Nutrition &
Dietetics services",3850000.0,,False,,"Preventive
& Promotive
Health Services","Human Nutrition &
Dietetics services"
migori,2024_25,1,"Preventive
& Promotive
Health Services","HIV/AIDS manage-
ment",21170000.0,,False,,"Preventive
& Promotive
Health Services","HIV/AIDS manage-
ment"
migori,2024_25,1,"Preventive
& Promotive
Health Services",TB control,8600000.0,,False,,"Preventive
& Promotive
Health Services",TB control
migori,2024_25,1,"Preventive
& Promotive
Health Services",Malaria Control,9228000.0,,False,,"Preventive
& Promotive
Health Services",Malaria Control
migori,2024_25,1,"Preventive
& Promotive
Health Services","Non-Communicable
Diseases (NCDs",10630000.0,,False,,"Preventive
& Promotive
Health Services","Non-Communicable
Diseases (NCDs"
migori,2024_25,1,"Preventive
& Promotive
Health Services","Disease surveillance/
Emergency prepared-
ness",10950000.0,,False,,"Preventive
& Promotive
Health Services","Disease surveillance/
Emergency prepared-
ness"
migori,2024_25,1,"Preventive
& Promotive
Health Services","Health promotion &
education",2800000.0,,False,,"Preventive
& Promotive
Health Services","Health promotion &
education"
migori,2024_25,1,"Preventive
& Promotive
Health Services","Maternal & Reproduc-
tive Health services",14500000.0,,False,,"Preventive
& Promotive
Health Services","Maternal & Reproduc-
tive Health services"
migori,2024_25,1,"Preventive
& Promotive
Health Services","Neonatal, Child, Ado-
lescent & Youth health
services",4000000.0,,False,,"Preventive
& Promotive
Health Services","Neonatal, Child, Ado-
lescent & Youth health
services"
migori,2024_25,1,"Preventive
& Promotive
Health Services","Expanded Program for
Immunization (Immu-
nization)",12270000.0,,False,,"Preventive
& Promotive
Health Services","Expanded Program for
Immunization (Immu-
nization)"
migori,2024_25,1,"Preventive
& Promotive
Health Services","Gender-Based Vio-
lence health services",900000.0,,False,,"Preventive
& Promotive
Health Services","Gender-Based Vio-
lence health services"
migori,2024_25,1,"Preventive
& Promotive
Health Services","Neglected Tropical
Diseases services.",950000.0,,False,,"Preventive
& Promotive
Health Services","Neglected Tropical
Diseases services."
migori,2024_25,1,"Preventive
& Promotive
Health Services","Environmental Health
& Sanitation Services",1000000.0,,False,,"Preventive
& Promotive
Health Services","Environmental Health
& Sanitation Services"
migori,2024_25,1,"Curative,
Rehabilitative &
Referral Services","Health Products &
Technologies",106255000.0,,False,,"Curative,
Rehabilitative &
Referral Services","Health Products &
Technologies"
migori,2024_25,1,"Curative,
Rehabilitative &
Referral Services","Diagnostic & Rehabili-
tation Services",1500000.0,,False,,"Curative,
Rehabilitative &
Referral Services","Diagnostic & Rehabili-
tation Services"
mombasa,2024_25,1,Programme 1,"Protocol, Hospitality and Com-
munication",23000000.0,3482120.0,False,,Programme 1,"Protocol, Hospitality and Com-
munication"
mombasa,2024_25,1,HEALTH SERVICES,,,,False,,HEALTH SERVICES,
mombasa,2024_25,1,HEALTH SERVICES,,,,False,,HEALTH SERVICES,
mombasa,2024_25,1,Programme 7,"Preventive and Promotive
Health services",157680000.0,,False,,Programme 7,"Preventive and Promotive
Health services"
mombasa,2024_25,1,Programme 7,"Curative/Clinical Health
Services",132000000.0,,False,,Programme 7,"Curative/Clinical Health
Services"
mombasa,2024_25,1,Programme 7,"Coast General Teaching and
Referral Hospital",650000000.0,,False,,Programme 7,"Coast General Teaching and
Referral Hospital"
muranga,2024_25,1,Health And Sanitation,,,,False,,Health And Sanitation,
muranga,2024_25,1,Alcohol Program,"402034010 Preventive
and Promotive Care",,,False,,Alcohol Program,"402034010 Preventive
and Promotive Care"
muranga,2024_25,1,Curative Program,"402054010 Free Pri-
mary HealthCare",254800000.0,19645960.0,False,,Curative Program,"402054010 Free Pri-
mary HealthCare"
nairobi,2024_25,1,"0116005310 P.10:-
Animal Health,
Safety and Quality
Assurance","0116015310 sp 10.1
Animal Research,
Diseases, Pest Control
& Quality Assurance",1990168.0,,False,,"0116005310 P.10:-
Animal Health,
Safety and Quality
Assurance","0116015310 sp 10.1
Animal Research,
Diseases, Pest Control
& Quality Assurance"
nairobi,2024_25,1,"0405005310 P5
Public Health","0405015310 Sp5.1
HIV/AIDS Prevention
& Control Unit",1624625.0,,False,,"0405005310 P5
Public Health","0405015310 Sp5.1
HIV/AIDS Prevention
& Control Unit"
nairobi,2024_25,1,"0405005310 P5
Public Health","0405025310 Sp5.2 TB
Control",487389.0,,False,,"0405005310 P5
Public Health","0405025310 Sp5.2 TB
Control"
nairobi,2024_25,1,"0405005310 P5
Public Health","0405035310 Sp5.3
Malaria Control &
Other Communicable
Diseases",2802477.0,,False,,"0405005310 P5
Public Health","0405035310 Sp5.3
Malaria Control &
Other Communicable
Diseases"
nairobi,2024_25,1,"0405005310 P5
Public Health","0405045310 Sp5.4
Environmental / Public
Health",4061559.0,,False,,"0405005310 P5
Public Health","0405045310 Sp5.4
Environmental / Public
Health"
nairobi,2024_25,1,"0405005310 P5
Public Health","0405055310 Sp5.5
Health Policy and
Regulation",4061559.0,,False,,"0405005310 P5
Public Health","0405055310 Sp5.5
Health Policy and
Regulation"
nairobi,2024_25,1,"0405005310 P5
Public Health","0404105310 Sp 4.10
Coroner Services Unit",6092339.0,,False,,"0405005310 P5
Public Health","0404105310 Sp 4.10
Coroner Services Unit"
nairobi,2024_25,1,"0405005310 P5
Public Health","0405075310 Sp5.7
Nairobi County Public
Health Emergency
Response",2396320.0,,False,,"0405005310 P5
Public Health","0405075310 Sp5.7
Nairobi County Public
Health Emergency
Response"
nairobi,2024_25,1,"0406005310 P6
Health Facilities","0406015310 Sp6.1
County Referral
Hospitals",5203078.0,,False,,"0406005310 P6
Health Facilities","0406015310 Sp6.1
County Referral
Hospitals"
nairobi,2024_25,1,"0406005310 P6
Health Facilities",,7003078.0,,False,,"0406005310 P6
Health Facilities",
nairobi,2024_25,1,"0406005310 P6
Health Facilities",,6203078.0,,False,,"0406005310 P6
Health Facilities",
nairobi,2024_25,1,"0406005310 P6
Health Facilities",,5284309.0,,False,,"0406005310 P6
Health Facilities",
nairobi,2024_25,1,"0406005310 P6
Health Facilities",,2403078.0,,False,,"0406005310 P6
Health Facilities",
nairobi,2024_25,1,"0406005310 P6
Health Facilities",,,,False,,"0406005310 P6
Health Facilities",
nairobi,2024_25,1,"0406005310 P6
Health Facilities","0406025310 Sp6.2
Health planning and
financing",12619977.0,,False,,"0406005310 P6
Health Facilities","0406025310 Sp6.2
Health planning and
financing"
nairobi,2024_25,1,"0406005310 P6
Health Facilities","0406035310 Sp6.3
Health Centres &
Dispensaries",60027723.0,,False,,"0406005310 P6
Health Facilities","0406035310 Sp6.3
Health Centres &
Dispensaries"
nairobi,2024_25,1,"0406005310 P6
Health Facilities",,,,False,,"0406005310 P6
Health Facilities",
nairobi,2024_25,1,"0406005310 P6
Health Facilities","0406045310 Sp6.4
Pumwani School of
Nursing",812312.0,,False,,"0406005310 P6
Health Facilities","0406045310 Sp6.4
Pumwani School of
Nursing"
nairobi,2024_25,1,"0406005310 P6
Health Facilities","0406055310 Sp6.5
Health Commodities",25000000.0,,False,,"0406005310 P6
Health Facilities","0406055310 Sp6.5
Health Commodities"
nairobi,2024_25,1,"0407005310 P7
medical services","0407015310 Sp7.1
Primary Health Care",34684837.0,,False,,"0407005310 P7
medical services","0407015310 Sp7.1
Primary Health Care"
nairobi,2024_25,1,"0407005310 P7
medical services","0407025310 Sp7.2 Nai-
robi Medical Insurance",,,False,,"0407005310 P7
medical services","0407025310 Sp7.2 Nai-
robi Medical Insurance"
nairobi,2024_25,1,"0407005310 P7
medical services","0407035310 Sp7.3
Reproductive Health
& Maternal Health
(RMNCAH)",28645296.0,,False,,"0407005310 P7
medical services","0407035310 Sp7.3
Reproductive Health
& Maternal Health
(RMNCAH)"
nairobi,2024_25,1,"0407005310 P7
medical services","0407045310 Sp7.4
Clinical Services",111055832.0,,False,,"0407005310 P7
medical services","0407045310 Sp7.4
Clinical Services"
nairobi,2024_25,1,"0407005310 P7
medical services",,27481661.0,,False,,"0407005310 P7
medical services",
nairobi,2024_25,1,"0407005310 P7
medical services","0407055310 Sp7.5
Research, Quality
assurance & standards
unit",1624624.0,,False,,"0407005310 P7
medical services","0407055310 Sp7.5
Research, Quality
assurance & standards
unit"
nairobi,2024_25,1,"0404005310 Gen-
eral administra-
tion, planning and
support services","0404015310 Sp4.1 Ad-
ministration/Human
Resource for Health",7009051798.0,1105442101.0,False,,"0404005310 Gen-
eral administra-
tion, planning and
support services","0404015310 Sp4.1 Ad-
ministration/Human
Resource for Health"
nakuru,2024_25,1,DEPARTMENT OF HEALTH SERVICES,,,,False,,DEPARTMENT OF HEALTH SERVICES,
nakuru,2024_25,1,"Programme 1
administration
and planning","SP 1.1 Health information
systems",21800000.0,0.0,False,,"Programme 1
administration
and planning","SP 1.1 Health information
systems"
nakuru,2024_25,1,"Programme 1
administration
and planning","SP 1.5 Health infrastructure
and development",9800000.0,0.0,False,,"Programme 1
administration
and planning","SP 1.5 Health infrastructure
and development"
nakuru,2024_25,1,"Programme 2
health preventive
and promotive
services",SP 2.1 Primary Healthcare,823325.0,0.0,False,,"Programme 2
health preventive
and promotive
services",SP 2.1 Primary Healthcare
nakuru,2024_25,1,"Programme 2
health preventive
and promotive
services","SP 2.2 environmental health
and sanitation",2100000.0,0.0,False,,"Programme 2
health preventive
and promotive
services","SP 2.2 environmental health
and sanitation"
nakuru,2024_25,1,"Programme 2
health preventive
and promotive
services",SP 2.3 human resource,225039940.0,0.0,False,,"Programme 2
health preventive
and promotive
services",SP 2.3 human resource
nakuru,2024_25,1,"Programme 2
health preventive
and promotive
services","SP 2.4 Disease surveillance
and emergency response",1000000.0,0.0,False,,"Programme 2
health preventive
and promotive
services","SP 2.4 Disease surveillance
and emergency response"
nakuru,2024_25,1,"Programme 2
health preventive
and promotive
services",SP 2.5 Health promotive,1000000.0,0.0,False,,"Programme 2
health preventive
and promotive
services",SP 2.5 Health promotive
nakuru,2024_25,1,"Programme 2
health preventive
and promotive
services",SP 2.6 HIV programme,2000000.0,0.0,False,,"Programme 2
health preventive
and promotive
services",SP 2.6 HIV programme
nakuru,2024_25,1,"Programme 2
health preventive
and promotive
services",,,,False,,"Programme 2
health preventive
and promotive
services",
nakuru,2024_25,1,"Programme 2
health preventive
and promotive
services",SP 2.7 Nutrition,11500000.0,0.0,False,,"Programme 2
health preventive
and promotive
services",SP 2.7 Nutrition
nakuru,2024_25,1,"Programme 2
health preventive
and promotive
services",SP 2.8 Reproductive health,1250000.0,0.0,False,,"Programme 2
health preventive
and promotive
services",SP 2.8 Reproductive health
nakuru,2024_25,1,"Programme 2
health preventive
and promotive
services",SP 2.9 immunisation,2000000.0,0.0,False,,"Programme 2
health preventive
and promotive
services",SP 2.9 immunisation
nakuru,2024_25,1,"Programme 3
Health curative
and rehabilitative
services","SP 3.1 Provision of essential
health services in all",1296505448.0,256715467.0,False,,"Programme 3
Health curative
and rehabilitative
services","SP 3.1 Provision of essential
health services in all"
nakuru,2024_25,1,"Programme 3
Health curative
and rehabilitative
services","SP 3.2 Elimination of com-
municable and non-commu-
nicable diseases",2300000.0,0.0,False,,"Programme 3
Health curative
and rehabilitative
services","SP 3.2 Elimination of com-
municable and non-commu-
nicable diseases"
nakuru,2024_25,1,"Programme 3
Health curative
and rehabilitative
services",SP 3.3 Human resource,401873533.0,117836485.0,False,,"Programme 3
Health curative
and rehabilitative
services",SP 3.3 Human resource
narok,2024_25,1,401004610.0,"Preventive &Promotive Health
Services",481094035.0,0.0,False,,401004610.0,"Preventive &Promotive Health
Services"
narok,2024_25,1,401004610.0,Health Promotion,481094035.0,0.0,False,,401004610.0,Health Promotion
narok,2024_25,1,402004610.0,Curative Health Services,488124894.0,0.0,False,,402004610.0,Curative Health Services
narok,2024_25,1,403004610.0,"Health Policy, Planning and Financ-
ing",2353149416.0,799330069.0,False,,403004610.0,"Health Policy, Planning and Financ-
ing"
nyamira,2024_25,1,Department of Health,,,,False,,Department of Health,
nyamira,2024_25,1,"Policy Planning
and support
services",Medical services,168650000.0,0.0,False,,"Policy Planning
and support
services",Medical services
nyamira,2024_25,1,"Livestock
Development &
promotion","Animal Health Disease and
Management",1000000.0,0.0,False,,"Livestock
Development &
promotion","Animal Health Disease and
Management"
nyamira,2024_25,1,Department of Primary Healthcare,,,,False,,Department of Primary Healthcare,
nyamira,2024_25,1,"Health Policy Plan-
ning and Financing",,1500000.0,0.0,False,,"Health Policy Plan-
ning and Financing",
nyamira,2024_25,1,"Health Policy Plan-
ning and Financing","Health Policy Planning and
Financing",1500000.0,0.0,False,,"Health Policy Plan-
ning and Financing","Health Policy Planning and
Financing"
nyamira,2024_25,1,"Curative Health
Services",,,,False,,"Curative Health
Services",
nyamira,2024_25,1,"Curative Health
Services",Facility infrastructural services,57634002.0,,False,,"Curative Health
Services",Facility infrastructural services
nyandarua,2024_25,1,"Human Resource
Management","Human Resource
Management (In-
cluding employee
gratuity, pension
and medical insur-
ance)",268610000.0,350000.0,False,,"Human Resource
Management","Human Resource
Management (In-
cluding employee
gratuity, pension
and medical insur-
ance)"
nyandarua,2024_25,1,Health Services,,,,False,,Health Services,
nyandarua,2024_25,1,"Preventive and
Promotive Services","Preventive and
Promotive Services",90420000.0,13050000.0,False,,"Preventive and
Promotive Services","Preventive and
Promotive Services"
nyandarua,2024_25,1,Curative Services,Curative Services,84650000.0,490000.0,False,,Curative Services,Curative Services
nyandarua,2024_25,1,Curative Services,"Health Improve-
ment Financing
(FIF)",250000000.0,,False,,Curative Services,"Health Improve-
ment Financing
(FIF)"
nyandarua,2024_25,1,Curative Services,"Universal health
care and grants",34397500.0,,False,,Curative Services,"Universal health
care and grants"
nyeri,2024_25,1,Health Services,,550000.0,56000.0,False,,Health Services,
nyeri,2024_25,1,Health Services,,17570350.0,0.0,False,,Health Services,
nyeri,2024_25,1,Health Services,,2627212340.0,612235310.0,False,,Health Services,
samburu,2024_25,1,"Medical Services,
Public Health &
Sanitation",,,,False,,"Medical Services,
Public Health &
Sanitation",
samburu,2024_25,1,"Medical Services,
Public Health &
Sanitation","General Administration
Planning and Support
Services",,,False,,"Medical Services,
Public Health &
Sanitation","General Administration
Planning and Support
Services"
samburu,2024_25,1,"Administration,
Planning and Sup-
port Services","Preventive and Promotive
Health Services",,,False,,"Administration,
Planning and Sup-
port Services","Preventive and Promotive
Health Services"
samburu,2024_25,1,"Non-Communi-
cable Disease &
prevention control",Maternal Health Services,30478622.0,734740.0,False,,"Non-Communi-
cable Disease &
prevention control",Maternal Health Services
samburu,2024_25,1,"Non-Communi-
cable Disease &
prevention control",Health Promotive Services,83062738.0,17342028.0,False,,"Non-Communi-
cable Disease &
prevention control",Health Promotive Services
samburu,2024_25,1,"Non-Communi-
cable Disease &
prevention control",Health curative Services,136336382.0,9119653.0,False,,"Non-Communi-
cable Disease &
prevention control",Health curative Services
samburu,2024_25,1,"County Referral
Services",Free Primary Healthcare,565791147.0,77521746.0,False,,"County Referral
Services",Free Primary Healthcare
samburu,2024_25,1,"County Referral
Services","Provision Of Essential
Health Services In All The
Levels",179194443.0,32286878.0,False,,"County Referral
Services","Provision Of Essential
Health Services In All The
Levels"
samburu,2024_25,1,"Health Standards
and Quality As-
surance Services","Health Standards and Qual-
ity Assurance Services",271793198.0,39756316.0,False,,"Health Standards
and Quality As-
surance Services","Health Standards and Qual-
ity Assurance Services"
samburu,2024_25,1,"Health Standards
and Quality As-
surance Services",Research And Development,94436123.0,17201979.0,False,,"Health Standards
and Quality As-
surance Services",Research And Development
samburu,2024_25,1,"Health Standards
and Quality As-
surance Services","Health Infrastructure devel-
opment",5426344.0,,False,,"Health Standards
and Quality As-
surance Services","Health Infrastructure devel-
opment"
samburu,2024_25,1,"Health Standards
and Quality As-
surance Services","Human Resources for
health",11461630.0,,False,,"Health Standards
and Quality As-
surance Services","Human Resources for
health"
samburu,2024_25,1,"Health Standards
and Quality As-
surance Services","Health Policy, Planning &
Financing",137190994.0,21043053.0,False,,"Health Standards
and Quality As-
surance Services","Health Policy, Planning &
Financing"
samburu,2024_25,1,"Health Standards
and Quality As-
surance Services",,24478107.0,1511284.0,False,,"Health Standards
and Quality As-
surance Services",
siaya,2024_25,1,Department of Health Services.,,,,False,,Department of Health Services.,
siaya,2024_25,1,Programme 1.,"SP 2. Curative healthcare
services",,,False,,Programme 1.,"SP 2. Curative healthcare
services"
siaya,2024_25,1,Programme 1.,"SP 3. Preventive, promo-
tive & rehabilitative",,,False,,Programme 1.,"SP 3. Preventive, promo-
tive & rehabilitative"
siaya,2024_25,1,Programme 1.,"SP 10. Environmental
health services",,0.0,False,,Programme 1.,"SP 10. Environmental
health services"
tana,2024_25,1,"Veterinary
services","Veterinary Public
Health/Abattoirs",8182846.0,,False,,"Veterinary
services","Veterinary Public
Health/Abattoirs"
tana,2024_25,1,Health and Sanitation,,,,False,,Health and Sanitation,
tana,2024_25,1,Health and Sanitation,Medical Supplies,190650000.0,,False,,Health and Sanitation,Medical Supplies
tana,2024_25,1,Health and Sanitation,Medical Services,52200000.0,,False,,Health and Sanitation,Medical Services
tana,2024_25,1,Health and Sanitation,Ambulance services,11700000.0,,False,,Health and Sanitation,Ambulance services
tana,2024_25,1,Health and Sanitation,"Preventive and Pro-
motive",27050041.0,,False,,Health and Sanitation,"Preventive and Pro-
motive"
tana,2024_25,1,Health and Sanitation,Mobile clinics,8800000.0,,False,,Health and Sanitation,Mobile clinics
tana,2024_25,1,Health and Sanitation,"Licensing and control
of undertaking",13045859.0,,False,,Health and Sanitation,"Licensing and control
of undertaking"
tana,2024_25,1,Health and Sanitation,,,,False,,Health and Sanitation,
tana,2024_25,1,Health and Sanitation,"General Administra-
tion, Planning and
support services",1232553936.0,,False,,Health and Sanitation,"General Administra-
tion, Planning and
support services"
tana,2024_25,1,Health and Sanitation,Development,,,False,,Health and Sanitation,Development
trans,2024_25,1,Health Services,,,,False,,Health Services,
trans,2024_25,1,Health Corporate,,2302550904.0,289755964.0,False,,Health Corporate,
trans,2024_25,1,Health Corporate,,,,False,,Health Corporate,
trans,2024_25,1,"Administrative
and Support
Services","Preventive Health
Services",,,False,,"Administrative
and Support
Services","Preventive Health
Services"
turkana,2024_25,1,Health and Sanitation Services,,,,False,,Health and Sanitation Services,
turkana,2024_25,1,"General administration,
Planning and support
services",Health Facilities,22500000.0,,False,,"General administration,
Planning and support
services",Health Facilities
turkana,2024_25,1,"General administration,
Planning and support
services","General Administration, Planning and Support
Services - Medical Services",121000000.0,2380195.0,False,,"General administration,
Planning and support
services","General Administration, Planning and Support
Services - Medical Services"
turkana,2024_25,1,"General administration,
Planning and support
services","General Administration, Planning and Support
Services - Preventive and Promotive Services",554909831.0,121298.0,False,,"General administration,
Planning and support
services","General Administration, Planning and Support
Services - Preventive and Promotive Services"
turkana,2024_25,1,"Support to Health Pro-
grams","HIV & AIDS, including community-based
HIV interventions",1500000.0,,False,,"Support to Health Pro-
grams","HIV & AIDS, including community-based
HIV interventions"
turkana,2024_25,1,"Support to Health Pro-
grams",TB and Leprosy,1500000.0,,False,,"Support to Health Pro-
grams",TB and Leprosy
turkana,2024_25,1,"Support to Health Pro-
grams",NTDs (neglected tropical diseases),1000000.0,,False,,"Support to Health Pro-
grams",NTDs (neglected tropical diseases)
turkana,2024_25,1,"Support to Health Pro-
grams",Child Health,500000.0,,False,,"Support to Health Pro-
grams",Child Health
turkana,2024_25,1,"Support to Health Pro-
grams",Reproductive health,2960000.0,,False,,"Support to Health Pro-
grams",Reproductive health
turkana,2024_25,1,"Support to Health Pro-
grams",Gender-Based Violence care,2150000.0,,False,,"Support to Health Pro-
grams",Gender-Based Violence care
turkana,2024_25,1,"Support to Health Pro-
grams",EPI/outreaches,2000000.0,,False,,"Support to Health Pro-
grams",EPI/outreaches
turkana,2024_25,1,"Support to Health Pro-
grams",Adolescent Youth Repro. Health,500000.0,,False,,"Support to Health Pro-
grams",Adolescent Youth Repro. Health
turkana,2024_25,1,"Support to Health Pro-
grams",Maternal and Neonatal Health,1500000.0,,False,,"Support to Health Pro-
grams",Maternal and Neonatal Health
turkana,2024_25,1,"Support to Health Pro-
grams",Rural Health Facilities Support,500000.0,,False,,"Support to Health Pro-
grams",Rural Health Facilities Support
turkana,2024_25,1,Medical Services,Laboratory Services,3000000.0,,False,,Medical Services,Laboratory Services
turkana,2024_25,1,Medical Services,Blood Transfusion Services,1500000.0,,False,,Medical Services,Blood Transfusion Services
turkana,2024_25,1,Medical Services,Rehabilitative Services,800000.0,,False,,Medical Services,Rehabilitative Services
turkana,2024_25,1,Medical Services,Referrals and Emergency Services,32000000.0,,False,,Medical Services,Referrals and Emergency Services
turkana,2024_25,1,Medical Services,Radiology Services,200000.0,,False,,Medical Services,Radiology Services
turkana,2024_25,1,Medical Services,Dental Services,500000.0,,False,,Medical Services,Dental Services
turkana,2024_25,1,Medical Services,Clinical Services,1300000.0,,False,,Medical Services,Clinical Services
turkana,2024_25,1,Medical Services,Nursing Services,1700000.0,,False,,Medical Services,Nursing Services
turkana,2024_25,1,Medical Services,Sub county Health Facilities Support,2800000.0,,False,,Medical Services,Sub county Health Facilities Support
turkana,2024_25,1,Medical Services,Ophthalmic Services,1000000.0,,False,,Medical Services,Ophthalmic Services
turkana,2024_25,1,Medical Services,Malaria,1000000.0,,False,,Medical Services,Malaria
turkana,2024_25,1,Medical Services,Mental Health,500000.0,,False,,Medical Services,Mental Health
turkana,2024_25,1,Medical Services,Biomedical Engineering,500000.0,,False,,Medical Services,Biomedical Engineering
turkana,2024_25,1,Medical Services,UHC Turkana,300000.0,,False,,Medical Services,UHC Turkana
turkana,2024_25,1,"Lodwar County And
Referral Hospital",LCRH Operations and Support Services,444186086.0,111046521.0,False,,"Lodwar County And
Referral Hospital",LCRH Operations and Support Services
turkana,2024_25,1,Medical Supplies,Medical Supplies,309975942.0,,False,,Medical Supplies,Medical Supplies
turkana,2024_25,1,Medical Supplies,Health Management,1700000.0,,False,,Medical Supplies,Health Management
turkana,2024_25,1,"Policy, Planning, Moni-
toring and Evaluation",Health Information Management,1350000.0,,False,,"Policy, Planning, Moni-
toring and Evaluation",Health Information Management
turkana,2024_25,1,"Policy, Planning, Moni-
toring and Evaluation",Electronic Medical Records,800000.0,,False,,"Policy, Planning, Moni-
toring and Evaluation",Electronic Medical Records
turkana,2024_25,1,"Policy, Planning, Moni-
toring and Evaluation",Health Partners Coordination,1400000.0,,False,,"Policy, Planning, Moni-
toring and Evaluation",Health Partners Coordination
turkana,2024_25,1,"Policy, Planning, Moni-
toring and Evaluation",Monitoring and Evaluation of Health,800000.0,,False,,"Policy, Planning, Moni-
toring and Evaluation",Monitoring and Evaluation of Health
turkana,2024_25,1,"Community Health
Services",Community Health Services,1400000.0,,False,,"Community Health
Services",Community Health Services
turkana,2024_25,1,"Community Health
Services",Community Nutrition,3350000.0,,False,,"Community Health
Services",Community Nutrition
turkana,2024_25,1,"Community Health
Services",MIYCN and Emergency Nutrition,1500000.0,,False,,"Community Health
Services",MIYCN and Emergency Nutrition
turkana,2024_25,1,Public Health,Food safety,300000.0,,False,,Public Health,Food safety
turkana,2024_25,1,Public Health,School Health,250000.0,,False,,Public Health,School Health
turkana,2024_25,1,Public Health,Disease Surveillance Response,1050000.0,,False,,Public Health,Disease Surveillance Response
turkana,2024_25,1,Public Health,Alcohol and Substance Abuse,2500000.0,,False,,Public Health,Alcohol and Substance Abuse
turkana,2024_25,1,Level 6 Hospital,Turkana Level 6 Hospital,146500000.0,,False,,Level 6 Hospital,Turkana Level 6 Hospital
uasin,2024_25,1,Health Services,,,,False,,Health Services,
uasin,2024_25,1,Health Services,110014310.0,30000000.0,,False,,Health Services,110014310.0
uasin,2024_25,1,Health Services,407024310.0,,,False,,Health Services,407024310.0
uasin,2024_25,1,Health Services,504014310.0,1573720748.0,268601952.5,False,,Health Services,504014310.0
uasin,2024_25,1,Health Services,,1603720748.0,268601952.5,False,,Health Services,
uasin,2024_25,1,Promotive and Preventive Health,,,,False,,Promotive and Preventive Health,
uasin,2024_25,1,Promotive and Preventive Health,405014310.0,,,False,,Promotive and Preventive Health,405014310.0
uasin,2024_25,1,Promotive and Preventive Health,504014310.0,515176243.0,23670670.0,False,,Promotive and Preventive Health,504014310.0
uasin,2024_25,1,Promotive and Preventive Health,707014310.0,,,False,,Promotive and Preventive Health,707014310.0
uasin,2024_25,1,Promotive and Preventive Health,,515176243.0,23670670.0,False,,Promotive and Preventive Health,
vihiga,2024_25,1,"Promotive and Pre-
ventive Healthcare
Services",,59710000.0,1002280.0,False,,"Promotive and Pre-
ventive Healthcare
Services",
vihiga,2024_25,1,"Promotive and Pre-
ventive Healthcare
Services",Public Health Services,550000.0,,False,,"Promotive and Pre-
ventive Healthcare
Services",Public Health Services
vihiga,2024_25,1,"Promotive and Pre-
ventive Healthcare
Services",Community Health Strategy,53594000.0,,False,,"Promotive and Pre-
ventive Healthcare
Services",Community Health Strategy
vihiga,2024_25,1,"Promotive and Pre-
ventive Healthcare
Services",Reproductive Healthcare,5050000.0,1002280.0,False,,"Promotive and Pre-
ventive Healthcare
Services",Reproductive Healthcare
vihiga,2024_25,1,"Promotive and Pre-
ventive Healthcare
Services","Disease Surveillance and
Emergency",516000.0,,False,,"Promotive and Pre-
ventive Healthcare
Services","Disease Surveillance and
Emergency"
vihiga,2024_25,1,"Curative And Re-
habilitative Health
Services",,121584000.0,19243936.0,False,,"Curative And Re-
habilitative Health
Services",
vihiga,2024_25,1,"Curative And Re-
habilitative Health
Services",Medical services,14780000.0,,False,,"Curative And Re-
habilitative Health
Services",Medical services
vihiga,2024_25,1,"Curative And Re-
habilitative Health
Services","Drugs and Other Medical
Supplies",106804000.0,19243936.0,False,,"Curative And Re-
habilitative Health
Services","Drugs and Other Medical
Supplies"
vihiga,2024_25,1,"Curative And Re-
habilitative Health
Services",County referral services,,,False,,"Curative And Re-
habilitative Health
Services",County referral services
vihiga,2024_25,1,"Child and Maternal
Health Care",,5038060.0,,False,,"Child and Maternal
Health Care",
vihiga,2024_25,1,"Child and Maternal
Health Care",Nutrition Services,5038060.0,,False,,"Child and Maternal
Health Care",Nutrition Services
vihiga,2024_25,1,"Child and Maternal
Health Care",,,,False,,"Child and Maternal
Health Care",
west,2024_25,1,"Health and Sani-
tation","General
Administration
Planning and
Support Services",2026973033.0,243609564.0,False,,"Health and Sani-
tation","General
Administration
Planning and
Support Services"
bomet,2024_25,2,Medical Services and Public Health,,,,False,,Medical Services and Public Health,
bomet,2024_25,2,"Medical Services
and Public Health","Administration, Planning
and Support Services",1463397433.0,820206630.0,False,,"Medical Services
and Public Health","Administration, Planning
and Support Services"
bomet,2024_25,2,"Medical Services
and Public Health","Health Care Financing –
Transfers to Health Facilities",184726421.0,67527898.0,False,,"Medical Services
and Public Health","Health Care Financing –
Transfers to Health Facilities"
bomet,2024_25,2,"Medical Services
and Public Health",Curative Services,256287510.0,50740834.0,False,,"Medical Services
and Public Health",Curative Services
bomet,2024_25,2,"Medical Services
and Public Health","Preventive and Promotive
Services",308100782.0,1110000.0,False,,"Medical Services
and Public Health","Preventive and Promotive
Services"
bomet,2024_25,2,"Medical Services
and Public Health","Reproductive Health
Services",10000000.0,1017000.0,False,,"Medical Services
and Public Health","Reproductive Health
Services"
bomet,2024_25,2,"Medical Services
and Public Health","Health Infrastructure Devel-
opment",0.0,0.0,False,,"Medical Services
and Public Health","Health Infrastructure Devel-
opment"
bungoma,2024_25,2,"Programme 1: General Administration,
Planning and Support Services",SP 4: Medical Insurance,200.0,50.0,False,,"Programme 1: General Administration,
Planning and Support Services",SP 4: Medical Insurance
bungoma,2024_25,2,Health and Sanitation,,,,False,,Health and Sanitation,
bungoma,2024_25,2,"Programme 1: General Administration
Planning and Support Services","SP 1. 1 Health Administrative
and Support Services",145.37,16.34,False,,"Programme 1: General Administration
Planning and Support Services","SP 1. 1 Health Administrative
and Support Services"
bungoma,2024_25,2,Programme 2: Preventive and Promotive,,1260.78,29.03,False,,Programme 2: Preventive and Promotive,
bungoma,2024_25,2,Programme 2: Preventive and Promotive,,,,False,,Programme 2: Preventive and Promotive,
bungoma,2024_25,2,Programme 2: Preventive and Promotive,"SP 2.1 Communicable and
Non-Communicable Disease
Control",20.0,,False,,Programme 2: Preventive and Promotive,"SP 2.1 Communicable and
Non-Communicable Disease
Control"
bungoma,2024_25,2,Programme 2: Preventive and Promotive,"SP 2.2 Community Health
Strategy",5.6,,False,,Programme 2: Preventive and Promotive,"SP 2.2 Community Health
Strategy"
bungoma,2024_25,2,Programme 2: Preventive and Promotive,SP 2.3 Health Promotion,3.0,,False,,Programme 2: Preventive and Promotive,SP 2.3 Health Promotion
bungoma,2024_25,2,Programme 2: Preventive and Promotive,"SP 2.6 Reproductive, Maternal,
Newborn, Child, And Adoles-
cent Health.",5.0,,False,,Programme 2: Preventive and Promotive,"SP 2.6 Reproductive, Maternal,
Newborn, Child, And Adoles-
cent Health."
bungoma,2024_25,2,Programme 2: Preventive and Promotive,"SP 2.7 Public Health and
Sanitation",8.0,2.03,False,,Programme 2: Preventive and Promotive,"SP 2.7 Public Health and
Sanitation"
bungoma,2024_25,2,Programme 2: Preventive and Promotive,"Specialised Materials and
Supplies",49.94,27.0,False,,Programme 2: Preventive and Promotive,"Specialised Materials and
Supplies"
bungoma,2024_25,2,Programme 2: Preventive and Promotive,Hospital Facilities,1169.25,,False,,Programme 2: Preventive and Promotive,Hospital Facilities
bungoma,2024_25,2,"Programme 4: Service Delivery and Organi-
sational Transformation",Health Management System,,,False,,"Programme 4: Service Delivery and Organi-
sational Transformation",Health Management System
bungoma,2024_25,2,"Programme 4: Urban Environment, Health,
Water, Culture and Human Social Services",,,,False,,"Programme 4: Urban Environment, Health,
Water, Culture and Human Social Services",
bungoma,2024_25,2,"Programme 4: Urban Environment, Health,
Water, Culture and Human Social Services","SP: Urban Environment and
Public Health Services",,,False,,"Programme 4: Urban Environment, Health,
Water, Culture and Human Social Services","SP: Urban Environment and
Public Health Services"
busia,2024_25,2,Department of Health Services.,,,,False,,Department of Health Services.,
elgeyo,2024_25,2,"General adminis-
tration and support
services",Department: Health and Sanitation,,,False,,"General adminis-
tration and support
services",Department: Health and Sanitation
elgeyo,2024_25,2,"General Admin-
istration and
support services","Community and Environmen-
tal Health",,,False,,"General Admin-
istration and
support services","Community and Environmen-
tal Health"
elgeyo,2024_25,2,"General Admin-
istration and
support services",Health Services,,,False,,"General Admin-
istration and
support services",Health Services
embu,2024_25,2,HEALTH,,,,False,,HEALTH,
embu,2024_25,2,Curative Health Services,Primary Health Care,916.8,563.04,False,,Curative Health Services,Primary Health Care
embu,2024_25,2,"Preventive and Promotive
Health Services","Health Promotion & Disease
Control",360.75,221.55,False,,"Preventive and Promotive
Health Services","Health Promotion & Disease
Control"
embu,2024_25,2,EMBU LEVEL 5 HOSPITAL,,,,False,,EMBU LEVEL 5 HOSPITAL,
embu,2024_25,2,Curative Health Services,Primary Healthcare,4.97,3.05,False,,Curative Health Services,Primary Healthcare
embu,2024_25,2,"Preventive and Promotive
Health Services","Health Promotion and Disease
Control",1.36,0.84,False,,"Preventive and Promotive
Health Services","Health Promotion and Disease
Control"
garissa,2024_25,2,Department of Health & Sanitation,,,,False,,Department of Health & Sanitation,
garissa,2024_25,2,"Programme
1: Gover-
nance, quali-
ty assurance
and support
services","Sub-programme 1.2 Health Infor-
mation Systems",5.0,,False,,"Programme
1: Gover-
nance, quali-
ty assurance
and support
services","Sub-programme 1.2 Health Infor-
mation Systems"
garissa,2024_25,2,"Programme
2: Curative
Services, Re-
habilitative
and Referal
services","Sub-programme 2.1 Health prod-
ucts and technologies",208.5,69.83,False,,"Programme
2: Curative
Services, Re-
habilitative
and Referal
services","Sub-programme 2.1 Health prod-
ucts and technologies"
garissa,2024_25,2,"Programme
2: Curative
Services, Re-
habilitative
and Referal
services","Sub-programme 2.2 Rehabilitative
services",11.5,,False,,"Programme
2: Curative
Services, Re-
habilitative
and Referal
services","Sub-programme 2.2 Rehabilitative
services"
garissa,2024_25,2,"Programme
2: Curative
Services, Re-
habilitative
and Referal
services","Sub-programme 2.3 Referral and
Emergency Services",54.26,,False,,"Programme
2: Curative
Services, Re-
habilitative
and Referal
services","Sub-programme 2.3 Referral and
Emergency Services"
garissa,2024_25,2,"Programme
3: Preventive
and pro-
motive and
RMNCH
services","Sub-programme 3.1: Maternal,
newborn, child health and nutri-
tion services",11.08,,False,,"Programme
3: Preventive
and pro-
motive and
RMNCH
services","Sub-programme 3.1: Maternal,
newborn, child health and nutri-
tion services"
garissa,2024_25,2,"Programme
3: Preventive
and pro-
motive and
RMNCH
services","Sub-programme 3.2: Preventive
and Promotive Health Services",11.62,,False,,"Programme
3: Preventive
and pro-
motive and
RMNCH
services","Sub-programme 3.2: Preventive
and Promotive Health Services"
homa,2024_25,2,"Livestock Development
Programme","Livestock Health and Disease
Management",,,False,,"Livestock Development
Programme","Livestock Health and Disease
Management"
homa,2024_25,2,Department of Public Health and Medical Services,,,,False,,Department of Public Health and Medical Services,
homa,2024_25,2,"Preventive and
promotive health
services",Community health services,89620000.0,52491880.0,False,,"Preventive and
promotive health
services",Community health services
homa,2024_25,2,"Preventive and
promotive health
services",Disease control services,6000000.0,,False,,"Preventive and
promotive health
services",Disease control services
homa,2024_25,2,"Preventive and
promotive health
services","Facility Infrastructure improve-
ment services",145000000.0,34119331.0,False,,"Preventive and
promotive health
services","Facility Infrastructure improve-
ment services"
homa,2024_25,2,"Curative and rehabilita-
tive health services",Routine medical health services,110890936.0,41510735.0,False,,"Curative and rehabilita-
tive health services",Routine medical health services
homa,2024_25,2,"Curative and rehabilita-
tive health services","Medical emergency response
services",4000000.0,,False,,"Curative and rehabilita-
tive health services","Medical emergency response
services"
homa,2024_25,2,"Curative and rehabilita-
tive health services","Facility infrastructure improve-
ment services",275000000.0,153709812.0,False,,"Curative and rehabilita-
tive health services","Facility infrastructure improve-
ment services"
kajiado,2024_25,2,Department of Medical Service and Public Health,,,,False,,Department of Medical Service and Public Health,
kajiado,2024_25,2,Curative and Rehabilitative,Hospital Service,,,False,,Curative and Rehabilitative,Hospital Service
kajiado,2024_25,2,Curative and Rehabilitative,"Health Products and Tech-
nologies",,,False,,Curative and Rehabilitative,"Health Products and Tech-
nologies"
kajiado,2024_25,2,Curative and Rehabilitative,Emergency Responses,,,False,,Curative and Rehabilitative,Emergency Responses
kajiado,2024_25,2,Public Health and Sanitation,Reproductive Maternal,,,False,,Public Health and Sanitation,Reproductive Maternal
kajiado,2024_25,2,Public Health and Sanitation,"Communicable and
Non-Communicable disease",,,False,,Public Health and Sanitation,"Communicable and
Non-Communicable disease"
kajiado,2024_25,2,Public Health and Sanitation,Primary Health Care,,,False,,Public Health and Sanitation,Primary Health Care
kajiado,2024_25,2,Public Health and Sanitation,"Disease Surveillance and
Response",,,False,,Public Health and Sanitation,"Disease Surveillance and
Response"
kajiado,2024_25,2,Public Health and Sanitation,Environmental Health,,,False,,Public Health and Sanitation,Environmental Health
kajiado,2024_25,2,"Environmental Management
and Public Health","Environmental Management
and Public Health",,,False,,"Environmental Management
and Public Health","Environmental Management
and Public Health"
kiambu,2024_25,2,KIAMBU COUNTY HEALTH SERVICES,,,,False,,KIAMBU COUNTY HEALTH SERVICES,
kiambu,2024_25,2,Health Services,Curative,1200000000.0,313446295.0,False,,Health Services,Curative
kiambu,2024_25,2,Health Services,"Preventive and
Promotive",959107042.0,61080237.0,False,,Health Services,"Preventive and
Promotive"
kiambu,2024_25,2,Health Services,Pharmaceuticals,120000000.0,,False,,Health Services,Pharmaceuticals
kiambu,2024_25,2,Health Services,,,,False,,Health Services,
kiambu,2024_25,2,Health Services,,,,False,,Health Services,
kiambu,2024_25,2,Health Services,"Administration and
Support",4760698635.0,2224723090.0,False,,Health Services,"Administration and
Support"
kilifi,2024_25,2,Health and Medical Services,,,,False,,Health and Medical Services,
kisii,2024_25,2,Medical Services,,3421154652.0,1156633201.0,False,,Medical Services,
kisii,2024_25,2,public health,,92750000.0,,False,,public health,
kisumu,2024_25,2,"Health Promotion
Service","Health Promotion
Service",7625000.0,,False,,"Health Promotion
Service","Health Promotion
Service"
kisumu,2024_25,2,"Environmental
Health and Sanitation","Environmental
Health and Sanita-
tion",31375000.0,10000000.0,False,,"Environmental
Health and Sanitation","Environmental
Health and Sanita-
tion"
kisumu,2024_25,2,"Medical Services, Public Health and Sanitation",,,,False,,"Medical Services, Public Health and Sanitation",
kisumu,2024_25,2,Reproductive Health,Reproductive Health,450000.0,37800.0,False,,Reproductive Health,Reproductive Health
kisumu,2024_25,2,"Health Promotive
Services","Health Promotive
Services",32578766.0,12603790.0,False,,"Health Promotive
Services","Health Promotive
Services"
kisumu,2024_25,2,"Jaramogi Oginga
Odinga Teaching and
Referral Hospital","Jaramogi Oginga
Odinga Teaching
and Referral Hos-
pital",650000000.0,,False,,"Jaramogi Oginga
Odinga Teaching and
Referral Hospital","Jaramogi Oginga
Odinga Teaching
and Referral Hos-
pital"
kisumu,2024_25,2,"Kisumu County
Referral Hospital","Kisumu County
Referral Hospital",59870067.0,,False,,"Kisumu County
Referral Hospital","Kisumu County
Referral Hospital"
kisumu,2024_25,2,"County and Sub
County Hospital
Services","County and Sub
County Hospital
Services",110321698.0,,False,,"County and Sub
County Hospital
Services","County and Sub
County Hospital
Services"
lamu,2024_25,2,MEDICAL SERVICES,,,,False,,MEDICAL SERVICES,
lamu,2024_25,2,MEDICAL SERVICES,"Human Resource
& Development",18950000.0,6121399.0,False,,MEDICAL SERVICES,"Human Resource
& Development"
lamu,2024_25,2,402003217,"SP4 curative
Services",197600000.0,6689773.0,False,,402003217,"SP4 curative
Services"
lamu,2024_25,2,402003217,"Primary Health
Care Services",,,False,,402003217,"Primary Health
Care Services"
lamu,2024_25,2,402003217,Hospital Services,,,False,,402003217,Hospital Services
lamu,2024_25,2,403003217,"SP4 Preventive and
Promotive Services",8400000.0,4725184.0,False,,403003217,"SP4 Preventive and
Promotive Services"
machakos,2024_25,2,"Coordination
and Supervisory
Services","Hospitality Services
Section",,14259291.0,False,,"Coordination
and Supervisory
Services","Hospitality Services
Section"
machakos,2024_25,2,HEALTH SERVICES,,,,False,,HEALTH SERVICES,
machakos,2024_25,2,"Curative and
Rehabilitative
Health",Machakos Level 5,246379350.0,96919608.0,False,,"Curative and
Rehabilitative
Health",Machakos Level 5
machakos,2024_25,2,"Curative and
Rehabilitative
Health",Kangundo Level 4,46100000.0,32991811.0,False,,"Curative and
Rehabilitative
Health",Kangundo Level 4
machakos,2024_25,2,"Curative and
Rehabilitative
Health",Matuu Level 4,38500000.0,30821855.0,False,,"Curative and
Rehabilitative
Health",Matuu Level 4
machakos,2024_25,2,"Curative and
Rehabilitative
Health",Kathiani Level 4,50500000.0,32162483.0,False,,"Curative and
Rehabilitative
Health",Kathiani Level 4
machakos,2024_25,2,"Curative and
Rehabilitative
Health",Mwala Level 4,32500000.0,25715957.0,False,,"Curative and
Rehabilitative
Health",Mwala Level 4
machakos,2024_25,2,"Curative and
Rehabilitative
Health",Kimiti Level 4,26500000.0,18211621.0,False,,"Curative and
Rehabilitative
Health",Kimiti Level 4
machakos,2024_25,2,"Curative and
Rehabilitative
Health",Masinga Level 4,33600000.0,27770225.0,False,,"Curative and
Rehabilitative
Health",Masinga Level 4
machakos,2024_25,2,"Curative and
Rehabilitative
Health",Athiriver Level 4,20500000.0,14981637.0,False,,"Curative and
Rehabilitative
Health",Athiriver Level 4
machakos,2024_25,2,"Curative and
Rehabilitative
Health",Mutituni Level 4,20500000.0,14978747.0,False,,"Curative and
Rehabilitative
Health",Mutituni Level 4
machakos,2024_25,2,"Curative and
Rehabilitative
Health",Ndithini Level 4,22500000.0,16399390.0,False,,"Curative and
Rehabilitative
Health",Ndithini Level 4
machakos,2024_25,2,"Curative and
Rehabilitative
Health",Kalama Level 4,25500000.0,19331200.0,False,,"Curative and
Rehabilitative
Health",Kalama Level 4
machakos,2024_25,2,"Preventive
and Promotive
Services",Public Health,240203470.0,75395410.0,False,,"Preventive
and Promotive
Services",Public Health
mandera,2024_25,2,Health Services,,,,False,,Health Services,
mandera,2024_25,2,"Preventive,
Promotive and Re-
productive Health
Services","Preventive,
Promotive and
Reproductive
Health Services",129523501.0,19754600.0,False,,"Preventive,
Promotive and Re-
productive Health
Services","Preventive,
Promotive and
Reproductive
Health Services"
mandera,2024_25,2,"Curative Rehabili-
tative and Referral
Services","Curative Reha-
bilitative and
Referral Services",510425547.0,258242195.0,False,,"Curative Rehabili-
tative and Referral
Services","Curative Reha-
bilitative and
Referral Services"
marsabit,2024_25,2,"SP 1.2 Hospitality,
Catering services, dona-
tions and gifts, boards,
committees, confer-
ences and seminars",,46460000.0,13226750.0,False,,"SP 1.2 Hospitality,
Catering services, dona-
tions and gifts, boards,
committees, confer-
ences and seminars",
marsabit,2024_25,2,"SP 3.20 Insurance cost
for group personal,
building, motor vehicle
and medical cover",,39769950.0,1712859.0,False,,"SP 3.20 Insurance cost
for group personal,
building, motor vehicle
and medical cover",
marsabit,2024_25,2,"Health Infrastructure
development",,,,False,,"Health Infrastructure
development",
marsabit,2024_25,2,"Health Planning and
Financing",,1638074916.0,984883741.0,False,,"Health Planning and
Financing",
meru,2024_25,2,HEALTH SERVICES,,,,False,,HEALTH SERVICES,
meru,2024_25,2,Curative Health,,455015300.0,184146526.0,False,,Curative Health,
meru,2024_25,2,Preventive and Promotive Health,,237598330.0,1410500.0,False,,Preventive and Promotive Health,
migori,2024_25,2,"Veterinary
public health","Meat hygiene ser-
vices",250000.0,,False,,"Veterinary
public health","Meat hygiene ser-
vices"
migori,2024_25,2,Department of Medical Services,,,,False,,Department of Medical Services,
migori,2024_25,2,Department of Medical Services,,,,False,,Department of Medical Services,
migori,2024_25,2,"Planning &
Administra-
tive Support
Services","Infrastructure &
Health Facility Man-
agement",,,False,,"Planning &
Administra-
tive Support
Services","Infrastructure &
Health Facility Man-
agement"
migori,2024_25,2,"Planning &
Administra-
tive Support
Services","Health Financing
& Universal Health
Coverage (UHC)
coordination",12460000.0,500000.0,False,,"Planning &
Administra-
tive Support
Services","Health Financing
& Universal Health
Coverage (UHC)
coordination"
migori,2024_25,2,"Preventive
& Promotive
Health Services","Environmental
health services",1200000.0,,False,,"Preventive
& Promotive
Health Services","Environmental
health services"
migori,2024_25,2,"Preventive
& Promotive
Health Services","Human Nutrition &
Dietetics services",1700000.0,,False,,"Preventive
& Promotive
Health Services","Human Nutrition &
Dietetics services"
migori,2024_25,2,"Preventive
& Promotive
Health Services","HIV/AIDS manage-
ment",2000000.0,252000.0,False,,"Preventive
& Promotive
Health Services","HIV/AIDS manage-
ment"
migori,2024_25,2,"Preventive
& Promotive
Health Services",TB control,1200000.0,,False,,"Preventive
& Promotive
Health Services",TB control
migori,2024_25,2,"Preventive
& Promotive
Health Services",Malaria Control,1400000.0,,False,,"Preventive
& Promotive
Health Services",Malaria Control
migori,2024_25,2,"Preventive
& Promotive
Health Services","Non-Communicable
Diseases (NCDs",1400000.0,,False,,"Preventive
& Promotive
Health Services","Non-Communicable
Diseases (NCDs"
migori,2024_25,2,"Preventive
& Promotive
Health Services","Disease surveillance/
Emergency prepared-
ness",950000.0,,False,,"Preventive
& Promotive
Health Services","Disease surveillance/
Emergency prepared-
ness"
migori,2024_25,2,"Preventive
& Promotive
Health Services","Maternal & Re-
productive Health
services",3160000.0,700000.0,False,,"Preventive
& Promotive
Health Services","Maternal & Re-
productive Health
services"
migori,2024_25,2,"Preventive
& Promotive
Health Services","Neonatal, Child,
Adolescent & Youth
health services",1800000.0,,False,,"Preventive
& Promotive
Health Services","Neonatal, Child,
Adolescent & Youth
health services"
migori,2024_25,2,"Preventive
& Promotive
Health Services","Expanded Program
for Immunization
(Immunization",3120000.0,400000.0,False,,"Preventive
& Promotive
Health Services","Expanded Program
for Immunization
(Immunization"
migori,2024_25,2,"Preventive
& Promotive
Health Services","Gender-based vio-
lence health services",1200000.0,300000.0,False,,"Preventive
& Promotive
Health Services","Gender-based vio-
lence health services"
migori,2024_25,2,"Curative,
Rehabilitative
& Referral
Services","Hospital-Level
Services",,,False,,"Curative,
Rehabilitative
& Referral
Services","Hospital-Level
Services"
migori,2024_25,2,"Curative,
Rehabilitative
& Referral
Services","Ambulance & Refer-
ral Services",3200000.0,530591.0,False,,"Curative,
Rehabilitative
& Referral
Services","Ambulance & Refer-
ral Services"
migori,2024_25,2,"Curative,
Rehabilitative
& Referral
Services","Health Products &
Technologies",53190996.0,19681271.0,False,,"Curative,
Rehabilitative
& Referral
Services","Health Products &
Technologies"
migori,2024_25,2,"Curative,
Rehabilitative
& Referral
Services","Diagnostic & Reha-
bilitation Services",7580000.0,4598920.0,False,,"Curative,
Rehabilitative
& Referral
Services","Diagnostic & Reha-
bilitation Services"
migori,2024_25,2,"Curative,
Rehabilitative
& Referral
Services","Health Services
Management Fund",136000000.0,,False,,"Curative,
Rehabilitative
& Referral
Services","Health Services
Management Fund"
migori,2024_25,2,"Curative,
Rehabilitative
& Referral
Services",,,,False,,"Curative,
Rehabilitative
& Referral
Services",
migori,2024_25,2,Department of Public Health & Sanitation,,,,False,,Department of Public Health & Sanitation,
migori,2024_25,2,"Planning &
Administra-
tive Support
Services","Infrastructure &
Health Facility Man-
agement",,,False,,"Planning &
Administra-
tive Support
Services","Infrastructure &
Health Facility Man-
agement"
migori,2024_25,2,"Planning &
Administra-
tive Support
Services","Health Financing
& Universal Health
Coverage (UHC)
coordination",10000000.0,,False,,"Planning &
Administra-
tive Support
Services","Health Financing
& Universal Health
Coverage (UHC)
coordination"
migori,2024_25,2,"Planning &
Administra-
tive Support
Services","Community health
infrastructure ser-
vices (CHVs)",30915754.0,11929296.0,False,,"Planning &
Administra-
tive Support
Services","Community health
infrastructure ser-
vices (CHVs)"
migori,2024_25,2,"Preventive
& Promotive
Health Services","Human Nutrition &
Dietetics services",16850000.0,621400.0,False,,"Preventive
& Promotive
Health Services","Human Nutrition &
Dietetics services"
migori,2024_25,2,"Preventive
& Promotive
Health Services","HIV/AIDS manage-
ment",19170000.0,,False,,"Preventive
& Promotive
Health Services","HIV/AIDS manage-
ment"
migori,2024_25,2,"Preventive
& Promotive
Health Services",TB control,18600000.0,,False,,"Preventive
& Promotive
Health Services",TB control
migori,2024_25,2,"Preventive
& Promotive
Health Services",Malaria Control,14228000.0,330000.0,False,,"Preventive
& Promotive
Health Services",Malaria Control
migori,2024_25,2,"Preventive
& Promotive
Health Services","Non-Communicable
Diseases (NCDs",10630000.0,,False,,"Preventive
& Promotive
Health Services","Non-Communicable
Diseases (NCDs"
migori,2024_25,2,"Preventive
& Promotive
Health Services","Disease surveillance/
Emergency prepared-
ness",11950000.0,,False,,"Preventive
& Promotive
Health Services","Disease surveillance/
Emergency prepared-
ness"
migori,2024_25,2,"Preventive
& Promotive
Health Services","Health promotion &
education",2800000.0,,False,,"Preventive
& Promotive
Health Services","Health promotion &
education"
migori,2024_25,2,"Preventive
& Promotive
Health Services","Maternal & Re-
productive Health
services",13500000.0,500000.0,False,,"Preventive
& Promotive
Health Services","Maternal & Re-
productive Health
services"
migori,2024_25,2,"Preventive
& Promotive
Health Services","Neonatal, Child,
Adolescent & Youth
health services",4000000.0,450000.0,False,,"Preventive
& Promotive
Health Services","Neonatal, Child,
Adolescent & Youth
health services"
migori,2024_25,2,"Preventive
& Promotive
Health Services","Expanded Program
for Immunization
(Immunization)",12270000.0,,False,,"Preventive
& Promotive
Health Services","Expanded Program
for Immunization
(Immunization)"
migori,2024_25,2,"Preventive
& Promotive
Health Services","Gender-ased vio-
lence health services",900000.0,150000.0,False,,"Preventive
& Promotive
Health Services","Gender-ased vio-
lence health services"
migori,2024_25,2,"Preventive
& Promotive
Health Services","Neglected Tropical
Diseases services.",950000.0,100000.0,False,,"Preventive
& Promotive
Health Services","Neglected Tropical
Diseases services."
migori,2024_25,2,"Preventive
& Promotive
Health Services","Environmental
Health & Sanitation
Services",1000000.0,200000.0,False,,"Preventive
& Promotive
Health Services","Environmental
Health & Sanitation
Services"
migori,2024_25,2,"Preventive
& Promotive
Health Services",County co-funding,12000000.0,,False,,"Preventive
& Promotive
Health Services",County co-funding
migori,2024_25,2,"Preventive
& Promotive
Health Services",,,,False,,"Preventive
& Promotive
Health Services",
migori,2024_25,2,"Curative,
Rehabilitative
& Referral
Services","Health Products &
Technologies",88900000.0,30694509.0,False,,"Curative,
Rehabilitative
& Referral
Services","Health Products &
Technologies"
migori,2024_25,2,"Curative,
Rehabilitative
& Referral
Services","Diagnostic & Reha-
bilitation Services",1500000.0,,False,,"Curative,
Rehabilitative
& Referral
Services","Diagnostic & Reha-
bilitation Services"
mombasa,2024_25,2,Programme 1,"Protocol, Hospitality and
Communication",23000000.0,4854340.0,False,,Programme 1,"Protocol, Hospitality and
Communication"
mombasa,2024_25,2,HEALTH SERVICES,,,,False,,HEALTH SERVICES,
mombasa,2024_25,2,Programme 7,"Preventive and Promotive
Health services",157680000.0,1021573.0,False,,Programme 7,"Preventive and Promotive
Health services"
mombasa,2024_25,2,Programme 7,"Curative/Clinical Health
Services",132000000.0,,False,,Programme 7,"Curative/Clinical Health
Services"
mombasa,2024_25,2,Programme 7,"Coast General Teaching
and Referral Hospital",650000000.0,33977502.0,False,,Programme 7,"Coast General Teaching
and Referral Hospital"
muranga,2024_25,2,Health and Sanitation,,,,False,,Health and Sanitation,
muranga,2024_25,2,Alcohol Program,"402034010 Preventive
and Promotive Care",,,False,,Alcohol Program,"402034010 Preventive
and Promotive Care"
muranga,2024_25,2,"Curative Pro-
gram","402054010 Free Primary
Healthcare",254800000.0,125429100.0,False,,"Curative Pro-
gram","402054010 Free Primary
Healthcare"
nakuru,2024_25,2,DEPARTMENT OF HEALTH SERVICES,,,,False,,DEPARTMENT OF HEALTH SERVICES,
nakuru,2024_25,2,"Programme 1
administration
and planning","SP 1.1 Health informa-
tion systems",21800000.0,0.0,False,,"Programme 1
administration
and planning","SP 1.1 Health informa-
tion systems"
nakuru,2024_25,2,"Programme 1
administration
and planning","SP 1.5 Health infra-
structure and develop-
ment",9800000.0,0.0,False,,"Programme 1
administration
and planning","SP 1.5 Health infra-
structure and develop-
ment"
nakuru,2024_25,2,"Programme 2
health preventive
and promotive
services","SP 2.1 Primary
Healthcare",823325.0,0.0,False,,"Programme 2
health preventive
and promotive
services","SP 2.1 Primary
Healthcare"
nakuru,2024_25,2,"Programme 2
health preventive
and promotive
services","SP 2.2 environmental
health and sanitation",2100000.0,0.0,False,,"Programme 2
health preventive
and promotive
services","SP 2.2 environmental
health and sanitation"
nakuru,2024_25,2,"Programme 2
health preventive
and promotive
services","SP 2.3 Human re-
source",225039940.0,0.0,False,,"Programme 2
health preventive
and promotive
services","SP 2.3 Human re-
source"
nakuru,2024_25,2,"Programme 2
health preventive
and promotive
services","SP 2.4 Disease surveil-
lance and emergency
response",1000000.0,0.0,False,,"Programme 2
health preventive
and promotive
services","SP 2.4 Disease surveil-
lance and emergency
response"
nakuru,2024_25,2,"Programme 2
health preventive
and promotive
services","SP 2.5 Health promo-
tive",1000000.0,0.0,False,,"Programme 2
health preventive
and promotive
services","SP 2.5 Health promo-
tive"
nakuru,2024_25,2,"Programme 2
health preventive
and promotive
services","SP 2.6 HIV pro-
gramme",2000000.0,0.0,False,,"Programme 2
health preventive
and promotive
services","SP 2.6 HIV pro-
gramme"
nakuru,2024_25,2,"Programme 2
health preventive
and promotive
services",SP 2.7 Nutrition,11500000.0,0.0,False,,"Programme 2
health preventive
and promotive
services",SP 2.7 Nutrition
nakuru,2024_25,2,"Programme 2
health preventive
and promotive
services","SP 2.8 Reproductive
health",1250000.0,0.0,False,,"Programme 2
health preventive
and promotive
services","SP 2.8 Reproductive
health"
nakuru,2024_25,2,"Programme 2
health preventive
and promotive
services",SP 2.9 immunisation,2000000.0,0.0,False,,"Programme 2
health preventive
and promotive
services",SP 2.9 immunisation
nakuru,2024_25,2,"Programme 3
Health curative
and rehabilitative
services","SP 3.1 Provision of es-
sential health services
in all",1296505448.0,594415753.0,False,,"Programme 3
Health curative
and rehabilitative
services","SP 3.1 Provision of es-
sential health services
in all"
nakuru,2024_25,2,"Programme 3
Health curative
and rehabilitative
services","SP 3.2 Elimination
of communicable and
non-communicable
diseases",2300000.0,0.0,False,,"Programme 3
Health curative
and rehabilitative
services","SP 3.2 Elimination
of communicable and
non-communicable
diseases"
nakuru,2024_25,2,"Programme 3
Health curative
and rehabilitative
services","SP 3.3 Human re-
source",401873533.0,271257614.0,False,,"Programme 3
Health curative
and rehabilitative
services","SP 3.3 Human re-
source"
narok,2024_25,2,401004610.0,Preventive &Promotive Health Services,481094035.0,0.0,False,,401004610.0,Preventive &Promotive Health Services
narok,2024_25,2,401004610.0,Health Promotion,481094035.0,0.0,False,,401004610.0,Health Promotion
narok,2024_25,2,402004610.0,Curative Health Services,488124894.0,352235895.0,False,,402004610.0,Curative Health Services
narok,2024_25,2,403004610.0,"Health Policy, Planning and Financing",2353149416.0,2343814559.0,False,,403004610.0,"Health Policy, Planning and Financing"
nyamira,2024_25,2,Department of Health,,,,False,,Department of Health,
nyamira,2024_25,2,"Medical support
services",Medical support services,158650000.0,0.0,False,,"Medical support
services",Medical support services
nyamira,2024_25,2,"Medical support
services","Facility infrastructural
services",6000000.0,0.0,False,,"Medical support
services","Facility infrastructural
services"
nyamira,2024_25,2,"Livestock
Development &
promotion","Animal Health Disease
and Management",1000000.0,0.0,False,,"Livestock
Development &
promotion","Animal Health Disease
and Management"
nyamira,2024_25,2,Department of Primary Healthcare,,,,False,,Department of Primary Healthcare,
nyamira,2024_25,2,"Health Policy Planning
and Financing","Health Policy Planning
and Financing",1500000.0,0.0,False,,"Health Policy Planning
and Financing","Health Policy Planning
and Financing"
nyamira,2024_25,2,"Health Policy Planning
and Financing","Promotive and preven-
tive health services",116821464.0,0.0,False,,"Health Policy Planning
and Financing","Promotive and preven-
tive health services"
nyamira,2024_25,2,"Curative Health
Services","Facility infrastructural
services",,20102293.0,False,,"Curative Health
Services","Facility infrastructural
services"
nyeri,2024_25,2,"Health Ser-
vices","Community
Health",0.55,0.06,False,,"Health Ser-
vices","Community
Health"
nyeri,2024_25,2,"Health Ser-
vices",Health Services,17.57,0.0,False,,"Health Ser-
vices",Health Services
nyeri,2024_25,2,"Health Ser-
vices",,2627.21,1231.1,False,,"Health Ser-
vices",
nyeri,2024_25,2,"Health Ser-
vices",,,,False,,"Health Ser-
vices",
samburu,2024_25,2,"Medical Services,
Public Health &
Sanitation","Medical Services, Public
Health & Sanitation",0.0,,False,,"Medical Services,
Public Health &
Sanitation","Medical Services, Public
Health & Sanitation"
samburu,2024_25,2,"Medical Services,
Public Health &
Sanitation","General Administration Plan-
ning and Support Services",0.0,,False,,"Medical Services,
Public Health &
Sanitation","General Administration Plan-
ning and Support Services"
samburu,2024_25,2,"Administration,
Planning and Sup-
port Services","Preventive and Promotive
Health Services",0.0,,False,,"Administration,
Planning and Sup-
port Services","Preventive and Promotive
Health Services"
samburu,2024_25,2,"Non-communi-
cable disease &
prevention control",Maternal Health Services,30.48,11.83,False,,"Non-communi-
cable disease &
prevention control",Maternal Health Services
samburu,2024_25,2,"Non-communi-
cable disease &
prevention control",Health Promotive Services,83.06,37.01,False,,"Non-communi-
cable disease &
prevention control",Health Promotive Services
samburu,2024_25,2,"Non-communi-
cable disease &
prevention control",Health curative Services,136.34,58.3,False,,"Non-communi-
cable disease &
prevention control",Health curative Services
samburu,2024_25,2,"County Referral
Services",Free Primary Healthcare,565.79,200.5,False,,"County Referral
Services",Free Primary Healthcare
samburu,2024_25,2,"County Referral
Services","Provision of essential health
services in all levels",179.19,69.18,False,,"County Referral
Services","Provision of essential health
services in all levels"
samburu,2024_25,2,"Health Standards
and Quality Assur-
ance Services",,271.79,91.99,False,,"Health Standards
and Quality Assur-
ance Services",
samburu,2024_25,2,"Health Standards
and Quality Assur-
ance Services",Research And Development,94.44,39.1,False,,"Health Standards
and Quality Assur-
ance Services",Research And Development
samburu,2024_25,2,"Health Standards
and Quality Assur-
ance Services","Health Infrastructure devel-
opment",5.43,,False,,"Health Standards
and Quality Assur-
ance Services","Health Infrastructure devel-
opment"
samburu,2024_25,2,"Health Standards
and Quality Assur-
ance Services",Human Resources for health,11.46,2.85,False,,"Health Standards
and Quality Assur-
ance Services",Human Resources for health
samburu,2024_25,2,"Health Standards
and Quality Assur-
ance Services","Health Policy, Planning &
Financing",137.19,42.79,False,,"Health Standards
and Quality Assur-
ance Services","Health Policy, Planning &
Financing"
samburu,2024_25,2,"Health Standards
and Quality Assur-
ance Services",,24.48,7.26,False,,"Health Standards
and Quality Assur-
ance Services",
siaya,2024_25,2,Department of Health Services.,,,,False,,Department of Health Services.,
siaya,2024_25,2,"Programme
1.","S.P. 2. Curative health-
care services",,,False,,"Programme
1.","S.P. 2. Curative health-
care services"
siaya,2024_25,2,"Programme
1.","S.P. 3. Preventive, pro-
motive & rehabilitative",,,False,,"Programme
1.","S.P. 3. Preventive, pro-
motive & rehabilitative"
siaya,2024_25,2,569,"S.P. 10. Environmental
health services",,,False,,569,"S.P. 10. Environmental
health services"
trans,2024_25,2,Health Corporate,,2302550904.0,866960491.0,False,,Health Corporate,
trans,2024_25,2,"Administrative and Support
Services","Preventive Health
Services",,,False,,"Administrative and Support
Services","Preventive Health
Services"
turkana,2024_25,2,Health and Sanitation Services,,,,False,,Health and Sanitation Services,
turkana,2024_25,2,"General Administration, Plan-
ning and support services",Health Facilities,22500000.0,,False,,"General Administration, Plan-
ning and support services",Health Facilities
turkana,2024_25,2,"General Administration, Plan-
ning and support services","General Administration, Planning and
Support Services - Medical Services",121000000.0,20492177.0,False,,"General Administration, Plan-
ning and support services","General Administration, Planning and
Support Services - Medical Services"
turkana,2024_25,2,"General Administration, Plan-
ning and support services","General Administration, Planning and
Support Services - Preventive and Promo-
tive Services",554909831.0,147025787.0,False,,"General Administration, Plan-
ning and support services","General Administration, Planning and
Support Services - Preventive and Promo-
tive Services"
turkana,2024_25,2,Support to Health Programs,"HIV & AIDS, including community-based
HIV interventions",1500000.0,,False,,Support to Health Programs,"HIV & AIDS, including community-based
HIV interventions"
turkana,2024_25,2,Support to Health Programs,TB and Leprosy,1500000.0,,False,,Support to Health Programs,TB and Leprosy
turkana,2024_25,2,Support to Health Programs,NTDs (neglected tropical diseases),1000000.0,,False,,Support to Health Programs,NTDs (neglected tropical diseases)
turkana,2024_25,2,Support to Health Programs,Child Health,500000.0,,False,,Support to Health Programs,Child Health
turkana,2024_25,2,Support to Health Programs,Reproductive health,2960000.0,,False,,Support to Health Programs,Reproductive health
turkana,2024_25,2,Support to Health Programs,Gender-Based Violence care,2150000.0,,False,,Support to Health Programs,Gender-Based Violence care
turkana,2024_25,2,Support to Health Programs,EPI/outreaches,2000000.0,,False,,Support to Health Programs,EPI/outreaches
turkana,2024_25,2,Support to Health Programs,Adolescent Youth Repro. Health,500000.0,,False,,Support to Health Programs,Adolescent Youth Repro. Health
turkana,2024_25,2,Support to Health Programs,Maternal and Neonatal Health,1500000.0,,False,,Support to Health Programs,Maternal and Neonatal Health
turkana,2024_25,2,Support to Health Programs,Rural Health Facilities Support,500000.0,,False,,Support to Health Programs,Rural Health Facilities Support
turkana,2024_25,2,Medical Services,Laboratory Services,3000000.0,214200.0,False,,Medical Services,Laboratory Services
turkana,2024_25,2,Medical Services,Blood Transfusion Services,1500000.0,117600.0,False,,Medical Services,Blood Transfusion Services
turkana,2024_25,2,Medical Services,Rehabilitative Services,800000.0,274400.0,False,,Medical Services,Rehabilitative Services
turkana,2024_25,2,Medical Services,Referrals and Emergency Services,32000000.0,17988141.0,False,,Medical Services,Referrals and Emergency Services
turkana,2024_25,2,Medical Services,Radiology Services,200000.0,56000.0,False,,Medical Services,Radiology Services
turkana,2024_25,2,Medical Services,Dental Services,500000.0,,False,,Medical Services,Dental Services
turkana,2024_25,2,Medical Services,Clinical Services,1300000.0,160000.0,False,,Medical Services,Clinical Services
turkana,2024_25,2,Medical Services,Nursing Services,1700000.0,,False,,Medical Services,Nursing Services
turkana,2024_25,2,Medical Services,Sub county Health Facilities Support,2800000.0,549500.0,False,,Medical Services,Sub county Health Facilities Support
turkana,2024_25,2,Medical Services,Ophthalmic Services,1000000.0,169600.0,False,,Medical Services,Ophthalmic Services
turkana,2024_25,2,Medical Services,Malaria,1000000.0,,False,,Medical Services,Malaria
turkana,2024_25,2,Medical Services,Mental Health,500000.0,,False,,Medical Services,Mental Health
turkana,2024_25,2,Medical Services,Biomedical Engineering,500000.0,77236.0,False,,Medical Services,Biomedical Engineering
turkana,2024_25,2,Medical Services,UHC Turkana,300000.0,,False,,Medical Services,UHC Turkana
turkana,2024_25,2,"Lodwar County and Referral
Hospital",LCRH Operations and Support Services,444186086.0,127046522.0,False,,"Lodwar County and Referral
Hospital",LCRH Operations and Support Services
turkana,2024_25,2,Medical Supplies,Medical Supplies,309975942.0,177120869.0,False,,Medical Supplies,Medical Supplies
turkana,2024_25,2,Medical Supplies,Health Management,1700000.0,,False,,Medical Supplies,Health Management
turkana,2024_25,2,"Policy, Planning, Monitoring
and Evaluation",Health Information Management,1350000.0,33600.0,False,,"Policy, Planning, Monitoring
and Evaluation",Health Information Management
turkana,2024_25,2,"Policy, Planning, Monitoring
and Evaluation",Electronic Medical Records,800000.0,,False,,"Policy, Planning, Monitoring
and Evaluation",Electronic Medical Records
turkana,2024_25,2,"Policy, Planning, Monitoring
and Evaluation",Health Partners Coordination,1400000.0,466100.0,False,,"Policy, Planning, Monitoring
and Evaluation",Health Partners Coordination
turkana,2024_25,2,"Policy, Planning, Monitoring
and Evaluation",Monitoring and Evaluation of Health,800000.0,,False,,"Policy, Planning, Monitoring
and Evaluation",Monitoring and Evaluation of Health
turkana,2024_25,2,Community Health Services,Community Health Services,1400000.0,886500.0,False,,Community Health Services,Community Health Services
turkana,2024_25,2,Community Health Services,Community Nutrition,3350000.0,659600.0,False,,Community Health Services,Community Nutrition
turkana,2024_25,2,Community Health Services,MIYCN and Emergency Nutrition,1500000.0,500000.0,False,,Community Health Services,MIYCN and Emergency Nutrition
turkana,2024_25,2,Public Health,Food safety,300000.0,,False,,Public Health,Food safety
turkana,2024_25,2,Public Health,School Health,250000.0,,False,,Public Health,School Health
turkana,2024_25,2,Public Health,Disease Surveillance Response,1050000.0,150000.0,False,,Public Health,Disease Surveillance Response
turkana,2024_25,2,Public Health,Alcohol and Substance Abuse,2500000.0,465000.0,False,,Public Health,Alcohol and Substance Abuse
turkana,2024_25,2,Level 6 Hospital,Turkana Level 6 Hospital,146500000.0,1280000.0,False,,Level 6 Hospital,Turkana Level 6 Hospital
uasin,2024_25,2,4318- Health Services,,,,False,,4318- Health Services,
uasin,2024_25,2,4318- Health Services,"SP1.1 Administrative support ser-
vices",30.0,,False,,4318- Health Services,"SP1.1 Administrative support ser-
vices"
uasin,2024_25,2,4318- Health Services,Health Services,0.0,0.0,False,,4318- Health Services,Health Services
uasin,2024_25,2,4318- Health Services,"Administration And Support Ser-
vices",1573.72,800.96,False,,4318- Health Services,"Administration And Support Ser-
vices"
uasin,2024_25,2,4332- Promotive and Preventive Health,,,,False,,4332- Promotive and Preventive Health,
uasin,2024_25,2,4332- Promotive and Preventive Health,Health Infrastructure,0.0,0.0,False,,4332- Promotive and Preventive Health,Health Infrastructure
uasin,2024_25,2,4332- Promotive and Preventive Health,,,,False,,4332- Promotive and Preventive Health,
uasin,2024_25,2,4332- Promotive and Preventive Health,"Administration And Support Ser-
vices",515.18,378.78,False,,4332- Promotive and Preventive Health,"Administration And Support Ser-
vices"
uasin,2024_25,2,4332- Promotive and Preventive Health,Ward Development Services,0.0,0.0,False,,4332- Promotive and Preventive Health,Ward Development Services
vihiga,2024_25,2,"Admin-
istration,
Planning
and Support
Service",Healthcare Financing,7100000.0,,False,,"Admin-
istration,
Planning
and Support
Service",Healthcare Financing
vihiga,2024_25,2,"Promotive
and Preven-
tive Health-
care Services",,86792188.0,17947729.0,False,,"Promotive
and Preven-
tive Health-
care Services",
vihiga,2024_25,2,"Promotive
and Preven-
tive Health-
care Services",Public Health Services,246000.0,,False,,"Promotive
and Preven-
tive Health-
care Services",Public Health Services
vihiga,2024_25,2,"Promotive
and Preven-
tive Health-
care Services","Community Health
Strategy",80546188.0,16952729.0,False,,"Promotive
and Preven-
tive Health-
care Services","Community Health
Strategy"
vihiga,2024_25,2,"Promotive
and Preven-
tive Health-
care Services",Health Promotion,1000000.0,,False,,"Promotive
and Preven-
tive Health-
care Services",Health Promotion
vihiga,2024_25,2,"Promotive
and Preven-
tive Health-
care Services","Reproductive Health-
care",5000000.0,995000.0,False,,"Promotive
and Preven-
tive Health-
care Services","Reproductive Health-
care"
vihiga,2024_25,2,"Curative And
Rehabilita-
tive Health
Services",,79515000.0,2831560.0,False,,"Curative And
Rehabilita-
tive Health
Services",
vihiga,2024_25,2,"Curative And
Rehabilita-
tive Health
Services",Medical services,5000000.0,2831560.0,False,,"Curative And
Rehabilita-
tive Health
Services",Medical services
vihiga,2024_25,2,"Curative And
Rehabilita-
tive Health
Services","Drugs and Other Med-
ical Supplies",74515000.0,,False,,"Curative And
Rehabilita-
tive Health
Services","Drugs and Other Med-
ical Supplies"
vihiga,2024_25,2,"Child and
Maternal
Health Care",,10000000.0,2426467.0,False,,"Child and
Maternal
Health Care",
vihiga,2024_25,2,"Child and
Maternal
Health Care",Nutrition Services,10000000.0,2426467.0,False,,"Child and
Maternal
Health Care",Nutrition Services
west,2024_25,2,HEALTH AND SANITATION,,,,False,,HEALTH AND SANITATION,
west,2024_25,2,"Programme
4 -",SP 2-(Preventive Health Services),89125304.0,45724695.0,False,,"Programme
4 -",SP 2-(Preventive Health Services)
west,2024_25,2,"Programme
4 -",SP 3-(Curative Health Services),83052028.0,323698.0,False,,"Programme
4 -",SP 3-(Curative Health Services)
west,2024_25,2,"Programme
4 -",SP 4-(Kacheliba Sub county hospital),14200000.0,304000.0,False,,"Programme
4 -",SP 4-(Kacheliba Sub county hospital)
west,2024_25,2,"Programme
4 -",SP 5-(Sigor Sub county hospital),14200000.0,,False,,"Programme
4 -",SP 5-(Sigor Sub county hospital)
west,2024_25,2,"Programme
4 -",SP 6-(Chepareria Sub county hospital),14200000.0,,False,,"Programme
4 -",SP 6-(Chepareria Sub county hospital)
bomet,2024_25,3,Policy and Administration,Support to health facilities(11.6M/month),184726421.0,89089148.0,False,,Policy and Administration,Support to health facilities(11.6M/month)
bomet,2024_25,3,"Preventive and Promotive
Health Services",Preventive and Promotive Health Services,308100782.0,1110000.0,False,,"Preventive and Promotive
Health Services",Preventive and Promotive Health Services
bomet,2024_25,3,"Preventive and Promotive
Health Services",Health promotion: Nutrition interventions,148140000.0,,False,,"Preventive and Promotive
Health Services",Health promotion: Nutrition interventions
bomet,2024_25,3,"Preventive and Promotive
Health Services",Communicable disease prevention & control,159960782.0,1110000.0,False,,"Preventive and Promotive
Health Services",Communicable disease prevention & control
bomet,2024_25,3,Curative Health Services,Curative Health Services,256287510.0,77817046.0,False,,Curative Health Services,Curative Health Services
bomet,2024_25,3,Curative Health Services,"Commodities, Pharmaceutical, non-pharmaceutical,
reagents, linen",247037510.0,75129116.0,False,,Curative Health Services,"Commodities, Pharmaceutical, non-pharmaceutical,
reagents, linen"
bomet,2024_25,3,Curative Health Services,Emergency Response Services,9250000.0,2687930.0,False,,Curative Health Services,Emergency Response Services
bomet,2024_25,3,Curative Health Services,Reproductive Health Services,10000000.0,1017000.0,False,,Curative Health Services,Reproductive Health Services
bomet,2024_25,3,Curative Health Services,"Immunisation, Mother and Child Services",10000000.0,1017000.0,False,,Curative Health Services,"Immunisation, Mother and Child Services"
bomet,2024_25,3,Curative Health Services,Health Infrastructure,165000000.0,16404842.0,False,,Curative Health Services,Health Infrastructure
bomet,2024_25,3,Curative Health Services,Construction of Buildings,145000000.0,11855042.0,False,,Curative Health Services,Construction of Buildings
bomet,2024_25,3,Curative Health Services,Medical equipment,20000000.0,4549800.0,False,,Curative Health Services,Medical equipment
bungoma,2024_25,3,"Programme 1: General Ad-
ministration, Planning and
Support Services",S.P. 4: Medical Insurance,200.0,150.0,False,,"Programme 1: General Ad-
ministration, Planning and
Support Services",S.P. 4: Medical Insurance
bungoma,2024_25,3,Health and Sanitation,,,,False,,Health and Sanitation,
bungoma,2024_25,3,"PROGRAMME 1: General
Administration Planning
and Support Services","S.P. 1. 1 Health Administrative and
Support Services",145.37,74.73,False,,"PROGRAMME 1: General
Administration Planning
and Support Services","S.P. 1. 1 Health Administrative and
Support Services"
bungoma,2024_25,3,"Programme 2: Preventive
and Promotive",,1260.78,29.03,False,,"Programme 2: Preventive
and Promotive",
bungoma,2024_25,3,"Programme 2: Preventive
and Promotive","SP 2.1 Communicable and Non-com-
municable Disease Control",20.0,,False,,"Programme 2: Preventive
and Promotive","SP 2.1 Communicable and Non-com-
municable Disease Control"
bungoma,2024_25,3,"Programme 2: Preventive
and Promotive",SP 2.2 Community Health Strategy,5.6,,False,,"Programme 2: Preventive
and Promotive",SP 2.2 Community Health Strategy
bungoma,2024_25,3,"Programme 2: Preventive
and Promotive",SP 2.3 Health Promotion,3.0,,False,,"Programme 2: Preventive
and Promotive",SP 2.3 Health Promotion
bungoma,2024_25,3,"Programme 2: Preventive
and Promotive","SP 2.6 Reproductive, Maternal, New-
born, Child, And Adolescent Health.",5.0,,False,,"Programme 2: Preventive
and Promotive","SP 2.6 Reproductive, Maternal, New-
born, Child, And Adolescent Health."
bungoma,2024_25,3,"Programme 2: Preventive
and Promotive",SP 2.7 Public Health and Sanitation,8.0,2.03,False,,"Programme 2: Preventive
and Promotive",SP 2.7 Public Health and Sanitation
bungoma,2024_25,3,"Programme 2: Preventive
and Promotive",Specialised Materials and Supplies,49.94,27.0,False,,"Programme 2: Preventive
and Promotive",Specialised Materials and Supplies
bungoma,2024_25,3,"Programme 2: Preventive
and Promotive",Hospital Facilities,1169.25,,False,,"Programme 2: Preventive
and Promotive",Hospital Facilities
bungoma,2024_25,3,"Programme 4: Service
Delivery and Organisational
Transformation",Health Management System,,,False,,"Programme 4: Service
Delivery and Organisational
Transformation",Health Management System
bungoma,2024_25,3,"Programme 4: Urban En-
vironment, Health, Water,
Culture and Human Social
Services",,,,False,,"Programme 4: Urban En-
vironment, Health, Water,
Culture and Human Social
Services",
bungoma,2024_25,3,"Programme 4: Urban En-
vironment, Health, Water,
Culture and Human Social
Services","S.P.: Urban Environment and Public
Health Services",,,False,,"Programme 4: Urban En-
vironment, Health, Water,
Culture and Human Social
Services","S.P.: Urban Environment and Public
Health Services"
busia,2024_25,3,Department of Health Services,,,,False,,Department of Health Services,
busia,2024_25,3,Programme 5.,"SP. 5. Higher-level hospital equip-
ment",,,False,,Programme 5.,"SP. 5. Higher-level hospital equip-
ment"
busia,2024_25,3,Programme 6.,"SP. 9. Lower-level hospital equip-
ment",,,False,,Programme 6.,"SP. 9. Lower-level hospital equip-
ment"
elgeyo,2024_25,3,Health and Sanitation,,,,False,,Health and Sanitation,
elgeyo,2024_25,3,"General adminis-
tration and support
services","Community and En-
vironmental Health",,,False,,"General adminis-
tration and support
services","Community and En-
vironmental Health"
elgeyo,2024_25,3,"General adminis-
tration and support
services",Health Services,,,False,,"General adminis-
tration and support
services",Health Services
embu,2024_25,3,HEALTH,,,,False,,HEALTH,
embu,2024_25,3,Curative Health Services,Primary Health Care,896101630.0,743580895.0,False,,Curative Health Services,Primary Health Care
embu,2024_25,3,"Preventive and Promotive Health
Services",Health Promotion & Disease Control,351742649.0,291874387.0,False,,"Preventive and Promotive Health
Services",Health Promotion & Disease Control
embu,2024_25,3,EMBU LEVEL 5 HOSPITAL,,,,False,,EMBU LEVEL 5 HOSPITAL,
embu,2024_25,3,Curative Health Services,Primary Healthcare,326261524.0,33607875.0,False,,Curative Health Services,Primary Healthcare
embu,2024_25,3,"Preventive and Promotive Health
Services","Health Promotion and Disease
Control",89626113.0,9232297.0,False,,"Preventive and Promotive Health
Services","Health Promotion and Disease
Control"
garissa,2024_25,3,Department of Health & Sanitation,,,,False,,Department of Health & Sanitation,
garissa,2024_25,3,"P1: Governance,
Quality assurance
and support services","CSP 1.2 Health informa-
tion systems",5000000.0,,False,,"P1: Governance,
Quality assurance
and support services","CSP 1.2 Health informa-
tion systems"
garissa,2024_25,3,"P2: Curative
Services, Rehabili-
tative and Referral
Services","CSP 2.1 Health products
and technologies",208500000.0,69833145.0,False,,"P2: Curative
Services, Rehabili-
tative and Referral
Services","CSP 2.1 Health products
and technologies"
garissa,2024_25,3,"P2: Curative
Services, Rehabili-
tative and Referral
Services","CSP 2.2 Rehabilitative
services",10000000.0,,False,,"P2: Curative
Services, Rehabili-
tative and Referral
Services","CSP 2.2 Rehabilitative
services"
garissa,2024_25,3,"P2: Curative
Services, Rehabili-
tative and Referral
Services","CSP 2.3 Referral and Emer-
gency Services",,,False,,"P2: Curative
Services, Rehabili-
tative and Referral
Services","CSP 2.3 Referral and Emer-
gency Services"
garissa,2024_25,3,"P2: Curative
Services, Rehabili-
tative and Referral
Services",,,,False,,"P2: Curative
Services, Rehabili-
tative and Referral
Services",
garissa,2024_25,3,"P3: Preventive and
promotive and RM-
NCH services","Maternal, newborn, child
health and nutrition
services",10000000.0,,False,,"P3: Preventive and
promotive and RM-
NCH services","Maternal, newborn, child
health and nutrition
services"
garissa,2024_25,3,"P3: Preventive and
promotive and RM-
NCH services","Preventive And Promotive
Health Services",11000000.0,,False,,"P3: Preventive and
promotive and RM-
NCH services","Preventive And Promotive
Health Services"
homa,2024_25,3,"Livestock Develop-
ment Programme","Livestock Health and Disease Man-
agement",,,False,,"Livestock Develop-
ment Programme","Livestock Health and Disease Man-
agement"
homa,2024_25,3,Department of Public Health and Medical Services,,,,False,,Department of Public Health and Medical Services,
homa,2024_25,3,"Preventive and
promotive health
services",Community health services,89620000.0,67740560.0,False,,"Preventive and
promotive health
services",Community health services
homa,2024_25,3,"Preventive and
promotive health
services",Disease control services,6000000.0,2492460.0,False,,"Preventive and
promotive health
services",Disease control services
homa,2024_25,3,"Preventive and
promotive health
services","Facility Infrastructure Improvement
Services",145000000.0,91745004.0,False,,"Preventive and
promotive health
services","Facility Infrastructure Improvement
Services"
homa,2024_25,3,"Curative and rehabili-
tative health services",Routine medical health services,110890936.0,103836672.0,False,,"Curative and rehabili-
tative health services",Routine medical health services
homa,2024_25,3,"Curative and rehabili-
tative health services",Medical emergency response services,4000000.0,574000.0,False,,"Curative and rehabili-
tative health services",Medical emergency response services
homa,2024_25,3,"Curative and rehabili-
tative health services","Facility infrastructure improvement
services",275000000.0,197002369.0,False,,"Curative and rehabili-
tative health services","Facility infrastructure improvement
services"
isiolo,2024_25,3,Value Addition,"Veterinary Public
Health Services",900000.0,0.0,False,,Value Addition,"Veterinary Public
Health Services"
isiolo,2024_25,3,Health Services,,,,False,,Health Services,
isiolo,2024_25,3,"Health Curative
Services","Administration Support
Services",,,False,,"Health Curative
Services","Administration Support
Services"
isiolo,2024_25,3,"Health Curative
Services","Human Resource Man-
agement",652615510.0,517408589.0,False,,"Health Curative
Services","Human Resource Man-
agement"
isiolo,2024_25,3,"Health Curative
Services","Monitoring & Evalu-
ation",2402000.0,33600.0,False,,"Health Curative
Services","Monitoring & Evalu-
ation"
isiolo,2024_25,3,"Health Curative
Services","Quality Assurance &
Standards",2473116.0,0.0,False,,"Health Curative
Services","Quality Assurance &
Standards"
isiolo,2024_25,3,"Health Curative
Services","Curative and Rehabili-
tative Health Services",43110939.0,14877000.0,False,,"Health Curative
Services","Curative and Rehabili-
tative Health Services"
isiolo,2024_25,3,"Health Curative
Services","Curative Infrastructure
Support",0.0,,False,,"Health Curative
Services","Curative Infrastructure
Support"
isiolo,2024_25,3,"Health Curative
Services","Pharmaceutical & Phar-
maceutical Commod-
ities",237680329.0,108566602.0,False,,"Health Curative
Services","Pharmaceutical & Phar-
maceutical Commod-
ities"
isiolo,2024_25,3,"Health Preven-
tive and Promo-
tive Services","Preventive and Promo-
tive Health Services",0.0,,False,,"Health Preven-
tive and Promo-
tive Services","Preventive and Promo-
tive Health Services"
isiolo,2024_25,3,"Health Preven-
tive and Promo-
tive Services","Human Resource Man-
agement",0.0,0.0,False,,"Health Preven-
tive and Promo-
tive Services","Human Resource Man-
agement"
isiolo,2024_25,3,"Health Preven-
tive and Promo-
tive Services",Primary Health Care,374433877.0,303305599.0,False,,"Health Preven-
tive and Promo-
tive Services",Primary Health Care
isiolo,2024_25,3,"Health Preven-
tive and Promo-
tive Services",Nutrition,4427392.0,1287700.0,False,,"Health Preven-
tive and Promo-
tive Services",Nutrition
isiolo,2024_25,3,"Health Preven-
tive and Promo-
tive Services","Community Health
Services",40360000.0,14505000.0,False,,"Health Preven-
tive and Promo-
tive Services","Community Health
Services"
isiolo,2024_25,3,"Health Preven-
tive and Promo-
tive Services","Communicable Diseas-
es Control",17076044.0,4491460.0,False,,"Health Preven-
tive and Promo-
tive Services","Communicable Diseas-
es Control"
isiolo,2024_25,3,"Health Preven-
tive and Promo-
tive Services","Public Health Emergen-
cy Coordination",20000000.0,8788000.0,False,,"Health Preven-
tive and Promo-
tive Services","Public Health Emergen-
cy Coordination"
kajiado,2024_25,3,Department of Medical Service and Public Health,,,,False,,Department of Medical Service and Public Health,
kajiado,2024_25,3,"Curative and Rehabil-
itative",Hospital Service,16460500.0,6436062.0,False,,"Curative and Rehabil-
itative",Hospital Service
kajiado,2024_25,3,"Curative and Rehabil-
itative","Health Products and
Technologies",200276176.0,157680706.0,False,,"Curative and Rehabil-
itative","Health Products and
Technologies"
kajiado,2024_25,3,"Curative and Rehabil-
itative","Emergency Re-
sponses",6582400.0,4317450.0,False,,"Curative and Rehabil-
itative","Emergency Re-
sponses"
kajiado,2024_25,3,"Curative and Rehabil-
itative",,,,False,,"Curative and Rehabil-
itative",
kajiado,2024_25,3,"Public Health and
Sanitation","Reproductive Ma-
ternal",56769977.0,18145278.0,False,,"Public Health and
Sanitation","Reproductive Ma-
ternal"
kajiado,2024_25,3,"Public Health and
Sanitation","Communicable and
Non-Communicable
Diseases",4609000.0,845019.0,False,,"Public Health and
Sanitation","Communicable and
Non-Communicable
Diseases"
kajiado,2024_25,3,"Public Health and
Sanitation",Primary Health Care,97823500.0,24547823.0,False,,"Public Health and
Sanitation",Primary Health Care
kajiado,2024_25,3,"Public Health and
Sanitation","Disease Surveillance
and Response",3185400.0,1399260.0,False,,"Public Health and
Sanitation","Disease Surveillance
and Response"
kajiado,2024_25,3,"Public Health and
Sanitation","Environmental
Health",34066962.0,10563251.0,False,,"Public Health and
Sanitation","Environmental
Health"
kajiado,2024_25,3,"Environmental Man-
agement and Public
Health","Environmental Man-
agement and Public
Health",6369500.0,3278892.0,False,,"Environmental Man-
agement and Public
Health","Environmental Man-
agement and Public
Health"
kakamega,2024_25,3,Health Services,Health Services,1057163334.0,329509384.0,False,,Health Services,Health Services
kakamega,2024_25,3,Health Services,Promotion of Curative health services,1051063334.0,329060874.0,False,,Health Services,Promotion of Curative health services
kakamega,2024_25,3,Health Services,Preventive and promotive services,6100000.0,448510.0,False,,Health Services,Preventive and promotive services
kakamega,2024_25,3,Health Services,Public Health,289884000.0,4173218.0,False,,Health Services,Public Health
kakamega,2024_25,3,Health Services,Preventive and promotive services,283100000.0,295800.0,False,,Health Services,Preventive and promotive services
kakamega,2024_25,3,Health Services,General Administrative and Support Services,6784000.0,3877418.0,False,,Health Services,General Administrative and Support Services
kakamega,2024_25,3,Health Services,Dispensaries,136716745.0,20769167.0,False,,Health Services,Dispensaries
kakamega,2024_25,3,Health Services,Promotion of Curative health services,136716745.0,20769167.0,False,,Health Services,Promotion of Curative health services
kakamega,2024_25,3,Health Services,Health centres,242324499.0,46346809.0,False,,Health Services,Health centres
kakamega,2024_25,3,Health Services,Promotion of Curative health services,242324499.0,46346809.0,False,,Health Services,Promotion of Curative health services
kakamega,2024_25,3,Health Services,County Medical Service Operations,33602445.0,21977058.0,False,,Health Services,County Medical Service Operations
kakamega,2024_25,3,Health Services,General Administrative and Support Services,33602445.0,21977058.0,False,,Health Services,General Administrative and Support Services
kericho,2024_25,3,DEPARTMENT: HEALTH SERVICES,,,,False,,DEPARTMENT: HEALTH SERVICES,
kericho,2024_25,3,Curative Health,"Administration and
Planning",1586148035.0,800442711.0,False,,Curative Health,"Administration and
Planning"
kericho,2024_25,3,Curative Health,"Hospital(curative)
Services",,,False,,Curative Health,"Hospital(curative)
Services"
kericho,2024_25,3,"Preventive and Pro-
motive Health","Preventive Medicine
and Promotive Health",1318012715.0,612111199.0,False,,"Preventive and Pro-
motive Health","Preventive Medicine
and Promotive Health"
kericho,2024_25,3,"Preventive and Pro-
motive Health",,2904160750.0,1412553910.0,False,,"Preventive and Pro-
motive Health",
kilifi,2024_25,3,Health,,,,False,,Health,
kilifi,2024_25,3,Health,Non-communicable Diseases,3210484541.0,2756513745.0,False,,Health,Non-communicable Diseases
kirinyaga,2024_25,3,Medical Services and Public Health,,,,False,,Medical Services and Public Health,
kirinyaga,2024_25,3,"Curative and Rehabili-
tative Services","040301 Curative
and Rehabilitative
Services",2190327259.0,1294728079.0,False,,"Curative and Rehabili-
tative Services","040301 Curative
and Rehabilitative
Services"
kisii,2024_25,3,"County Health
Services",Medical Services,3373110794.0,1864708085.0,False,,"County Health
Services",Medical Services
kisii,2024_25,3,"County Health
Services",Public Health,152550000.0,36977000.0,False,,"County Health
Services",Public Health
kisumu,2024_25,3,"Health Promotion
Service","Health Promotion
Service",7625000.0,3715800.0,False,,"Health Promotion
Service","Health Promotion
Service"
kisumu,2024_25,3,"Environmental
Health and Sanitation","Environmental Health
and Sanitation",31375000.0,10560000.0,False,,"Environmental
Health and Sanitation","Environmental Health
and Sanitation"
kisumu,2024_25,3,"Medical Services, Public Health and Sanitation",,,,False,,"Medical Services, Public Health and Sanitation",
kisumu,2024_25,3,Reproductive Health,Reproductive Health,450000.0,37800.0,False,,Reproductive Health,Reproductive Health
kisumu,2024_25,3,"Health Promotive
Services","Health Promotive
Services",32578766.0,24740553.0,False,,"Health Promotive
Services","Health Promotive
Services"
kisumu,2024_25,3,"Jaramogi Oginga
Odinga Teaching and
Referral Hospital","Jaramogi Oginga
Odinga Teaching and
Referral Hospital",650000000.0,,False,,"Jaramogi Oginga
Odinga Teaching and
Referral Hospital","Jaramogi Oginga
Odinga Teaching and
Referral Hospital"
kisumu,2024_25,3,"Kisumu County
Referral Hospital","Kisumu County Refer-
ral Hospital",59870067.0,,False,,"Kisumu County
Referral Hospital","Kisumu County Refer-
ral Hospital"
kisumu,2024_25,3,"County and
Sub-County Hospital
Services","County and Sub-Coun-
ty Hospital Services",110321698.0,,False,,"County and
Sub-County Hospital
Services","County and Sub-Coun-
ty Hospital Services"
kitui,2024_25,3,Ministry of Health and Sanitation,,,,False,,Ministry of Health and Sanitation,
kitui,2024_25,3,"Health Standards, Quality
Assurance and Standards","0401033710
SP 1.2",3000000.0,1000000.0,False,,"Health Standards, Quality
Assurance and Standards","0401033710
SP 1.2"
kitui,2024_25,3,"Health Policy, Planning and
Financing","0402023710
SP 1.3",101507362.0,100234202.0,False,,"Health Policy, Planning and
Financing","0402023710
SP 1.3"
kitui,2024_25,3,"Hospital FIF /cost sharing
Refunds for 11 County
Hospitals","0403033710
SP 2.2",405592245.0,404000000.0,False,,"Hospital FIF /cost sharing
Refunds for 11 County
Hospitals","0403033710
SP 2.2"
kitui,2024_25,3,"Preventive and Promotive
Health Services","0403013710
SP 3.1",1065101854.0,969397571.0,False,,"Preventive and Promotive
Health Services","0403013710
SP 3.1"
kitui,2024_25,3,"Health Promotion sub
programme(HIV/AIDS and
TB sub programme","0403033710
SP 3.3",2659869.0,1000000.0,False,,"Health Promotion sub
programme(HIV/AIDS and
TB sub programme","0403033710
SP 3.3"
kitui,2024_25,3,"Health Promotion sub
programme(HIV/AIDS and
TB sub programme",,,,False,,"Health Promotion sub
programme(HIV/AIDS and
TB sub programme",
kitui,2024_25,3,"communicable deaseases
Control(public Health
Operations-Programme)","0403013710
SP 3.4",4042443.0,4000000.0,False,,"communicable deaseases
Control(public Health
Operations-Programme)","0403013710
SP 3.4"
kitui,2024_25,3,Health and promotion,"0404013710
SP 3.6",2302574.0,,False,,Health and promotion,"0404013710
SP 3.6"
kitui,2024_25,3,Curative Health Services,040201310 P4,1234910380.0,999809370.0,False,,Curative Health Services,040201310 P4
laikipia,2024_25,3,DEPARTMENT: HEALTH,,,,False,,DEPARTMENT: HEALTH,
laikipia,2024_25,3,"CURATIVE AND
REHABILITATIVE
HEALTH","HEALTH PRODUCTS
AND TECHNOLOGIES
SUPPORT-0401014510",,,False,,"CURATIVE AND
REHABILITATIVE
HEALTH","HEALTH PRODUCTS
AND TECHNOLOGIES
SUPPORT-0401014510"
laikipia,2024_25,3,"CURATIVE AND
REHABILITATIVE
HEALTH","HEALTH INFRASTRUC-
TURE DEVELOP-
MENT-0401034510",,,False,,"CURATIVE AND
REHABILITATIVE
HEALTH","HEALTH INFRASTRUC-
TURE DEVELOP-
MENT-0401034510"
laikipia,2024_25,3,"CURATIVE AND
REHABILITATIVE
HEALTH",,,,False,,"CURATIVE AND
REHABILITATIVE
HEALTH",
laikipia,2024_25,3,"CURATIVE AND
REHABILITATIVE
HEALTH","EMERGENCY
REFFERAL AND
REHABILITATIVE SER-
VICE-0401074510",98800000.0,19544905.0,False,,"CURATIVE AND
REHABILITATIVE
HEALTH","EMERGENCY
REFFERAL AND
REHABILITATIVE SER-
VICE-0401074510"
laikipia,2024_25,3,"CURATIVE AND
REHABILITATIVE
HEALTH","402014510 ADMINIS-
TRATION, PROJECT
PLANNING AND
IMPLEMENTATION
SERVICES",4000000.0,3258390.0,False,,"CURATIVE AND
REHABILITATIVE
HEALTH","402014510 ADMINIS-
TRATION, PROJECT
PLANNING AND
IMPLEMENTATION
SERVICES"
laikipia,2024_25,3,"CURATIVE AND
REHABILITATIVE
HEALTH","HUMAN RE-
SOURCE DEVELOP-
MENT-0402024510",3000000.0,128200.0,False,,"CURATIVE AND
REHABILITATIVE
HEALTH","HUMAN RE-
SOURCE DEVELOP-
MENT-0402024510"
laikipia,2024_25,3,"CURATIVE AND
REHABILITATIVE
HEALTH","402044510 HEALTH
LEADERSHIP AND
GOVERNANCE",6000000.0,3849450.0,False,,"CURATIVE AND
REHABILITATIVE
HEALTH","402044510 HEALTH
LEADERSHIP AND
GOVERNANCE"
laikipia,2024_25,3,"CURATIVE AND
REHABILITATIVE
HEALTH","STRATEGIC
HEALTH INTERVEN-
TIONS-0401054510",6647630.0,270782.0,False,,"CURATIVE AND
REHABILITATIVE
HEALTH","STRATEGIC
HEALTH INTERVEN-
TIONS-0401054510"
laikipia,2024_25,3,"CURATIVE AND
REHABILITATIVE
HEALTH","PUBLIC HEALTH
PROMOTION AND
NUTRITION SER-
VICES-0405034510",25230000.0,2390795.0,False,,"CURATIVE AND
REHABILITATIVE
HEALTH","PUBLIC HEALTH
PROMOTION AND
NUTRITION SER-
VICES-0405034510"
laikipia,2024_25,3,LAIKIPIA COUNTY DEPARTMENT OF HEALTH,,,,False,,LAIKIPIA COUNTY DEPARTMENT OF HEALTH,
laikipia,2024_25,3,LAIKIPIA COUNTY DEPARTMENT OF HEALTH,,,,False,,LAIKIPIA COUNTY DEPARTMENT OF HEALTH,
laikipia,2024_25,3,"PREVENTIVE
HEALTH SERVICES","COMMUNITY HEALTH
STRATEGY, ADVO-
CACY AND SURVEIL-
LANCE-0405044510",35000000.0,16726000.0,False,,"PREVENTIVE
HEALTH SERVICES","COMMUNITY HEALTH
STRATEGY, ADVO-
CACY AND SURVEIL-
LANCE-0405044510"
laikipia,2024_25,3,"PREVENTIVE
HEALTH SERVICES","FAMILY PLANNING,
MATERNAL, AND
CHILD HEALTH SER-
VICES-0405014510",2200000.0,811750.0,False,,"PREVENTIVE
HEALTH SERVICES","FAMILY PLANNING,
MATERNAL, AND
CHILD HEALTH SER-
VICES-0405014510"
laikipia,2024_25,3,"PREVENTIVE
HEALTH SERVICES","NON-COMMUNICABLE
DISEASES CONTROL
AND PREVEN-
TION-0405024510",1650000.0,1157400.0,False,,"PREVENTIVE
HEALTH SERVICES","NON-COMMUNICABLE
DISEASES CONTROL
AND PREVEN-
TION-0405024510"
laikipia,2024_25,3,"PREVENTIVE
HEALTH SERVICES","PUBLIC HEALTH
PROMOTION AND
NUTRITION SER-
VICES-0405034510",4910000.0,,False,,"PREVENTIVE
HEALTH SERVICES","PUBLIC HEALTH
PROMOTION AND
NUTRITION SER-
VICES-0405034510"
laikipia,2024_25,3,"PREVENTIVE
HEALTH SERVICES","TB/HIV/AIDS PREVEN-
TION AND CON-
TROL-0405054510",1250000.0,61000.0,False,,"PREVENTIVE
HEALTH SERVICES","TB/HIV/AIDS PREVEN-
TION AND CON-
TROL-0405054510"
laikipia,2024_25,3,Veterinary Services,"SP5 0107054510 Animal
Health and Disease Man-
agement",1350000.0,973100.0,False,,Veterinary Services,"SP5 0107054510 Animal
Health and Disease Man-
agement"
machakos,2024_25,3,"Coordination
and Supervisory
Services","Hospitality Services
Section",55342684.0,15002768.0,False,,"Coordination
and Supervisory
Services","Hospitality Services
Section"
machakos,2024_25,3,Health Services & Emergency Services,,,,False,,Health Services & Emergency Services,
machakos,2024_25,3,"Curative and
Rehabilitative
Health",Machakos Level 5,246379350.0,213113852.0,False,,"Curative and
Rehabilitative
Health",Machakos Level 5
machakos,2024_25,3,"Curative and
Rehabilitative
Health",Kangundo Level 4,46100000.0,39900000.0,False,,"Curative and
Rehabilitative
Health",Kangundo Level 4
machakos,2024_25,3,"Curative and
Rehabilitative
Health",Matuu Level 4,38500000.0,37792584.0,False,,"Curative and
Rehabilitative
Health",Matuu Level 4
machakos,2024_25,3,"Curative and
Rehabilitative
Health",Kathiani Level 4,50500000.0,39500000.0,False,,"Curative and
Rehabilitative
Health",Kathiani Level 4
machakos,2024_25,3,"Curative and
Rehabilitative
Health",Mwala Level 4,32500000.0,31500000.0,False,,"Curative and
Rehabilitative
Health",Mwala Level 4
machakos,2024_25,3,"Curative and
Rehabilitative
Health",Kimiti Level 4,26500000.0,23845758.0,False,,"Curative and
Rehabilitative
Health",Kimiti Level 4
machakos,2024_25,3,"Curative and
Rehabilitative
Health",Masinga Level 4,33600000.0,29400000.0,False,,"Curative and
Rehabilitative
Health",Masinga Level 4
machakos,2024_25,3,"Curative and
Rehabilitative
Health",Athi River Level 4,20500000.0,17900000.0,False,,"Curative and
Rehabilitative
Health",Athi River Level 4
machakos,2024_25,3,"Curative and
Rehabilitative
Health",Mutituni Level 4,20500000.0,17699950.0,False,,"Curative and
Rehabilitative
Health",Mutituni Level 4
machakos,2024_25,3,"Curative and
Rehabilitative
Health",Ndithini Level 4,22500000.0,16930295.0,False,,"Curative and
Rehabilitative
Health",Ndithini Level 4
machakos,2024_25,3,"Curative and
Rehabilitative
Health",Kalama Level 4,25500000.0,21200000.0,False,,"Curative and
Rehabilitative
Health",Kalama Level 4
machakos,2024_25,3,"Preventive and
Promotive Ser-
vices",Public Health,240203470.0,110412720.0,False,,"Preventive and
Promotive Ser-
vices",Public Health
makueni,2024_25,3,Health Services,,,,False,,Health Services,
makueni,2024_25,3,Curative health care services,"SP2.1: Curative health care
services",363.42,293.33,False,,Curative health care services,"SP2.1: Curative health care
services"
makueni,2024_25,3,"Preventive and promotive health
care services","SP3.1 Preventive and promotive
health care services",94.82,89.39,False,,"Preventive and promotive health
care services","SP3.1 Preventive and promotive
health care services"
mandera,2024_25,3,Health Services,,,,False,,Health Services,
mandera,2024_25,3,"Preventive, Promotive
and Reproductive
Health Services","Preventive, Promotive
and Reproductive Health
Services",129523501.0,26994600.0,False,,"Preventive, Promotive
and Reproductive
Health Services","Preventive, Promotive
and Reproductive Health
Services"
mandera,2024_25,3,"Curative, Rehabili-
tative, and Referral
Services","Curative, Rehabilitative,
and Referral Services",510425547.0,310809214.0,False,,"Curative, Rehabili-
tative, and Referral
Services","Curative, Rehabilitative,
and Referral Services"
marsabit,2024_25,3,"General Admin-
istration Support
Services","SP 1.2 Hospitality, Catering services,
donations and gifts, boards, commit-
tees, conference and seminars",11050000.0,6918943.0,False,,"General Admin-
istration Support
Services","SP 1.2 Hospitality, Catering services,
donations and gifts, boards, commit-
tees, conference and seminars"
marsabit,2024_25,3,"County Assembly
infrastructure
improvement","SP 3.20 Insurance cost for group
personal, building, motor vehicle
and medical cover",36651470.0,34651470.0,False,,"County Assembly
infrastructure
improvement","SP 3.20 Insurance cost for group
personal, building, motor vehicle
and medical cover"
marsabit,2024_25,3,County Health Services,,,,False,,County Health Services,
marsabit,2024_25,3,"Preventive and
Promotive Health
Services","Communicable disease prevention
and control",,,False,,"Preventive and
Promotive Health
Services","Communicable disease prevention
and control"
marsabit,2024_25,3,"Curative Health
Services","Reduction of Communicable and
Non-Communicable Diseases",,,False,,"Curative Health
Services","Reduction of Communicable and
Non-Communicable Diseases"
marsabit,2024_25,3,"Curative Health
Services",Referral Services,18000000.0,,False,,"Curative Health
Services",Referral Services
marsabit,2024_25,3,"Curative Health
Services",Specialized Services,27950000.0,,False,,"Curative Health
Services",Specialized Services
marsabit,2024_25,3,"Curative Health
Services",Drugs and commodities,156600000.0,,False,,"Curative Health
Services",Drugs and commodities
marsabit,2024_25,3,"General Adminis-
tration, Planning
and Support
Services",Health Infrastructure development,,,False,,"General Adminis-
tration, Planning
and Support
Services",Health Infrastructure development
marsabit,2024_25,3,"General Adminis-
tration, Planning
and Support
Services",Health Planning and Financing,1645069821.0,1347418805.0,False,,"General Adminis-
tration, Planning
and Support
Services",Health Planning and Financing
marsabit,2024_25,3,"Maternal and child
health","Integrated MCH and Family plan-
ning services",26271650.0,,False,,"Maternal and child
health","Integrated MCH and Family plan-
ning services"
meru,2024_25,3,HEALTH SERVICES,,,,False,,HEALTH SERVICES,
meru,2024_25,3,Curative Health,Curative Health,455015300.0,218341238.0,False,,Curative Health,Curative Health
meru,2024_25,3,"Preventive and Promo-
tive Health","Preventive and Pro-
motive Health",237598330.0,59340777.0,False,,"Preventive and Promo-
tive Health","Preventive and Pro-
motive Health"
migori,2024_25,3,"Veterinary
public health",Meat hygiene services,250000.0,,False,,"Veterinary
public health",Meat hygiene services
migori,2024_25,3,Department of Medical Services,,,,False,,Department of Medical Services,
migori,2024_25,3,Department of Medical Services,,,,False,,Department of Medical Services,
migori,2024_25,3,"Planning &
Administrative
Support Services","Infrastructure & Health
Facility Management",,,False,,"Planning &
Administrative
Support Services","Infrastructure & Health
Facility Management"
migori,2024_25,3,"Planning &
Administrative
Support Services","Health Financing & Uni-
versal Health Coverage
(UHC) coordination",12460000.0,7795920.0,False,,"Planning &
Administrative
Support Services","Health Financing & Uni-
versal Health Coverage
(UHC) coordination"
migori,2024_25,3,"Preventive
& Promotive
Health Services","Environmental health
services",1200000.0,,False,,"Preventive
& Promotive
Health Services","Environmental health
services"
migori,2024_25,3,"Preventive
& Promotive
Health Services","Human Nutrition &
Dietetics services",1700000.0,,False,,"Preventive
& Promotive
Health Services","Human Nutrition &
Dietetics services"
migori,2024_25,3,"Preventive
& Promotive
Health Services",HIV/AIDS management,2000000.0,252000.0,False,,"Preventive
& Promotive
Health Services",HIV/AIDS management
migori,2024_25,3,"Preventive
& Promotive
Health Services",TB control,1200000.0,,False,,"Preventive
& Promotive
Health Services",TB control
migori,2024_25,3,"Preventive
& Promotive
Health Services",Malaria Control,1400000.0,,False,,"Preventive
& Promotive
Health Services",Malaria Control
migori,2024_25,3,"Preventive
& Promotive
Health Services","Non-Communicable
Diseases (NCDs",1400000.0,,False,,"Preventive
& Promotive
Health Services","Non-Communicable
Diseases (NCDs"
migori,2024_25,3,"Preventive
& Promotive
Health Services","Disease surveillance/
Emergency preparedness",950000.0,,False,,"Preventive
& Promotive
Health Services","Disease surveillance/
Emergency preparedness"
migori,2024_25,3,"Preventive
& Promotive
Health Services","Maternal & Reproductive
Health Services",3160000.0,2343200.0,False,,"Preventive
& Promotive
Health Services","Maternal & Reproductive
Health Services"
migori,2024_25,3,"Preventive
& Promotive
Health Services","Neonatal, Child, Ado-
lescent & Youth health
services",1800000.0,,False,,"Preventive
& Promotive
Health Services","Neonatal, Child, Ado-
lescent & Youth health
services"
migori,2024_25,3,"Preventive
& Promotive
Health Services","Expanded Program for
Immunization (Immuni-
zation",3120000.0,400000.0,False,,"Preventive
& Promotive
Health Services","Expanded Program for
Immunization (Immuni-
zation"
migori,2024_25,3,"Preventive
& Promotive
Health Services","Gender Based Violence
health services",1200000.0,300000.0,False,,"Preventive
& Promotive
Health Services","Gender Based Violence
health services"
migori,2024_25,3,"Curative,
Rehabilitative &
Referral Services",Hospital Level Services,,,False,,"Curative,
Rehabilitative &
Referral Services",Hospital Level Services
migori,2024_25,3,"Curative,
Rehabilitative &
Referral Services","Ambulance & Referral
Services",3200000.0,1671500.0,False,,"Curative,
Rehabilitative &
Referral Services","Ambulance & Referral
Services"
migori,2024_25,3,"Curative,
Rehabilitative &
Referral Services","Health Products & Tech-
nologies",53190996.0,45123940.0,False,,"Curative,
Rehabilitative &
Referral Services","Health Products & Tech-
nologies"
migori,2024_25,3,"Curative,
Rehabilitative &
Referral Services","Diagnostic & Rehabilita-
tion Services",7580000.0,4598920.0,False,,"Curative,
Rehabilitative &
Referral Services","Diagnostic & Rehabilita-
tion Services"
migori,2024_25,3,"Curative,
Rehabilitative &
Referral Services","Health Services Manage-
ment Fund",136000000.0,,False,,"Curative,
Rehabilitative &
Referral Services","Health Services Manage-
ment Fund"
migori,2024_25,3,"Curative,
Rehabilitative &
Referral Services",,,,False,,"Curative,
Rehabilitative &
Referral Services",
migori,2024_25,3,Department of Public Health & Sanitation,,,,False,,Department of Public Health & Sanitation,
migori,2024_25,3,"Planning &
Administrative
Support Services","Infrastructure & Health
Facility Management",,,False,,"Planning &
Administrative
Support Services","Infrastructure & Health
Facility Management"
migori,2024_25,3,"Planning &
Administrative
Support Services","Health Financing & Uni-
versal Health Coverage
(UHC) coordination",10000000.0,,False,,"Planning &
Administrative
Support Services","Health Financing & Uni-
versal Health Coverage
(UHC) coordination"
migori,2024_25,3,"Planning &
Administrative
Support Services","Community health infra-
structure services (CHVs)",30915754.0,11929296.0,False,,"Planning &
Administrative
Support Services","Community health infra-
structure services (CHVs)"
migori,2024_25,3,"Preventive
& Promotive
Health Services","Human Nutrition &
Dietetics services",16850000.0,10139400.0,False,,"Preventive
& Promotive
Health Services","Human Nutrition &
Dietetics services"
migori,2024_25,3,"Preventive
& Promotive
Health Services",HIV/AIDS management,19170000.0,3000000.0,False,,"Preventive
& Promotive
Health Services",HIV/AIDS management
migori,2024_25,3,"Preventive
& Promotive
Health Services",TB control,18600000.0,4999200.0,False,,"Preventive
& Promotive
Health Services",TB control
migori,2024_25,3,"Preventive
& Promotive
Health Services",Malaria Control,14228000.0,330000.0,False,,"Preventive
& Promotive
Health Services",Malaria Control
migori,2024_25,3,"Preventive
& Promotive
Health Services","Non-Communicable
Diseases (NCDs)",10630000.0,,False,,"Preventive
& Promotive
Health Services","Non-Communicable
Diseases (NCDs)"
migori,2024_25,3,"Preventive
& Promotive
Health Services","Disease surveillance/
Emergency preparedness",11950000.0,,False,,"Preventive
& Promotive
Health Services","Disease surveillance/
Emergency preparedness"
migori,2024_25,3,"Preventive
& Promotive
Health Services","Health promotion &
education",2800000.0,,False,,"Preventive
& Promotive
Health Services","Health promotion &
education"
migori,2024_25,3,"Preventive
& Promotive
Health Services","Maternal & Reproductive
Health Services",13500000.0,500000.0,False,,"Preventive
& Promotive
Health Services","Maternal & Reproductive
Health Services"
migori,2024_25,3,"Preventive
& Promotive
Health Services","Neonatal, Child, Ado-
lescent & Youth health
services",4000000.0,450000.0,False,,"Preventive
& Promotive
Health Services","Neonatal, Child, Ado-
lescent & Youth health
services"
migori,2024_25,3,"Preventive
& Promotive
Health Services","Expanded Program for
Immunization (Immuni-
zation)",12270000.0,1995000.0,False,,"Preventive
& Promotive
Health Services","Expanded Program for
Immunization (Immuni-
zation)"
migori,2024_25,3,"Preventive
& Promotive
Health Services","Gender Based Violence
health services",900000.0,150000.0,False,,"Preventive
& Promotive
Health Services","Gender Based Violence
health services"
migori,2024_25,3,"Preventive
& Promotive
Health Services","Neglected Tropical Dis-
eases services.",950000.0,100000.0,False,,"Preventive
& Promotive
Health Services","Neglected Tropical Dis-
eases services."
migori,2024_25,3,"Preventive
& Promotive
Health Services","Environmental Health &
Sanitation Services",1000000.0,200000.0,False,,"Preventive
& Promotive
Health Services","Environmental Health &
Sanitation Services"
migori,2024_25,3,"Preventive
& Promotive
Health Services",County co-funding,12000000.0,,False,,"Preventive
& Promotive
Health Services",County co-funding
migori,2024_25,3,"Curative,
Rehabilitative &
Referral Services","Health Products & Tech-
nologies",88900000.0,32694507.0,False,,"Curative,
Rehabilitative &
Referral Services","Health Products & Tech-
nologies"
migori,2024_25,3,"Curative,
Rehabilitative &
Referral Services","Diagnostic & rehabilita-
tion Services",1500000.0,,False,,"Curative,
Rehabilitative &
Referral Services","Diagnostic & rehabilita-
tion Services"
mombasa,2024_25,3,Programme 1,"Protocol, Hospitality and Com-
munication",23000000.0,9997745.0,False,,Programme 1,"Protocol, Hospitality and Com-
munication"
mombasa,2024_25,3,HEALTH SERVICES,,,,False,,HEALTH SERVICES,
mombasa,2024_25,3,Programme 7,"Preventive and Promotive
Health Services",157680000.0,6086247.0,False,,Programme 7,"Preventive and Promotive
Health Services"
mombasa,2024_25,3,Programme 7,"Curative/Clinical Health
Services",132000000.0,34648127.0,False,,Programme 7,"Curative/Clinical Health
Services"
mombasa,2024_25,3,Programme 7,"Coast General Teaching and
Referral Hospital",650000000.0,71847213.0,False,,Programme 7,"Coast General Teaching and
Referral Hospital"
nairobi,2024_25,3,"Animal
Health,
Safety and
Quality
Assurance","Animal Research,
Diseases, Pest Control &
Quality Assurance",1990168.0,200000.0,False,,"Animal
Health,
Safety and
Quality
Assurance","Animal Research,
Diseases, Pest Control &
Quality Assurance"
nairobi,2024_25,3,"HEALTH, WELLNESS AND NUTRITION",,,,False,,"HEALTH, WELLNESS AND NUTRITION",
nairobi,2024_25,3,"Public
Health","HIV/AIDS Prevention &
Control Unit",1624625.0,,False,,"Public
Health","HIV/AIDS Prevention &
Control Unit"
nairobi,2024_25,3,"Public
Health",TB Control,487389.0,,False,,"Public
Health",TB Control
nairobi,2024_25,3,"Public
Health","Malaria Control & Other
Communicable Diseases",2802477.0,639200.0,False,,"Public
Health","Malaria Control & Other
Communicable Diseases"
nairobi,2024_25,3,"Public
Health","Environmental / Public
Health",4061559.0,120800.0,False,,"Public
Health","Environmental / Public
Health"
nairobi,2024_25,3,"Public
Health","Health Policy and Reg-
ulation",4061559.0,,False,,"Public
Health","Health Policy and Reg-
ulation"
nairobi,2024_25,3,"Public
Health",Coroner Services Unit,6092339.0,3624600.0,False,,"Public
Health",Coroner Services Unit
nairobi,2024_25,3,"Public
Health","Nairobi County Public
Health Emergency
Response",2396320.0,,False,,"Public
Health","Nairobi County Public
Health Emergency
Response"
nairobi,2024_25,3,"Health
Facilities","County Referral Hos-
pitals",5203078.0,,False,,"Health
Facilities","County Referral Hos-
pitals"
nairobi,2024_25,3,"Health
Facilities",,7003078.0,,False,,"Health
Facilities",
nairobi,2024_25,3,"Health
Facilities",,6203078.0,,False,,"Health
Facilities",
nairobi,2024_25,3,"Health
Facilities",,5284309.0,,False,,"Health
Facilities",
nairobi,2024_25,3,"Health
Facilities",,2403078.0,,False,,"Health
Facilities",
nairobi,2024_25,3,"Health
Facilities",,,,False,,"Health
Facilities",
nairobi,2024_25,3,"Health
Facilities","Health planning and
financing",12619977.0,584800.0,False,,"Health
Facilities","Health planning and
financing"
nairobi,2024_25,3,"Health
Facilities","Health Centres & Dis-
pensaries",60027723.0,,False,,"Health
Facilities","Health Centres & Dis-
pensaries"
nairobi,2024_25,3,"Health
Facilities",,,,False,,"Health
Facilities",
nairobi,2024_25,3,"Health
Facilities","Pumwani School of
Nursing",812312.0,,False,,"Health
Facilities","Pumwani School of
Nursing"
nairobi,2024_25,3,"Health
Facilities",Health Commodities,25000000.0,2385000.0,False,,"Health
Facilities",Health Commodities
nairobi,2024_25,3,"Medical
services",Primary Health Care,34684837.0,357900.0,False,,"Medical
services",Primary Health Care
nairobi,2024_25,3,"Medical
services","Nairobi Medical Insur-
ance",,,False,,"Medical
services","Nairobi Medical Insur-
ance"
nairobi,2024_25,3,"Medical
services","Reproductive Health &
Maternal Health (RM-
NCAH)",28645296.0,7057800.0,False,,"Medical
services","Reproductive Health &
Maternal Health (RM-
NCAH)"
nairobi,2024_25,3,"Medical
services",Clinical Services,111055832.0,5533497.0,False,,"Medical
services",Clinical Services
nairobi,2024_25,3,"Medical
services",,27481661.0,,False,,"Medical
services",
nairobi,2024_25,3,"Medical
services","Research, Quality Assur-
ance & Standards Unit",1624624.0,,False,,"Medical
services","Research, Quality Assur-
ance & Standards Unit"
nairobi,2024_25,3,"General ad-
ministration,
planning
and support
services","Administration/Human
Resource for Health",7009051798.0,5221095996.0,False,,"General ad-
ministration,
planning
and support
services","Administration/Human
Resource for Health"
nakuru,2024_25,3,Health Services,,,,False,,Health Services,
nakuru,2024_25,3,"Administration and
Planning",Health Information System,5700000.0,0.0,False,,"Administration and
Planning",Health Information System
nakuru,2024_25,3,"Administration and
Planning","Health Infrastructure and Devel-
opment",8251100.0,0.0,False,,"Administration and
Planning","Health Infrastructure and Devel-
opment"
nakuru,2024_25,3,"Health Preventive
and Promotive
Services",Primary Health Care,21673325.0,0.0,False,,"Health Preventive
and Promotive
Services",Primary Health Care
nakuru,2024_25,3,"Health Preventive
and Promotive
Services",,,,False,,"Health Preventive
and Promotive
Services",
nakuru,2024_25,3,"Health Preventive
and Promotive
Services","Environmental Health and Sanita-
tion",1075000.0,0.0,False,,"Health Preventive
and Promotive
Services","Environmental Health and Sanita-
tion"
nakuru,2024_25,3,"Health Preventive
and Promotive
Services",Human Resource,234249940.0,24723000.0,False,,"Health Preventive
and Promotive
Services",Human Resource
nakuru,2024_25,3,"Health Preventive
and Promotive
Services","Disease Surveillance and Emergen-
cy Response",1000000.0,0.0,False,,"Health Preventive
and Promotive
Services","Disease Surveillance and Emergen-
cy Response"
nakuru,2024_25,3,"Health Preventive
and Promotive
Services",Health Promotive,1900000.0,0.0,False,,"Health Preventive
and Promotive
Services",Health Promotive
nakuru,2024_25,3,"Health Preventive
and Promotive
Services",HIV Programme,2300000.0,0.0,False,,"Health Preventive
and Promotive
Services",HIV Programme
nakuru,2024_25,3,"Health Preventive
and Promotive
Services",Nutrition,10000000.0,0.0,False,,"Health Preventive
and Promotive
Services",Nutrition
nakuru,2024_25,3,"Health Preventive
and Promotive
Services",Reproductive Health,2700000.0,0.0,False,,"Health Preventive
and Promotive
Services",Reproductive Health
nakuru,2024_25,3,"Health Preventive
and Promotive
Services",Immunisation,6000000.0,0.0,False,,"Health Preventive
and Promotive
Services",Immunisation
nakuru,2024_25,3,"Health Curative
and Rehabilitative
Services","Provision of Essential Health Ser-
vices in all Levels",1548228243.0,896923848.0,False,,"Health Curative
and Rehabilitative
Services","Provision of Essential Health Ser-
vices in all Levels"
nakuru,2024_25,3,"Health Curative
and Rehabilitative
Services","Elimination of Communicable and
Non-Communicable Diseases",1700000.0,0.0,False,,"Health Curative
and Rehabilitative
Services","Elimination of Communicable and
Non-Communicable Diseases"
nakuru,2024_25,3,"Health Curative
and Rehabilitative
Services",Human Resource,574501797.0,353782125.0,False,,"Health Curative
and Rehabilitative
Services",Human Resource
nandi,2024_25,3,Health Service Delivery Administration Services,,3107985491.0,2130423960.75,False,,Health Service Delivery Administration Services,
nandi,2024_25,3,Health Service Delivery Administration Services,,386646567.0,186398741.0,False,,Health Service Delivery Administration Services,
narok,2024_25,3,401004610.0,Preventive &Promotive Health Services,481094035.0,440361538.0,False,,401004610.0,Preventive &Promotive Health Services
narok,2024_25,3,401004610.0,Health Promotion,481094035.0,440361538.0,False,,401004610.0,Health Promotion
narok,2024_25,3,402004610.0,Curative Health Services,488124894.0,355235895.0,False,,402004610.0,Curative Health Services
narok,2024_25,3,403004610.0,"Health Policy, Planning and Financing",2353149416.0,2343814559.0,False,,403004610.0,"Health Policy, Planning and Financing"
nyamira,2024_25,3,Department of Health,,,,False,,Department of Health,
nyamira,2024_25,3,Medical support services,Medical support services,158650000.0,37661292.0,False,,Medical support services,Medical support services
nyamira,2024_25,3,Medical support services,"Facility infrastructural
services",6000000.0,0.0,False,,Medical support services,"Facility infrastructural
services"
nyamira,2024_25,3,"Livestock Development
& Promotion","Animal Health, Disease, and
Management",1000000.0,487820.0,False,,"Livestock Development
& Promotion","Animal Health, Disease, and
Management"
nyamira,2024_25,3,Department of Primary Healthcare,,,,False,,Department of Primary Healthcare,
nyamira,2024_25,3,"Health Policy Planning
and Financing","Health Policy Planning and
Financing",1500000.0,399700.0,False,,"Health Policy Planning
and Financing","Health Policy Planning and
Financing"
nyamira,2024_25,3,"Health Policy Planning
and Financing","Promotive and preventive
health services",116821464.0,38142707.0,False,,"Health Policy Planning
and Financing","Promotive and preventive
health services"
nyamira,2024_25,3,Curative Health Services,"Facility infrastructural
services",,,False,,Curative Health Services,"Facility infrastructural
services"
nyandarua,2024_25,3,"Human
Resource
Management","Human Resource
Management
(Including employee
gratuity, pension
and medical insur-
ance)",268610000.0,135275303.0,False,,"Human
Resource
Management","Human Resource
Management
(Including employee
gratuity, pension
and medical insur-
ance)"
nyandarua,2024_25,3,Health Services,,,,False,,Health Services,
nyandarua,2024_25,3,"Preventive
and Promotive
Services","Preventive and Pro-
motive Services",90420000.0,33481956.0,False,,"Preventive
and Promotive
Services","Preventive and Pro-
motive Services"
nyandarua,2024_25,3,"Curative Ser-
vices",Curative Services,84650000.0,60624107.0,False,,"Curative Ser-
vices",Curative Services
nyandarua,2024_25,3,"Curative Ser-
vices","Health Improve-
ment Financing
(FIF)",250000000.0,,False,,"Curative Ser-
vices","Health Improve-
ment Financing
(FIF)"
nyandarua,2024_25,3,"Curative Ser-
vices","universal health care
and grants",34397500.0,16155030.0,False,,"Curative Ser-
vices","universal health care
and grants"
nyandarua,2024_25,3,"Curative Ser-
vices",,,,False,,"Curative Ser-
vices",
nyeri,2024_25,3,Health Services and Public Health,,,,False,,Health Services and Public Health,
nyeri,2024_25,3,"Administration,
Planning and
General Support
Services",Health Services,17570350.0,,False,,"Administration,
Planning and
General Support
Services",Health Services
nyeri,2024_25,3,Health Services,Community health,550000.0,271600.0,False,,Health Services,Community health
samburu,2024_25,3,"Medical Services,
Public Health &
Sanitation",,,,False,,"Medical Services,
Public Health &
Sanitation",
samburu,2024_25,3,"Medical Services,
Public Health &
Sanitation","General Administration Plan-
ning and Support Services",,,False,,"Medical Services,
Public Health &
Sanitation","General Administration Plan-
ning and Support Services"
samburu,2024_25,3,"Administration,
Planning and Sup-
port Services","Preventive and Promotive
Health Services",,,False,,"Administration,
Planning and Sup-
port Services","Preventive and Promotive
Health Services"
samburu,2024_25,3,"Non-Communi-
cable Disease &
Prevention Control",Maternal Health Services,30478622.0,18786814.0,False,,"Non-Communi-
cable Disease &
Prevention Control",Maternal Health Services
samburu,2024_25,3,"Non-Communi-
cable Disease &
Prevention Control",Health Promotive Services,83062738.0,46236292.0,False,,"Non-Communi-
cable Disease &
Prevention Control",Health Promotive Services
samburu,2024_25,3,"Non-Communi-
cable Disease &
Prevention Control",Health Curative Services,136336382.0,99251542.0,False,,"Non-Communi-
cable Disease &
Prevention Control",Health Curative Services
samburu,2024_25,3,"County Referral
Services",Free Primary Healthcare,565791147.0,347877708.0,False,,"County Referral
Services",Free Primary Healthcare
samburu,2024_25,3,"County Referral
Services","Provision Of Essential Health
Services at All Levels",179194443.0,134270603.0,False,,"County Referral
Services","Provision Of Essential Health
Services at All Levels"
samburu,2024_25,3,"Health Standards
and Quality Assur-
ance Services",,271793198.0,113138878.0,False,,"Health Standards
and Quality Assur-
ance Services",
samburu,2024_25,3,"Health Standards
and Quality Assur-
ance Services",Research And Development,94436123.0,51405802.0,False,,"Health Standards
and Quality Assur-
ance Services",Research And Development
samburu,2024_25,3,"Health Standards
and Quality Assur-
ance Services","Health Infrastructure devel-
opment",5426344.0,477094.0,False,,"Health Standards
and Quality Assur-
ance Services","Health Infrastructure devel-
opment"
samburu,2024_25,3,"Health Standards
and Quality Assur-
ance Services",Human Resources for Health,11461630.0,2848162.0,False,,"Health Standards
and Quality Assur-
ance Services",Human Resources for Health
samburu,2024_25,3,"Health Standards
and Quality Assur-
ance Services","Health Policy, Planning &
Financing",137190994.0,48461188.0,False,,"Health Standards
and Quality Assur-
ance Services","Health Policy, Planning &
Financing"
samburu,2024_25,3,"Health Standards
and Quality Assur-
ance Services",,23278107.0,9946632.0,False,,"Health Standards
and Quality Assur-
ance Services",
siaya,2024_25,3,Department of Health Services.,,,,False,,Department of Health Services.,
siaya,2024_25,3,Programme 1.,"S.P. 2. Curative healthcare
services",,,False,,Programme 1.,"S.P. 2. Curative healthcare
services"
siaya,2024_25,3,Programme 1.,"S.P. 3. Preventive, promo-
tive & rehabilitative",,,False,,Programme 1.,"S.P. 3. Preventive, promo-
tive & rehabilitative"
siaya,2024_25,3,Programme 1.,"S.P. 10. Environmental
health services",,,False,,Programme 1.,"S.P. 10. Environmental
health services"
taita,2024_25,3,1004003260,Promotion of primary health care,268579402.0,96401572.0,False,,1004003260,Promotion of primary health care
taita,2024_25,3,Health,Headquarters,2058694485.0,1262232372.0,False,,Health,Headquarters
taita,2024_25,3,404003260,Preventive & Promotive Services,14775000.0,12569760.0,False,,404003260,Preventive & Promotive Services
taita,2024_25,3,403003260,Hospitals & Specialised Health Services,169550000.0,30614897.0,False,,403003260,Hospitals & Specialised Health Services
taita,2024_25,3,401003260,Health Improvement Financing,250000000.0,7862937.0,False,,401003260,Health Improvement Financing
tana,2024_25,3,Veterinary services,"Veterinary Public
Health/Abattoirs",1182846.0,395700.0,False,,Veterinary services,"Veterinary Public
Health/Abattoirs"
tana,2024_25,3,Health and Sanitation,,,,False,,Health and Sanitation,
tana,2024_25,3,"Curative and Reha-
bilitative",Medical Supplies,167650000.0,150515259.0,False,,"Curative and Reha-
bilitative",Medical Supplies
tana,2024_25,3,"Curative and Reha-
bilitative",Medical Services,30200000.0,24110495.0,False,,"Curative and Reha-
bilitative",Medical Services
tana,2024_25,3,"Curative and Reha-
bilitative",Ambulance services,10700000.0,7022890.0,False,,"Curative and Reha-
bilitative",Ambulance services
tana,2024_25,3,"Preventive and
Promotive","Preventive and Pro-
motive",22850041.0,13789657.0,False,,"Preventive and
Promotive","Preventive and Pro-
motive"
tana,2024_25,3,"Preventive and
Promotive","Licensing and control
of an undertaking",9000000.0,8409902.0,False,,"Preventive and
Promotive","Licensing and control
of an undertaking"
tana,2024_25,3,"General Admin-
istration, Plan-
ning and support
services","Health policy, planning
and development",3432532.0,,False,,"General Admin-
istration, Plan-
ning and support
services","Health policy, planning
and development"
tharaka,2024_25,3,Medical Supplies,,159639528.0,107659826.0,False,,Medical Supplies,
tharaka,2024_25,3,Medical Supplies,,1628771894.0,1068959423.0,False,,Medical Supplies,
tharaka,2024_25,3,Medical Supplies,,,,False,,Medical Supplies,
tharaka,2024_25,3,Medical Supplies,,323182688.0,213096013.0,False,,Medical Supplies,
tharaka,2024_25,3,Environmental Health Services,,59606288.0,4864218.0,False,,Environmental Health Services,
tharaka,2024_25,3,"Health Promotion & Disease
Control",,263576400.0,208231795.0,False,,"Health Promotion & Disease
Control",
tharaka,2024_25,3,"Reproductive Maternal & Child
Health Services",,,,False,,"Reproductive Maternal & Child
Health Services",
tharaka,2024_25,3,"Reproductive Maternal & Child
Health Services",,28518800.0,19476459.0,False,,"Reproductive Maternal & Child
Health Services",
tharaka,2024_25,3,"Reproductive Maternal & Child
Health Services",,28518800.0,19476459.0,False,,"Reproductive Maternal & Child
Health Services",
trans,2024_25,3,Health Corporate,,2302550904.0,1586671104.0,False,,Health Corporate,
trans,2024_25,3,"Administrative and
Support Services",Preventive Health Services,,,False,,"Administrative and
Support Services",Preventive Health Services
turkana,2024_25,3,Health and Sanitation Services,,,,False,,Health and Sanitation Services,
turkana,2024_25,3,"General Administration,
Planning and support
services",Health Facilities,22500000.0,,False,,"General Administration,
Planning and support
services",Health Facilities
turkana,2024_25,3,"General Administration,
Planning and support
services","General Administration,
Planning and Support Ser-
vices - Medical Services",121000000.0,92516392.0,False,,"General Administration,
Planning and support
services","General Administration,
Planning and Support Ser-
vices - Medical Services"
turkana,2024_25,3,"General Administration,
Planning and support
services","General Administration,
Planning and Support
Services - Preventive and
Promotive Services",93960832.0,79732394.0,False,,"General Administration,
Planning and support
services","General Administration,
Planning and Support
Services - Preventive and
Promotive Services"
turkana,2024_25,3,"Support for Health
Programs","HIV & AIDS, including
community-based HIV
interventions",1500000.0,575400.0,False,,"Support for Health
Programs","HIV & AIDS, including
community-based HIV
interventions"
turkana,2024_25,3,"Support for Health
Programs",TB & Leprosy,1500000.0,,False,,"Support for Health
Programs",TB & Leprosy
turkana,2024_25,3,"Support for Health
Programs","NTDs(neglected tropical
diseases)",1000000.0,470400.0,False,,"Support for Health
Programs","NTDs(neglected tropical
diseases)"
turkana,2024_25,3,"Support for Health
Programs",Reproductive health,2690000.0,,False,,"Support for Health
Programs",Reproductive health
turkana,2024_25,3,"Support for Health
Programs",EPI/outreaches,1920000.0,1068173.0,False,,"Support for Health
Programs",EPI/outreaches
turkana,2024_25,3,"Support for Health
Programs","Rural Health Facilities
Support",500000.0,,False,,"Support for Health
Programs","Rural Health Facilities
Support"
turkana,2024_25,3,"Support for Health
Programs",Child Health,500000.0,,False,,"Support for Health
Programs",Child Health
turkana,2024_25,3,"Support for Health
Programs",One Health,1000000.0,985600.0,False,,"Support for Health
Programs",One Health
turkana,2024_25,3,"Support for Health
Programs","Gender Based Violence
Health Care",1500000.0,,False,,"Support for Health
Programs","Gender Based Violence
Health Care"
turkana,2024_25,3,"Support for Health
Programs","Adolescents’ Sexual and
Reproductive Health",500000.0,,False,,"Support for Health
Programs","Adolescents’ Sexual and
Reproductive Health"
turkana,2024_25,3,"Support for Health
Programs","Maternal And Neonatal
Health",1500000.0,1395100.0,False,,"Support for Health
Programs","Maternal And Neonatal
Health"
turkana,2024_25,3,Medical Services,Laboratory Services,2100000.0,848600.0,False,,Medical Services,Laboratory Services
turkana,2024_25,3,Medical Services,Blood Transfusion Services,2500000.0,1752716.0,False,,Medical Services,Blood Transfusion Services
turkana,2024_25,3,Medical Services,Rehabilitative Services,800000.0,274400.0,False,,Medical Services,Rehabilitative Services
turkana,2024_25,3,Medical Services,"Referrals & Emergency
Services",32000000.0,24619719.0,False,,Medical Services,"Referrals & Emergency
Services"
turkana,2024_25,3,Medical Services,Radiology Services,200000.0,200000.0,False,,Medical Services,Radiology Services
turkana,2024_25,3,Medical Services,Dental Services,500000.0,196200.0,False,,Medical Services,Dental Services
turkana,2024_25,3,Medical Services,,,,False,,Medical Services,
turkana,2024_25,3,Medical Services,Clinical Services,1500000.0,160000.0,False,,Medical Services,Clinical Services
turkana,2024_25,3,Medical Services,Nursing Services,900846.0,,False,,Medical Services,Nursing Services
turkana,2024_25,3,Medical Services,"Subcounty Health Facilities
Support",2800000.0,789857.0,False,,Medical Services,"Subcounty Health Facilities
Support"
turkana,2024_25,3,Medical Services,UHC Turkana,299154.0,197618.0,False,,Medical Services,UHC Turkana
turkana,2024_25,3,Medical Services,"Non-Communicable Dis-
eases (NCDS)",500000.0,173200.0,False,,Medical Services,"Non-Communicable Dis-
eases (NCDS)"
turkana,2024_25,3,Medical Services,Ophthalmic Services,1000000.0,974600.0,False,,Medical Services,Ophthalmic Services
turkana,2024_25,3,Medical Services,Malaria,1000000.0,,False,,Medical Services,Malaria
turkana,2024_25,3,Medical Services,Mental Health,500000.0,274854.0,False,,Medical Services,Mental Health
turkana,2024_25,3,Medical Services,Biomedical Engineering,500000.0,77236.0,False,,Medical Services,Biomedical Engineering
turkana,2024_25,3,"Lodwar County And
Referral Hospital","LCRH Operations and
Support Services",432886086.0,202100057.0,False,,"Lodwar County And
Referral Hospital","LCRH Operations and
Support Services"
turkana,2024_25,3,Medical Supplies,Medical Supplies,309975942.0,12146490.0,False,,Medical Supplies,Medical Supplies
turkana,2024_25,3,Medical Supplies,Health Management,1700000.0,1050380.0,False,,Medical Supplies,Health Management
turkana,2024_25,3,"Policy, Planning, Monitor-
ing and Evaluation",Health Information & Mgt,2568900.0,2554400.0,False,,"Policy, Planning, Monitor-
ing and Evaluation",Health Information & Mgt
turkana,2024_25,3,"Policy, Planning, Monitor-
ing and Evaluation",Electronic Medical Records,350000.0,155400.0,False,,"Policy, Planning, Monitor-
ing and Evaluation",Electronic Medical Records
turkana,2024_25,3,"Policy, Planning, Monitor-
ing and Evaluation","Monitoring & Evaluation
Health",745000.0,591500.0,False,,"Policy, Planning, Monitor-
ing and Evaluation","Monitoring & Evaluation
Health"
turkana,2024_25,3,"Policy, Planning, Monitor-
ing and Evaluation","Health Partners Coordi-
nation",586100.0,586100.0,False,,"Policy, Planning, Monitor-
ing and Evaluation","Health Partners Coordi-
nation"
turkana,2024_25,3,"Community Health
Services",Community Health Services,1400000.0,109000.0,False,,"Community Health
Services",Community Health Services
turkana,2024_25,3,"Community Health
Services",Community Nutrition,3350000.0,1170000.0,False,,"Community Health
Services",Community Nutrition
turkana,2024_25,3,"Community Health
Services","MIYCN and Emergency
Nutrition",1500000.0,800000.0,False,,"Community Health
Services","MIYCN and Emergency
Nutrition"
turkana,2024_25,3,Public Health,"Water, Sanitation And
Hygiene WASH",1500000.0,138400.0,False,,Public Health,"Water, Sanitation And
Hygiene WASH"
turkana,2024_25,3,Public Health,Food Safety,300000.0,246400.0,False,,Public Health,Food Safety
turkana,2024_25,3,Public Health,"Occupational Health And
Safety",250000.0,246400.0,False,,Public Health,"Occupational Health And
Safety"
turkana,2024_25,3,Public Health,"Infection Prevention And
Control/Health Care Waste",250000.0,246400.0,False,,Public Health,"Infection Prevention And
Control/Health Care Waste"
turkana,2024_25,3,Public Health,"Disease Surveillance And
Response",1150000.0,276000.0,False,,Public Health,"Disease Surveillance And
Response"
turkana,2024_25,3,Public Health,School Health,250000.0,250000.0,False,,Public Health,School Health
turkana,2024_25,3,Public Health,Health Promotion Services,250000.0,250000.0,False,,Public Health,Health Promotion Services
turkana,2024_25,3,Public Health,"Alcoholic Drinks And
Substance Abuse",2450000.0,1019600.0,False,,Public Health,"Alcoholic Drinks And
Substance Abuse"
turkana,2024_25,3,Public Health,"Public Health Emergency
And Response",9000000.0,441000.0,False,,Public Health,"Public Health Emergency
And Response"
turkana,2024_25,3,Level 6 Hospital,Turkana Level 6 Hospital,3648999.0,3648999.0,False,,Level 6 Hospital,Turkana Level 6 Hospital
uasin,2024_25,3,204004310.0,Administration- Health Services,1862130561.0,1333383533.0,False,,204004310.0,Administration- Health Services
uasin,2024_25,3,404004310.0,PUBLIC HEALTH SERVICES,,,False,,404004310.0,PUBLIC HEALTH SERVICES
uasin,2024_25,3,401004310.0,CURATIVE HEALTH SERVICES,,,False,,401004310.0,CURATIVE HEALTH SERVICES
uasin,2024_25,3,405004310.0,HEALTH INFRASTRUCTURE,,,False,,405004310.0,HEALTH INFRASTRUCTURE
uasin,2024_25,3,205004310.0,PUBLIC HEALTH SERVICES,659743447.0,551436800.0,False,,205004310.0,PUBLIC HEALTH SERVICES
uasin,2024_25,3,405004310.0,HEALTH INFRASTRUCTURE,20000000.0,1531290.0,False,,405004310.0,HEALTH INFRASTRUCTURE
vihiga,2024_25,3,"Administration,
Planning and
Support Service",Healthcare Financing,7100000.0,1000000.0,False,,"Administration,
Planning and
Support Service",Healthcare Financing
vihiga,2024_25,3,"Promotive and
Preventive
Healthcare
Services",,96188000.0,18064829.15,False,,"Promotive and
Preventive
Healthcare
Services",
vihiga,2024_25,3,"Promotive and
Preventive
Healthcare
Services",Public Health Services,246000.0,,False,,"Promotive and
Preventive
Healthcare
Services",Public Health Services
vihiga,2024_25,3,"Promotive and
Preventive
Healthcare
Services","Community Health
Strategy",89942000.0,17069829.15,False,,"Promotive and
Preventive
Healthcare
Services","Community Health
Strategy"
vihiga,2024_25,3,"Promotive and
Preventive
Healthcare
Services",Health Promotion,1000000.0,,False,,"Promotive and
Preventive
Healthcare
Services",Health Promotion
vihiga,2024_25,3,"Promotive and
Preventive
Healthcare
Services","Reproductive Health-
care",5000000.0,995000.0,False,,"Promotive and
Preventive
Healthcare
Services","Reproductive Health-
care"
vihiga,2024_25,3,"Curative And
Rehabilitative
Health Services",,85015000.0,35767387.0,False,,"Curative And
Rehabilitative
Health Services",
vihiga,2024_25,3,"Curative And
Rehabilitative
Health Services",Medical services,5000000.0,3705146.0,False,,"Curative And
Rehabilitative
Health Services",Medical services
vihiga,2024_25,3,"Curative And
Rehabilitative
Health Services","Drugs and Other
Medical Supplies",80015000.0,32062241.0,False,,"Curative And
Rehabilitative
Health Services","Drugs and Other
Medical Supplies"
vihiga,2024_25,3,"Child and
Maternal Health
Care",,2613932.0,2426467.0,False,,"Child and
Maternal Health
Care",
vihiga,2024_25,3,"Child and
Maternal Health
Care",Nutrition Services,2613932.0,2426467.0,False,,"Child and
Maternal Health
Care",Nutrition Services
wajir,2024_25,3,"Public Health, Medical Services and Sanitation",,,,False,,"Public Health, Medical Services and Sanitation",
wajir,2024_25,3,"Curative,
rehabilitative
and Emergency
services","Curative and rehabili-
tative services",994827710.0,591412150.0,False,,"Curative,
rehabilitative
and Emergency
services","Curative and rehabili-
tative services"
wajir,2024_25,3,"Curative,
rehabilitative
and Emergency
services","Emergency Referral
Services",44578510.0,28136369.0,False,,"Curative,
rehabilitative
and Emergency
services","Emergency Referral
Services"
wajir,2024_25,3,Public Health,"Reproductive, Ma-
ternal, Neonatal, and
Child Health",16343892.0,16149208.0,False,,Public Health,"Reproductive, Ma-
ternal, Neonatal, and
Child Health"
wajir,2024_25,3,Public Health,Primary Health Care,162474500.0,52342725.0,False,,Public Health,Primary Health Care
wajir,2024_25,3,Public Health,Sanitation,11756022.0,6699044.0,False,,Public Health,Sanitation
wajir,2024_25,3,Public Health,Special Programme,7000000.0,5491700.0,False,,Public Health,Special Programme
wajir,2024_25,3,Public Health,Health Research,2636000.0,2575500.0,False,,Public Health,Health Research
west,2024_25,3,Health and Sanitation,,,,False,,Health and Sanitation,
west,2024_25,3,"SP 2 Preventive Health
Services",,89125304.0,69269695.0,False,,"SP 2 Preventive Health
Services",
west,2024_25,3,"SP 3 Curative Health Ser-
vices",,83052028.0,52016632.0,False,,"SP 3 Curative Health Ser-
vices",
west,2024_25,3,"SP 4 Kacheliba Sub county
hospital",,14200000.0,4191104.0,False,,"SP 4 Kacheliba Sub county
hospital",
west,2024_25,3,"SP 5 Sigor Sub county
hospital",,14200000.0,2972850.0,False,,"SP 5 Sigor Sub county
hospital",
west,2024_25,3,"SP 6 Chepareria Sub county
hospital",,14200000.0,2041083.0,False,,"SP 6 Chepareria Sub county
hospital",
west,2024_25,3,"SP 6 Chepareria Sub county
hospital",,,,False,,"SP 6 Chepareria Sub county
hospital",
west,2024_25,3,"SP 6 Chepareria Sub county
hospital",,,,False,,"SP 6 Chepareria Sub county
hospital",
