county,year,quarter,ordinary_osr_target,fif_aia_target,total_revenue_target,osr_actual_realised,fif_aia_actual,actual_revenue,performance_percent
baringo,2014_15,01,,,255800000.0,,,72859999.0,28.48318960125098
bomet,2014_15,01,,,239046286.0,,,36431865.0,15.240506602139806
bungoma,2014_15,01,,,1075035502.0,,,75811736.0,7.052021617793977
busia,2014_15,01,,,324945073.0,,,72432967.0,22.290834057360826
elgeyo marakwet,2014_15,01,,,132023379.0,,,23059797.0,17.466449635408893
embu,2014_15,01,,,748000000.0,,,81315514.0,10.871058021390374
garissa,2014_15,01,,,700000000.0,,,26077833.0,3.7254047142857143
homa bay,2014_15,01,,,153687573.0,,,31889274.0,20.749416089744617
isiolo,2014_15,01,,,452699367.0,,,49903138.0,11.023460962780627
kajiado,2014_15,01,,,959045150.0,,,112293534.0,11.70888920088903
kakamega,2014_15,01,,,903537623.0,,,144832562.0,16.029499858469094
kericho,2014_15,01,,,383435490.0,,,67326982.0,17.55888115625395
kiambu,2014_15,01,,,3263234585.0,,,407222159.0,12.479095461658329
kilifi,2014_15,01,,,1000000000.0,,,103040581.0,10.3040581
kirinyaga,2014_15,01,,,422454650.0,,,49515000.0,11.720784704346372
kisii,2014_15,01,,,630000000.0,,,64732629.0,10.275020476190475
kisumu,2014_15,01,,,1500000000.0,,,179913944.0,11.994262933333333
kitui,2014_15,01,,,650000000.0,,,72108100.0,11.093553846153846
kwale,2014_15,01,,,500000000.0,,,56613666.0,11.3227332
laikipia,2014_15,01,,,400000000.0,,,51378961.0,12.844740250000001
lamu,2014_15,01,,,65740000.0,,,5008154.0,7.618122908427137
machakos,2014_15,01,,,2850000000.0,,,353464417.0,12.402260245614036
makueni,2014_15,01,,,230000000.0,,,51802993.0,22.523040434782608
mandera,2014_15,01,,,251285781.0,,,18993910.0,7.558688726601686
marsabit,2014_15,01,,,48400000.0,,,22888544.0,47.29038016528926
meru,2014_15,01,,,588038730.0,,,106009947.0,18.02771511325453
migori,2014_15,01,,,500000000.0,,,86593618.0,17.3187236
mombasa,2014_15,01,,,5121608017.0,,,319999583.0,6.248029562938729
muranga,2014_15,01,,,800000000.0,,,107394856.0,13.424357
nairobi city,2014_15,01,,,13323722061.0,,,1781747512.0,13.372746022790217
nakuru,2014_15,01,,,2755924489.0,,,461938285.0,16.761645206310295
nandi,2014_15,01,,,456070000.0,,,99558564.0,21.829667375622165
narok,2014_15,01,,,3366157146.0,,,725955853.0,21.566309043612307
nyamira,2014_15,01,,,219053554.0,,,23244966.0,10.611544791462274
nyandarua,2014_15,01,,,200000000.0,,,26862669.0,13.4313345
nyeri,2014_15,01,,,1343926804.0,,,89680222.0,6.6729989857394045
samburu,2014_15,01,,,406550140.0,,,90365678.0,22.227437432440684
siaya,2014_15,01,,,301530027.0,,,36095500.0,11.970781271478478
taita taveta,2014_15,01,,,521830636.0,,,56016258.0,10.73456676085227
tana river,2014_15,01,,,120000000.0,,,5331796.0,4.443163333333333
tharaka nithi,2014_15,01,,,250000000.0,,,30794708.0,12.3178832
trans nzoia,2014_15,01,,,385000000.0,,,34696804.0,9.012156883116882
turkana,2014_15,01,,,110000000.0,,,34258055.0,31.143686363636363
uasin gishu,2014_15,01,,,890000000.0,,,180863186.0,20.32170629213483
vihiga,2014_15,01,,,377743491.0,,,25585989.0,6.7733765397958905
wajir,2014_15,01,,,105136917.0,,,20757750.0,19.743540701312366
west pokot,2014_15,01,,,96197480.0,,,22314108.0,23.196146094471498
baringo,2014_15,02,,,255800000.0,,,117642677.0,45.9901004691165
bomet,2014_15,02,,,239046286.0,,,61923865.0,25.90455013385985
bungoma,2014_15,02,,,1075035502.0,,,147820416.0,13.75028226742227
busia,2014_15,02,,,324945073.0,,,135638421.0,41.74195341623167
elgeyo marakwet,2014_15,02,,,132023379.0,,,46182656.0,34.980665053270606
embu,2014_15,02,,,748000000.0,,,149859098.0,20.034638770053476
garissa,2014_15,02,,,700000000.0,,,68579445.0,9.797063571428572
homa bay,2014_15,02,,,153687573.0,,,64995711.0,42.290804475128255
isiolo,2014_15,02,,,452699367.0,,,79621869.0,17.588243943800347
kajiado,2014_15,02,,,959045150.0,,,236416534.0,24.65124128931782
kakamega,2014_15,02,,,903537623.0,,,247733811.0,27.418206469084687
kericho,2014_15,02,,,383435490.0,,,135721684.0,35.39622375591785
kiambu,2014_15,02,,,3263234585.0,,,783181878.0,24.00017092243462
kilifi,2014_15,02,,,1000000000.0,,,209816593.0,20.9816593
kirinyaga,2014_15,02,,,422454650.0,,,114296751.0,27.055389495653557
kisii,2014_15,02,,,630000000.0,,,127795001.0,20.284920793650794
kisumu,2014_15,02,,,1500000000.0,,,442915437.0,29.527695799999996
kitui,2014_15,02,,,650000000.0,,,135576657.0,20.85794723076923
kwale,2014_15,02,,,500000000.0,,,96624199.0,19.3248398
laikipia,2014_15,02,,,400000000.0,,,100823006.0,25.2057515
lamu,2014_15,02,,,65740000.0,,,14677817.0,22.32707179799209
machakos,2014_15,02,,,2850000000.0,,,614459797.0,21.559992877192983
makueni,2014_15,02,,,230000000.0,,,86789395.0,37.73451956521739
mandera,2014_15,02,,,251285781.0,,,37908824.0,15.085940736137394
marsabit,2014_15,02,,,48400000.0,,,42301616.0,87.40003305785125
meru,2014_15,02,,,588038730.0,,,196331657.0,33.38753843645639
migori,2014_15,02,,,500000000.0,,,140244529.0,28.0489058
mombasa,2014_15,02,,,5121608017.0,,,738828416.0,14.425711876965769
muranga,2014_15,02,,,800000000.0,,,207439286.0,25.92991075
nairobi city,2014_15,02,,,13323722061.0,,,4323283867.0,32.44801900855263
nakuru,2014_15,02,,,2755924489.0,,,895574847.0,32.49634924957481
nandi,2014_15,02,,,456070000.0,,,181615826.0,39.82191900366172
narok,2014_15,02,,,3366157146.0,,,1215679912.0,36.11477002624761
nyamira,2014_15,02,,,219053554.0,,,50976102.0,23.27106822471367
nyandarua,2014_15,02,,,200000000.0,,,51875916.0,25.937958
nyeri,2014_15,02,,,1343926804.0,,,268144538.0,19.952317135271603
samburu,2014_15,02,,,406550140.0,,,120644481.0,29.67517881066281
siaya,2014_15,02,,,301530027.0,,,60737313.0,20.143039684734283
taita taveta,2014_15,02,,,521830636.0,,,92680109.0,17.760572608466017
tana river,2014_15,02,,,120000000.0,,,8912841.0,7.4273675
tharaka nithi,2014_15,02,,,250000000.0,,,57709984.0,23.0839936
trans nzoia,2014_15,02,,,385000000.0,,,62059347.0,16.11931090909091
turkana,2014_15,02,,,110000000.0,,,63793993.0,57.99453909090909
uasin gishu,2014_15,02,,,890000000.0,,,293546021.0,32.98269898876405
vihiga,2014_15,02,,,377743491.0,,,48670821.0,12.884622014572317
wajir,2014_15,02,,,105136917.0,,,46740249.0,44.456552782501696
west pokot,2014_15,02,,,96197480.0,,,48175498.0,50.079792110978374
baringo,2014_15,03,,,255800000.0,,,181247231.0,70.85505512118843
bomet,2014_15,03,,,239046286.0,,,131248718.0,54.90514836946683
bungoma,2014_15,03,,,1075035502.0,,,304704321.0,28.34365194759866
busia,2014_15,03,,,324945073.0,,,221124352.0,68.04976298255798
elgeyo marakwet,2014_15,03,,,132023379.0,,,75418601.0,57.12518613843386
embu,2014_15,03,,,748000000.0,,,291221435.0,38.93334692513369
garissa,2014_15,03,,,700000000.0,,,107662773.0,15.380396142857142
homa bay,2014_15,03,,,153687573.0,,,113713969.0,73.99034728722016
isiolo,2014_15,03,,,452699367.0,,,108486949.0,23.96445785178224
kajiado,2014_15,03,,,959045150.0,,,552902940.0,57.65139837264179
kakamega,2014_15,03,,,903537623.0,,,373947190.0,41.387008186597676
kericho,2014_15,03,,,383435490.0,,,273516167.0,71.33303362190078
kiambu,2014_15,03,,,3263234585.0,,,1464281191.0,44.87207869550083
kilifi,2014_15,03,,,1000000000.0,,,428170479.0,42.8170479
kirinyaga,2014_15,03,,,422454650.0,,,238617611.0,56.48360386138489
kisii,2014_15,03,,,630000000.0,,,227136722.0,36.053447936507936
kisumu,2014_15,03,,,1500000000.0,,,759100620.0,50.606708
kitui,2014_15,03,,,650000000.0,,,210289752.0,32.352269538461535
kwale,2014_15,03,,,500000000.0,,,178261814.0,35.6523628
laikipia,2014_15,03,,,400000000.0,,,222449349.0,55.612337249999996
lamu,2014_15,03,,,65740000.0,,,43494802.0,66.16185275327045
machakos,2014_15,03,,,2850000000.0,,,1055810130.0,37.04596947368421
makueni,2014_15,03,,,230000000.0,,,152655813.0,66.37209260869565
mandera,2014_15,03,,,251285781.0,,,70471870.0,28.044511599325233
marsabit,2014_15,03,,,48400000.0,,,70159257.0,144.95714256198346
meru,2014_15,03,,,588038730.0,,,350639047.0,59.62856341112089
migori,2014_15,03,,,500000000.0,,,228941722.0,45.7883444
mombasa,2014_15,03,,,5121608017.0,,,1829049654.0,35.71241000734321
muranga,2014_15,03,,,800000000.0,,,431726575.0,53.965821874999996
nairobi city,2014_15,03,,,13323722061.0,,,9201756927.0,69.06296067173717
nakuru,2014_15,03,,,2755924489.0,,,1590062879.0,57.69617002739294
nandi,2014_15,03,,,456070000.0,,,240275292.0,52.68386256495713
narok,2014_15,03,,,3366157146.0,,,1426483794.0,42.37721924821866
nyamira,2014_15,03,,,219053554.0,,,74121618.0,33.83721315929893
nyandarua,2014_15,03,,,200000000.0,,,152581048.0,76.290524
nyeri,2014_15,03,,,1343926804.0,,,476394117.0,35.447921388432995
samburu,2014_15,03,,,406550140.0,,,169165287.0,41.60994434782386
siaya,2014_15,03,,,301530027.0,,,102577193.0,34.01889822402331
taita taveta,2014_15,03,,,521830636.0,,,144930062.0,27.773390828667253
tana river,2014_15,03,,,120000000.0,,,20063653.0,16.719710833333334
tharaka nithi,2014_15,03,,,250000000.0,,,83746338.0,33.4985352
trans nzoia,2014_15,03,,,385000000.0,,,201502241.0,52.33824441558441
turkana,2014_15,03,,,110000000.0,,,99587028.0,90.53366181818183
uasin gishu,2014_15,03,,,890000000.0,,,612351517.0,68.80354123595505
vihiga,2014_15,03,,,377743491.0,,,78029107.0,20.65663839592143
wajir,2014_15,03,,,105136917.0,,,74067519.0,70.44863128333884
west pokot,2014_15,03,,,96197480.0,,,78319654.0,81.41549445993803
baringo,2014_15,04,,,255800000.0,,,249723429.0,97.6244835809226
bomet,2014_15,04,,,239046286.0,,,206386334.0,86.33739408944425
bungoma,2014_15,04,,,1075035502.0,,,504623643.0,46.94018402752247
busia,2014_15,04,,,324945073.0,,,315202075.0,97.001647721552
elgeyo marakwet,2014_15,04,,,132023379.0,,,128905771.0,97.63859399478028
embu,2014_15,04,,,748000000.0,,,401105103.0,53.62367687165776
garissa,2014_15,04,,,700000000.0,,,130717649.0,18.67394985714286
homa bay,2014_15,04,,,153687573.0,,,157860245.0,102.71503539196367
isiolo,2014_15,04,,,452699367.0,,,133699318.0,29.533798309905745
kajiado,2014_15,04,,,959045150.0,,,785837768.0,81.93960086237858
kakamega,2014_15,04,,,903537623.0,,,516889024.0,57.2072496863808
kericho,2014_15,04,,,383435490.0,,,413581432.0,107.86206357684836
kiambu,2014_15,04,,,3263234585.0,,,2110856557.0,64.68601940856176
kilifi,2014_15,04,,,1000000000.0,,,545499051.0,54.5499051
kirinyaga,2014_15,04,,,422454650.0,,,311635045.0,73.76769198776721
kisii,2014_15,04,,,630000000.0,,,296771415.0,47.10657380952381
kisumu,2014_15,04,,,1500000000.0,,,970903407.0,64.7268938
kitui,2014_15,04,,,650000000.0,,,320521294.0,49.31096830769231
kwale,2014_15,04,,,500000000.0,,,253972260.0,50.794452
laikipia,2014_15,04,,,400000000.0,,,400484744.0,100.121186
lamu,2014_15,04,,,65740000.0,,,61672255.0,93.81237450562824
machakos,2014_15,04,,,2850000000.0,,,1356559888.0,47.59859256140351
makueni,2014_15,04,,,230000000.0,,,215349954.0,93.6304147826087
mandera,2014_15,04,,,251285781.0,,,87729461.0,34.91222649004561
marsabit,2014_15,04,,,48400000.0,,,99107465.0,204.7674896694215
meru,2014_15,04,,,588038730.0,,,539239910.0,91.70142755733113
migori,2014_15,04,,,500000000.0,,,355111556.0,71.0223112
mombasa,2014_15,04,,,5121608017.0,,,2492600145.0,48.66831152884772
muranga,2014_15,04,,,800000000.0,,,562227534.0,70.27844175
nairobi city,2014_15,04,,,13323722061.0,,,11500049480.0,86.31258913499786
nakuru,2014_15,04,,,2755924489.0,,,2200279602.0,79.83816722055333
nandi,2014_15,04,,,456070000.0,,,298042483.0,65.35016181726489
narok,2014_15,04,,,3366157146.0,,,1639205710.0,48.696648400621044
nyamira,2014_15,04,,,219053554.0,,,104254684.0,47.593240144371265
nyandarua,2014_15,04,,,200000000.0,,,240629472.0,120.314736
nyeri,2014_15,04,,,1343926804.0,,,680700067.0,50.65008488364073
samburu,2014_15,04,,,406550140.0,,,195715348.0,48.14051914974129
siaya,2014_15,04,,,301530027.0,,,143328488.0,47.53373633333041
taita taveta,2014_15,04,,,521830636.0,,,216603678.0,41.50842496721484
tana river,2014_15,04,,,120000000.0,,,33033490.0,27.527908333333333
tharaka nithi,2014_15,04,,,250000000.0,,,115729722.0,46.291888799999995
trans nzoia,2014_15,04,,,385000000.0,,,301267105.0,78.2511961038961
turkana,2014_15,04,,,110000000.0,,,126524507.0,115.0222790909091
uasin gishu,2014_15,04,,,890000000.0,,,800823542.0,89.98017325842696
vihiga,2014_15,04,,,377743491.0,,,115939226.0,30.692580749194164
wajir,2014_15,04,,,105136917.0,,,107742634.0,102.47840347078088
west pokot,2014_15,04,,,96197480.0,,,103899329.0,108.0062897697528
baringo,2015_16,01,,,300000000.0,,,77326161.0,25.8
bomet,2015_16,01,,,312697640.0,,,26946036.0,8.6
bungoma,2015_16,01,,,755655838.0,,,102622636.0,13.6
busia,2015_16,01,,,543036928.0,,,108804879.0,20.0
elgeyo marakwet,2015_16,01,,,149980000.0,,,24201945.0,16.1
embu,2015_16,01,,,630762379.0,,,86520209.0,13.7
garissa,2015_16,01,,,500000000.0,,,24763118.0,5.0
homa bay,2015_16,01,,,181733667.0,,,43487781.0,24.0
isiolo,2015_16,01,,,360000000.0,,,35453738.0,9.8
kajiado,2015_16,01,,,1134883377.0,,,139750003.0,12.3
kakamega,2015_16,01,,,1000000000.0,,,110187243.0,11.0
kericho,2015_16,01,,,553400000.0,,,43727216.0,7.9
kiambu,2015_16,01,,,3683082631.0,,,493347191.0,13.4
kilifi,2015_16,01,,,1499010326.0,,,61248327.0,4.1
kirinyaga,2015_16,01,,,500000000.0,,,65048128.0,13.0
kisii,2015_16,01,,,700000000.0,,,57786966.0,8.3
kisumu,2015_16,01,,,1868587023.0,,,204680416.0,11.0
kitui,2015_16,01,,,608200000.0,,,94842117.0,15.6
kwale,2015_16,01,,,300000000.0,,,40649387.0,13.5
laikipia,2015_16,01,,,500000000.0,,,100801736.0,20.2
lamu,2015_16,01,,,50000000.0,,,7695367.0,15.4
machakos,2015_16,01,,,2371633578.0,,,201681606.0,8.5
makueni,2015_16,01,,,400000000.0,,,40295311.0,10.1
mandera,2015_16,01,,,270000000.0,,,18457379.0,6.8
marsabit,2015_16,01,,,130000000.0,,,26443448.0,20.3
meru,2015_16,01,,,997928083.0,,,115150257.0,11.5
migori,2015_16,01,,,400000000.0,,,86868485.0,21.7
mombasa,2015_16,01,,,5181672405.0,,,384169600.0,7.4
muranga,2015_16,01,,,850000000.0,,,109730737.0,12.9
nairobi city,2015_16,01,,,17528000000.0,,,2228013602.0,12.7
nakuru,2015_16,01,,,2911149689.0,,,436180425.0,15.0
nandi,2015_16,01,,,255764953.0,,,43634047.0,17.1
narok,2015_16,01,,,3507104592.0,,,617198284.0,17.6
nyamira,2015_16,01,,,240958912.0,,,17298260.0,7.2
nyandarua,2015_16,01,,,235550432.0,,,49907949.0,21.2
nyeri,2015_16,01,,,1488358136.0,,,141910242.0,9.5
samburu,2015_16,01,,,356585640.0,,,50828840.0,14.3
siaya,2015_16,01,,,343309926.0,,,29169787.0,8.5
taita taveta,2015_16,01,,,310000000.0,,,54370433.0,17.5
tana river,2015_16,01,,,120000000.0,,,3384957.0,2.8
tharaka nithi,2015_16,01,,,248050000.0,,,36683313.0,14.8
trans nzoia,2015_16,01,,,389026513.0,,,50986745.0,13.1
turkana,2015_16,01,,,200000000.0,,,23108844.0,11.6
uasin gishu,2015_16,01,,,1037217425.0,,,135415134.0,13.1
vihiga,2015_16,01,,,277000000.0,,,34892381.0,12.6
wajir,2015_16,01,,,200000000.0,,,22318990.0,11.2
west pokot,2015_16,01,,,227308244.0,,,21651350.0,9.5
baringo,2015_16,02,,,300000000.0,,,129680000.0,43.2
bomet,2015_16,02,,,230330000.0,,,57340000.0,24.9
bungoma,2015_16,02,,,819940000.0,,,184320000.0,22.5
busia,2015_16,02,,,543040000.0,,,176810000.0,32.6
elgeyo marakwet,2015_16,02,,,149980000.0,,,43920000.0,29.3
embu,2015_16,02,,,630760000.0,,,159380000.0,25.3
garissa,2015_16,02,,,500000000.0,,,45600000.0,9.1
homa bay,2015_16,02,,,181730000.0,,,83380000.0,45.9
isiolo,2015_16,02,,,360000000.0,,,56690000.0,15.7
kajiado,2015_16,02,,,1134880000.0,,,290750000.0,25.6
kakamega,2015_16,02,,,1000000000.0,,,217500000.0,21.7
kericho,2015_16,02,,,553400000.0,,,115290000.0,20.8
kiambu,2015_16,02,,,3683080000.0,,,1053720000.0,28.6
kilifi,2015_16,02,,,1499010000.0,,,168990000.0,11.3
kirinyaga,2015_16,02,,,500000000.0,,,118070000.0,23.6
kisii,2015_16,02,,,700000000.0,,,104860000.0,15.0
kisumu,2015_16,02,,,1868590000.0,,,406230000.0,21.7
kitui,2015_16,02,,,608200000.0,,,155030000.0,25.5
kwale,2015_16,02,,,300000000.0,,,89980000.0,30.0
laikipia,2015_16,02,,,500000000.0,,,231020000.0,46.2
lamu,2015_16,02,,,107000000.0,,,20620000.0,19.3
machakos,2015_16,02,,,2371630000.0,,,398280000.0,16.8
makueni,2015_16,02,,,400000000.0,,,87260000.0,21.8
mandera,2015_16,02,,,199240000.0,,,38190000.0,19.2
marsabit,2015_16,02,,,130000000.0,,,54020000.0,41.6
meru,2015_16,02,,,997930000.0,,,207950000.0,20.8
migori,2015_16,02,,,400000000.0,,,151560000.0,37.9
mombasa,2015_16,02,,,5181670000.0,,,737270000.0,14.2
muranga,2015_16,02,,,850000000.0,,,220170000.0,25.9
nairobi city,2015_16,02,,,17528000000.0,,,4965780000.0,28.3
nakuru,2015_16,02,,,2911150000.0,,,830960000.0,28.5
nandi,2015_16,02,,,255760000.0,,,111030000.0,43.4
narok,2015_16,02,,,3507100000.0,,,1035730000.0,29.5
nyamira,2015_16,02,,,240960000.0,,,26330000.0,10.9
nyandarua,2015_16,02,,,235550000.0,,,87640000.0,37.2
nyeri,2015_16,02,,,1488360000.0,,,225500000.0,15.2
samburu,2015_16,02,,,356590000.0,,,84990000.0,23.8
siaya,2015_16,02,,,343310000.0,,,52420000.0,15.3
taita taveta,2015_16,02,,,310410000.0,,,71930000.0,23.2
tana river,2015_16,02,,,120000000.0,,,10930000.0,9.1
tharaka nithi,2015_16,02,,,248050000.0,,,59570000.0,24.0
trans nzoia,2015_16,02,,,389030000.0,,,91610000.0,23.5
turkana,2015_16,02,,,200000000.0,,,50470000.0,25.2
uasin gishu,2015_16,02,,,1037220000.0,,,262950000.0,25.4
vihiga,2015_16,02,,,352160000.0,,,62280000.0,17.7
wajir,2015_16,02,,,200000000.0,,,41930000.0,21.0
west pokot,2015_16,02,,,227310000.0,,,47230000.0,20.8
baringo,2015_16,03,,,300000000.0,,,202433447.0,67.5
bomet,2015_16,03,,,335000000.0,,,104554386.0,31.2
bungoma,2015_16,03,,,819941338.0,,,327627586.0,40.0
busia,2015_16,03,,,543066927.0,,,256677466.0,47.3
elgeyo marakwet,2015_16,03,,,149980000.0,,,94898659.0,63.3
embu,2015_16,03,,,630762397.0,,,292954236.0,46.4
garissa,2015_16,03,,,500000000.0,,,77873561.0,15.6
homa bay,2015_16,03,,,181733667.0,,,138423664.0,76.2
isiolo,2015_16,03,,,360000000.0,,,85798187.0,23.8
kajiado,2015_16,03,,,1134883377.0,,,564994937.0,49.8
kakamega,2015_16,03,,,1000000000.0,,,358559200.0,35.9
kericho,2015_16,03,,,553400000.0,,,249128156.0,45.0
kiambu,2015_16,03,,,3683082631.0,,,1815344419.0,49.3
kilifi,2015_16,03,,,1407318463.0,,,384048999.0,27.3
kirinyaga,2015_16,03,,,500000000.0,,,282225211.0,56.4
kisii,2015_16,03,,,700000000.0,,,214020572.0,30.6
kisumu,2015_16,03,,,1868587023.0,,,776450202.0,41.6
kitui,2015_16,03,,,608200000.0,,,311429979.0,51.2
kwale,2015_16,03,,,300000000.0,,,177581367.0,59.2
laikipia,2015_16,03,,,500000000.0,,,390949351.0,78.2
lamu,2015_16,03,,,107000000.0,,,45176676.0,42.2
machakos,2015_16,03,,,2371633578.0,,,795690255.0,33.6
makueni,2015_16,03,,,400000000.0,,,151132515.0,37.8
mandera,2015_16,03,,,199237816.0,,,59645442.0,29.9
marsabit,2015_16,03,,,130000000.0,,,84621819.0,65.1
meru,2015_16,03,,,997928083.0,,,361399441.0,36.2
migori,2015_16,03,,,400000000.0,,,238825944.0,59.7
mombasa,2015_16,03,,,4072454938.0,,,1583452350.0,38.9
muranga,2015_16,03,,,850000000.0,,,450992940.0,53.1
nairobi city,2015_16,03,,,17528000000.0,,,9621657916.0,54.9
nakuru,2015_16,03,,,2911149689.0,,,1522802125.0,52.3
nandi,2015_16,03,,,255764953.0,,,158524436.0,62.0
narok,2015_16,03,,,3507104592.0,,,1403208722.0,40.0
nyamira,2015_16,03,,,240958912.0,,,79615128.0,33.0
nyandarua,2015_16,03,,,392000000.0,,,190081737.0,48.5
nyeri,2015_16,03,,,1082000000.0,,,499220410.0,46.1
samburu,2015_16,03,,,356585640.0,,,121872192.0,34.2
siaya,2015_16,03,,,343309926.0,,,94799510.0,27.6
taita taveta,2015_16,03,,,310405326.0,,,116832271.0,37.6
tana river,2015_16,03,,,120000000.0,,,18264955.0,15.2
tharaka nithi,2015_16,03,,,248050000.0,,,91021933.0,36.7
trans nzoia,2015_16,03,,,389026513.0,,,235969324.0,60.7
turkana,2015_16,03,,,200000000.0,,,84597603.0,42.3
uasin gishu,2015_16,03,,,1037217425.0,,,542844512.0,52.3
vihiga,2015_16,03,,,252083022.0,,,95179281.0,37.8
wajir,2015_16,03,,,200000000.0,,,62941655.0,31.5
west pokot,2015_16,03,,,177308244.0,,,76154683.0,43.0
baringo,2015_16,04,,,300000000.0,,,279317203.0,93.1
bomet,2015_16,04,,,188826880.0,,,166987287.0,88.4
bungoma,2015_16,04,,,804045555.0,,,630988485.0,78.5
busia,2015_16,04,,,543066927.0,,,334222084.0,61.5
elgeyo marakwet,2015_16,04,,,295324173.0,,,128055734.0,43.4
embu,2015_16,04,,,630762379.0,,,396525612.0,62.9
garissa,2015_16,04,,,500000000.0,,,105943675.0,21.2
homa bay,2015_16,04,,,202733667.0,,,183765405.0,90.6
isiolo,2015_16,04,,,360000000.0,,,110108172.0,30.6
kajiado,2015_16,04,,,1232330387.0,,,650984978.0,52.8
kakamega,2015_16,04,,,1000000000.0,,,504238292.0,50.4
kericho,2015_16,04,,,440000000.0,,,434404563.0,98.7
kiambu,2015_16,04,,,3308126323.0,,,2461351513.0,74.4
kilifi,2015_16,04,,,1407318463.0,,,519075625.0,36.9
kirinyaga,2015_16,04,,,500000000.0,,,390377140.0,78.1
kisii,2015_16,04,,,700000000.0,,,306129638.0,43.7
kisumu,2015_16,04,,,1868587023.0,,,978889261.0,52.4
kitui,2015_16,04,,,608200000.0,,,416188728.0,68.4
kwale,2015_16,04,,,300000000.0,,,248617586.0,82.9
laikipia,2015_16,04,,,500000000.0,,,471147987.0,94.2
lamu,2015_16,04,,,107000000.0,,,57324400.0,53.6
machakos,2015_16,04,,,2371633578.0,,,1121680950.0,47.3
makueni,2015_16,04,,,400000000.0,,,213170805.0,53.3
mandera,2015_16,04,,,199237816.0,,,88234634.0,44.3
marsabit,2015_16,04,,,130000000.0,,,111943205.0,86.1
meru,2015_16,04,,,595273355.0,,,548289334.0,92.1
migori,2015_16,04,,,400000000.0,,,339368968.0,84.8
mombasa,2015_16,04,,,4051754938.0,,,2943520686.0,72.6
muranga,2015_16,04,,,850000000.0,,,617526359.0,72.7
nairobi city,2015_16,04,,,15289917527.0,,,11710008300.0,76.6
nakuru,2015_16,04,,,2312257727.0,,,2295462842.0,99.3
nandi,2015_16,04,,,357895800.0,,,236898601.0,66.2
narok,2015_16,04,,,2344032789.0,,,1752937952.0,74.8
nyamira,2015_16,04,,,240958912.0,,,106981969.0,44.4
nyandarua,2015_16,04,,,392000000.0,,,279226186.0,71.2
nyeri,2015_16,04,,,1082000000.0,,,709554435.0,65.6
samburu,2015_16,04,,,356585640.0,,,166836134.0,46.8
siaya,2015_16,04,,,343309926.0,,,127931767.0,37.3
taita taveta,2015_16,04,,,352805992.0,,,172765506.0,49.0
tana river,2015_16,04,,,120000000.0,,,28405081.0,23.7
tharaka nithi,2015_16,04,,,248050000.0,,,139130083.0,56.1
trans nzoia,2015_16,04,,,389026513.0,,,364970035.0,93.8
turkana,2015_16,04,,,200000000.0,,,134015965.0,67.0
uasin gishu,2015_16,04,,,1037217425.0,,,719042325.0,69.3
vihiga,2015_16,04,,,352158881.0,,,138938281.0,39.5
wajir,2015_16,04,,,150000000.0,,,81782275.0,54.5
west pokot,2015_16,04,,,177308244.0,,,98305114.0,55.4
baringo,2016_17,01,,,472000000.0,,,91426072.0,19.4
bomet,2016_17,01,,,207709568.0,,,100163619.0,48.2
bungoma,2016_17,01,,,711896718.0,,,105524675.0,14.8
busia,2016_17,01,,,587510998.0,,,69988384.0,11.9
elgeyo marakwet,2016_17,01,,,160021113.0,,,24905877.0,15.6
embu,2016_17,01,,,803772092.0,,,98294311.0,12.2
garissa,2016_17,01,,,350000000.0,,,21416486.0,6.1
homa bay,2016_17,01,,,233541540.0,,,40697810.0,17.4
isiolo,2016_17,01,,,250000000.0,,,37940997.0,15.2
kajiado,2016_17,01,,,1248371716.0,,,99562878.0,8.0
kakamega,2016_17,01,,,994070561.0,,,102583711.0,10.3
kericho,2016_17,01,,,620350000.0,,,62380333.0,10.1
kiambu,2016_17,01,,,3767972188.0,,,455554055.0,12.1
kilifi,2016_17,01,,,1585881577.0,,,132530850.0,8.4
kirinyaga,2016_17,01,,,460000000.0,,,78075942.0,17.0
kisii,2016_17,01,,,750000000.0,,,73292944.0,9.8
kisumu,2016_17,01,,,1584987119.0,,,207650578.0,13.1
kitui,2016_17,01,,,668799000.0,,,91246587.0,13.6
kwale,2016_17,01,,,330000000.0,,,45057651.0,13.7
laikipia,2016_17,01,,,670000000.0,,,85937888.0,12.8
lamu,2016_17,01,,,100000000.0,,,8137232.0,8.1
machakos,2016_17,01,,,2855665315.0,,,304020420.0,10.6
makueni,2016_17,01,,,500000000.0,,,43745134.0,8.7
mandera,2016_17,01,,,265643516.0,,,13733496.0,5.2
marsabit,2016_17,01,,,125000000.0,,,24102699.0,19.3
meru,2016_17,01,,,713236727.0,,,126054421.0,17.7
migori,2016_17,01,,,420000000.0,,,93607196.0,22.3
mombasa,2016_17,01,,,3567804555.0,,,351343709.0,9.8
muranga,2016_17,01,,,850000000.0,,,112311181.0,13.2
nairobi city,2016_17,01,,,19565657059.0,,,2038350816.0,10.4
nakuru,2016_17,01,,,2597264658.0,,,275572395.0,10.6
nandi,2016_17,01,,,362283894.0,,,101587001.0,28.0
narok,2016_17,01,,,3623471334.0,,,824524753.0,22.8
nyamira,2016_17,01,,,274983801.0,,,60034816.0,21.8
nyandarua,2016_17,01,,,430000000.0,,,49096833.0,11.4
nyeri,2016_17,01,,,1095101000.0,,,169833726.0,15.5
samburu,2016_17,01,,,341867422.0,,,65209411.0,19.1
siaya,2016_17,01,,,270000000.0,,,38807258.0,14.4
taita taveta,2016_17,01,,,355587656.0,,,39643238.0,11.1
tana river,2016_17,01,,,60000000.0,,,8349423.0,13.9
tharaka nithi,2016_17,01,,,200000000.0,,,24263430.0,12.1
trans nzoia,2016_17,01,,,500000000.0,,,67119995.0,13.4
turkana,2016_17,01,,,180000000.0,,,41848315.0,23.2
uasin gishu,2016_17,01,,,1192000000.0,,,117672605.0,9.9
vihiga,2016_17,01,,,220000000.0,,,23560000.0,10.7
wajir,2016_17,01,,,212304296.0,,,21573075.0,10.2
west pokot,2016_17,01,,,122245626.0,,,24247904.0,19.8
baringo,2016_17,02,,,472000000.0,,,150710000.0,31.9
bomet,2016_17,02,,,207710000.0,,,137340000.0,66.1
bungoma,2016_17,02,,,731900000.0,,,208120000.0,28.4
busia,2016_17,02,,,587510000.0,,,134390000.0,22.9
elgeyo marakwet,2016_17,02,,,160000000.0,,,45450000.0,28.4
embu,2016_17,02,,,803770000.0,,,192840000.0,24.0
garissa,2016_17,02,,,350000000.0,,,41200000.0,11.8
homa bay,2016_17,02,,,233540000.0,,,71610000.0,30.7
isiolo,2016_17,02,,,250000000.0,,,58140000.0,23.3
kajiado,2016_17,02,,,1248370000.0,,,211700000.0,17.0
kakamega,2016_17,02,,,894070000.0,,,191070000.0,21.4
kericho,2016_17,02,,,620350000.0,,,163920000.0,26.4
kiambu,2016_17,02,,,3767970000.0,,,874640000.0,23.2
kilifi,2016_17,02,,,1585880000.0,,,306650000.0,19.3
kirinyaga,2016_17,02,,,460000000.0,,,127300000.0,27.7
kisii,2016_17,02,,,750000000.0,,,116590000.0,15.5
kisumu,2016_17,02,,,1584990000.0,,,452770000.0,28.6
kitui,2016_17,02,,,668610000.0,,,147630000.0,22.1
kwale,2016_17,02,,,330000000.0,,,78790000.0,23.9
laikipia,2016_17,02,,,670000000.0,,,214650000.0,32.0
lamu,2016_17,02,,,100000000.0,,,18300000.0,18.3
machakos,2016_17,02,,,2855670000.0,,,528809999.99999994,18.5
makueni,2016_17,02,,,500000000.0,,,70500000.0,14.1
mandera,2016_17,02,,,265640000.0,,,29180000.0,11.0
marsabit,2016_17,02,,,125000000.0,,,47980000.0,38.4
meru,2016_17,02,,,713240000.0,,,205590000.0,28.8
migori,2016_17,02,,,420000000.0,,,143640000.0,34.2
mombasa,2016_17,02,,,5554000000.0,,,847650000.0,15.3
muranga,2016_17,02,,,850000000.0,,,190190000.0,22.4
nairobi city,2016_17,02,,,19565660000.0,,,4206810000.0000005,21.5
nakuru,2016_17,02,,,2597260000.0,,,532400000.0,20.5
nandi,2016_17,02,,,362280000.0,,,133729999.99999999,36.9
narok,2016_17,02,,,3623470000.0,,,1214240000.0,33.5
nyamira,2016_17,02,,,274980000.0,,,79150000.0,28.8
nyandarua,2016_17,02,,,390000000.0,,,102660000.0,26.3
nyeri,2016_17,02,,,1095100000.0,,,308210000.0,28.1
samburu,2016_17,02,,,341870000.0,,,105910000.0,31.0
siaya,2016_17,02,,,270000000.0,,,67410000.0,25.0
taita taveta,2016_17,02,,,355590000.0,,,70350000.0,19.8
tana river,2016_17,02,,,60000000.0,,,13300000.0,22.2
tharaka nithi,2016_17,02,,,200000000.0,,,44010000.0,22.0
trans nzoia,2016_17,02,,,500000000.0,,,97820000.0,19.6
turkana,2016_17,02,,,180000000.0,,,72360000.0,40.2
uasin gishu,2016_17,02,,,1192000000.0,,,219860000.0,18.4
vihiga,2016_17,02,,,220000000.0,,,39510000.0,18.0
wajir,2016_17,02,,,230120000.0,,,38760000.0,16.8
west pokot,2016_17,02,,,122250000.0,,,41440000.0,33.9
baringo,2016_17,03,,,472000000.0,,,222708189.0,47.2
bomet,2016_17,03,,,207709568.0,,,197126688.0,94.9
bungoma,2016_17,03,,,731896718.0,,,526715639.0,72.0
busia,2016_17,03,,,587510998.0,,,205000123.0,34.9
elgeyo marakwet,2016_17,03,,,160021113.0,,,75591211.0,47.2
embu,2016_17,03,,,803772092.0,,,295902207.0,36.8
garissa,2016_17,03,,,350000000.0,,,62410766.0,17.8
homa bay,2016_17,03,,,233541540.0,,,114627492.0,49.1
isiolo,2016_17,03,,,250000000.0,,,76745154.0,30.7
kajiado,2016_17,03,,,1248371716.0,,,400228232.0,32.1
kakamega,2016_17,03,,,894070561.0,,,300945542.0,33.7
kericho,2016_17,03,,,603346705.0,,,356865464.0,59.1
kiambu,2016_17,03,,,3767972188.0,,,1636958183.0,43.4
kilifi,2016_17,03,,,1585881577.0,,,496255512.0,31.3
kirinyaga,2016_17,03,,,743239866.0,,,253795429.0,34.1
kisii,2016_17,03,,,750000000.0,,,202458380.0,27.0
kisumu,2016_17,03,,,1584987119.0,,,776288074.0,49.0
kitui,2016_17,03,,,668799000.0,,,235536350.0,35.2
kwale,2016_17,03,,,330000000.0,,,159019381.0,48.2
laikipia,2016_17,03,,,670000000.0,,,241141981.0,36.0
lamu,2016_17,03,,,84000000.0,,,51018525.0,60.7
machakos,2016_17,03,,,2855665315.0,,,872263464.0,30.5
makueni,2016_17,03,,,500000000.0,,,153505377.0,30.7
mandera,2016_17,03,,,265643523.0,,,44545718.0,16.8
marsabit,2016_17,03,,,120000000.0,,,89802956.0,74.8
meru,2016_17,03,,,773236727.0,,,364373881.0,47.1
migori,2016_17,03,,,420000000.0,,,218913633.0,52.1
mombasa,2016_17,03,,,5553992770.0,,,1941747471.0,35.0
muranga,2016_17,03,,,993550000.0,,,391659426.0,39.4
nairobi city,2016_17,03,,,19565657059.0,,,8716485346.0,44.5
nakuru,2016_17,03,,,2597264658.0,,,1127348075.0,43.4
nandi,2016_17,03,,,362283894.0,,,176504424.0,48.7
narok,2016_17,03,,,3623471334.0,,,1473274374.0,40.7
nyamira,2016_17,03,,,198230100.0,,,76321575.0,38.5
nyandarua,2016_17,03,,,390000000.0,,,212304206.0,54.4
nyeri,2016_17,03,,,1095101000.0,,,495132324.0,45.2
samburu,2016_17,03,,,341867422.0,,,150034894.0,43.9
siaya,2016_17,03,,,270000000.0,,,126717812.0,46.9
taita taveta,2016_17,03,,,355587656.0,,,114857652.0,32.3
tana river,2016_17,03,,,60000000.0,,,22251246.0,37.1
tharaka nithi,2016_17,03,,,200000000.0,,,59222127.0,29.6
trans nzoia,2016_17,03,,,500000000.0,,,176546718.0,35.3
turkana,2016_17,03,,,180000000.0,,,102436518.0,56.9
uasin gishu,2016_17,03,,,1192000000.0,,,524398757.0,44.0
vihiga,2016_17,03,,,220000000.0,,,64730000.0,29.4
wajir,2016_17,03,,,230119550.0,,,58784105.0,25.5
west pokot,2016_17,03,,,122245626.0,,,58460062.0,47.8
baringo,2016_17,04,,,330000000.0,,,288518677.0,87.4
bomet,2016_17,04,,,274724577.0,,,236697038.0,86.2
bungoma,2016_17,04,,,731896718.0,,,661588149.0,90.4
busia,2016_17,04,,,587510998.0,,,256826239.0,43.7
elgeyo marakwet,2016_17,04,,,160021113.0,,,97323973.0,60.8
embu,2016_17,04,,,803772092.0,,,416272247.0,51.8
garissa,2016_17,04,,,350000000.0,,,81958151.0,23.4
homa bay,2016_17,04,,,192162868.0,,,144131692.0,75.0
isiolo,2016_17,04,,,250000000.0,,,94996063.0,38.0
kajiado,2016_17,04,,,1248371716.0,,,557094069.0,44.6
kakamega,2016_17,04,,,894070561.0,,,443176020.0,49.6
kericho,2016_17,04,,,603346705.0,,,489980629.0,81.2
kiambu,2016_17,04,,,3070000000.0,,,2032980758.0,66.2
kilifi,2016_17,04,,,1585881577.0,,,620093575.0,39.1
kirinyaga,2016_17,04,,,743239866.0,,,320638299.0,43.1
kisii,2016_17,04,,,725000000.0,,,271644380.0,37.5
kisumu,2016_17,04,,,1584987119.0,,,1004043906.0,63.3
kitui,2016_17,04,,,668610000.0,,,315347364.0,47.2
kwale,2016_17,04,,,261048468.0,,,221011186.0,84.7
laikipia,2016_17,04,,,670000000.0,,,462723251.0,69.1
lamu,2016_17,04,,,100000000.0,,,76960788.0,77.0
machakos,2016_17,04,,,2861623481.0,,,1259304944.0,44.0
makueni,2016_17,04,,,330000000.0,,,216257976.0,65.5
mandera,2016_17,04,,,265643523.0,,,55843625.0,21.0
marsabit,2016_17,04,,,120000000.0,,,128730136.0,107.3
meru,2016_17,04,,,773236727.0,,,552668157.0,71.5
migori,2016_17,04,,,420000000.0,,,290815303.0,69.2
mombasa,2016_17,04,,,5289743050.0,,,3166240961.0,59.9
muranga,2016_17,04,,,993550000.0,,,506685732.0,51.0
nairobi city,2016_17,04,,,19566000000.0,,,10929830353.0,55.9
nakuru,2016_17,04,,,2597264658.0,,,1548294999.0,59.6
nandi,2016_17,04,,,362283894.0,,,244730757.0,67.6
narok,2016_17,04,,,2891716734.0,,,1533933960.0,53.0
nyamira,2016_17,04,,,198230100.0,,,93920087.0,47.4
nyandarua,2016_17,04,,,390000000.0,,,296766563.0,76.1
nyeri,2016_17,04,,,1095101000.0,,,643139153.0,58.7
samburu,2016_17,04,,,345867422.0,,,187663504.0,54.3
siaya,2016_17,04,,,270000000.0,,,172837124.0,64.0
taita taveta,2016_17,04,,,355587656.0,,,172017112.0,48.4
tana river,2016_17,04,,,60000000.0,,,27417024.0,45.7
tharaka nithi,2016_17,04,,,200000000.0,,,78569191.0,39.3
trans nzoia,2016_17,04,,,500000000.0,,,217893803.0,43.6
turkana,2016_17,04,,,180000000.0,,,186316769.0,103.5
uasin gishu,2016_17,04,,,1192000000.0,,,663830778.0,55.7
vihiga,2016_17,04,,,220000000.0,,,96033000.0,43.7
wajir,2016_17,04,,,230119950.0,,,75908720.0,33.0
west pokot,2016_17,04,,,122245626.0,,,83218907.0,68.1
baringo,2017_18,01,,,450000000.0,,,92044883.0,20.5
bomet,2017_18,01,,,228480000.0,,,16430740.0,7.2
bungoma,2017_18,01,,,731897495.0,,,98041085.0,13.4
busia,2017_18,01,,,612155210.0,,,32168753.0,5.3
elgeyo marakwet,2017_18,01,,,160291113.0,,,17200000.0,10.7
embu,2017_18,01,,,839779876.0,,,54785998.0,6.5
garissa,2017_18,01,,,250000000.0,,,9873949.0,3.9
homa bay,2017_18,01,,,209457525.0,,,15961322.0,7.6
isiolo,2017_18,01,,,182861337.0,,,33385014.0,18.3
kajiado,2017_18,01,,,990794334.0,,,65473024.0,6.6
kakamega,2017_18,01,,,952571849.0,,,58367467.0,6.1
kericho,2017_18,01,,,735969157.0,,,45303791.0,6.2
kiambu,2017_18,01,,,3127400184.0,,,244741656.0,7.8
kilifi,2017_18,01,,,929663257.0,,,62003508.0,6.7
kirinyaga,2017_18,01,,,500000000.0,,,32648689.0,6.5
kisii,2017_18,01,,,850000000.0,,,35648000.0,4.2
kisumu,2017_18,01,,,1395256050.0,,,123459153.0,8.8
kitui,2017_18,01,,,702040500.0,,,57686146.0,8.2
kwale,2017_18,01,,,833369046.0,,,23551939.0,2.8
laikipia,2017_18,01,,,700000000.0,,,106146723.0,15.2
lamu,2017_18,01,,,90000000.0,,,5449691.0,6.1
machakos,2017_18,01,,,1557789503.0,,,103899248.0,6.7
makueni,2017_18,01,,,450000000.0,,,66268246.0,14.7
mandera,2017_18,01,,,231000000.0,,,8598889.0,3.7
marsabit,2017_18,01,,,130000000.0,,,15420000.0,11.9
meru,2017_18,01,,,801775812.0,,,53200311.0,6.6
migori,2017_18,01,,,450000000.0,,,27744883.0,6.2
mombasa,2017_18,01,,,3500000000.0,,,307908119.0,8.8
muranga,2017_18,01,,,1100988857.0,,,52810055.0,4.8
nairobi city,2017_18,01,,,20178000000.0,,,1487988548.0,7.4
nakuru,2017_18,01,,,2500000000.0,,,271472895.0,10.9
nandi,2017_18,01,,,419783588.0,,,20106058.0,4.8
narok,2017_18,01,,,4014367463.0,,,692375346.0,17.2
nyamira,2017_18,01,,,272456992.0,,,14859616.0,5.5
nyandarua,2017_18,01,,,371000000.0,,,38203320.0,10.3
nyeri,2017_18,01,,,1000000000.0,,,137359072.0,13.7
samburu,2017_18,01,,,301230000.0,,,65508452.0,21.7
siaya,2017_18,01,,,270000000.0,,,19407487.0,7.2
taita taveta,2017_18,01,,,338465509.0,,,15762643.0,4.7
tana river,2017_18,01,,,60000000.0,,,3950195.0,6.6
tharaka nithi,2017_18,01,,,179915283.0,,,6139274.0,3.4
trans nzoia,2017_18,01,,,600000000.0,,,15630401.0,2.6
turkana,2017_18,01,,,200000000.0,,,33471422.0,16.7
uasin gishu,2017_18,01,,,1000000000.0,,,89501705.0,9.0
vihiga,2017_18,01,,,220000000.0,,,12820045.0,5.8
wajir,2017_18,01,,,200000000.0,,,21573075.0,10.8
west pokot,2017_18,01,,,105320164.0,,,13322611.0,12.6
baringo,2017_18,03,,,350.0,,,225.06,64.3
bomet,2017_18,03,,,200.21,,,126.05,63.0
bungoma,2017_18,03,,,865.55,,,461.38,53.3
busia,2017_18,03,,,412.16,,,119.49,29.0
elgeyo marakwet,2017_18,03,,,160.29,,,76.03,47.4
embu,2017_18,03,,,653.49,,,253.75,38.8
garissa,2017_18,03,,,250.0,,,60.47,24.2
homa bay,2017_18,03,,,209.46,,,72.04,34.4
isiolo,2017_18,03,,,182.86,,,81.17,44.4
kajiado,2017_18,03,,,1040790000.0,,,429700000.0,41.3
kakamega,2017_18,03,,,774570000.0,,,284090000.0,36.7
kericho,2017_18,03,,,554640000.0,,,226910000.0,40.9
kiambu,2017_18,03,,,3227490000.0,,,1164750000.0,36.1
kilifi,2017_18,03,,,929660000.0,,,389240000.0,41.9
kirinyaga,2017_18,03,,,600000000.0,,,206320000.0,34.4
kisii,2017_18,03,,,950000000.0,,,176080000.0,18.5
kisumu,2017_18,03,,,1395260000.0,,,582430000.0,41.7
kitui,2017_18,03,,,702040000.0,,,216320000.0,30.8
kwale,2017_18,03,,,275000000.0,,,189410000.0,68.9
laikipia,2017_18,03,,,500.0,,,293.85,58.8
lamu,2017_18,03,,,90.0,,,41.49,46.1
machakos,2017_18,03,,,1557.79,,,633.21,40.6
makueni,2017_18,03,,,600.0,,,207.24,34.5
mandera,2017_18,03,,,231.0,,,46.97,20.3
marsabit,2017_18,03,,,130.0,,,50.6,38.9
meru,2017_18,03,,,821.78,,,302.42,36.8
migori,2017_18,03,,,200.0,,,145.35,72.7
mombasa,2017_18,03,,,3500.0,,,1676.93,47.9
muranga,2017_18,03,,,1065990000.0,,,282120000.0,26.5
nairobi city,2017_18,03,,,19766000000.0,,,7637670000.0,38.6
nakuru,2017_18,03,,,2500000000.0,,,1509640000.0,60.4
nandi,2017_18,03,,,385440000.0,,,135340000.0,35.1
narok,2017_18,03,,,2483460000.0,,,1628310000.0,65.6
nyamira,2017_18,03,,,272460000.0,,,69240000.0,25.4
nyandarua,2017_18,03,,,371000000.0,,,179870000.0,48.5
nyeri,2017_18,03,,,1000000000.0,,,499070000.0,49.9
samburu,2017_18,03,,,301230000.0,,,196160000.0,65.1
siaya,2017_18,03,,,270000000.0,,,89850000.0,33.3
taita taveta,2017_18,03,,,398470000.0,,,121970000.0,30.6
tana river,2017_18,03,,,30000000.0,,,16190000.000000002,54.0
tharaka nithi,2017_18,03,,,179920000.0,,,70180000.0,39.0
trans nzoia,2017_18,03,,,600000000.0,,,158130000.0,26.4
turkana,2017_18,03,,,200000000.0,,,96870000.0,48.4
uasin gishu,2017_18,03,,,850000000.0,,,593540000.0,69.8
vihiga,2017_18,03,,,220000000.0,,,92440000.0,42.0
wajir,2017_18,03,,,150000000.0,,,55060000.0,36.7
west pokot,2017_18,03,,,111250000.0,,,60670000.0,54.5
baringo,2017_18,04,,,350000000.0,,,301404377.0,86.1
bomet,2017_18,04,,,200211165.0,,,181375343.0,90.6
bungoma,2017_18,04,,,865554992.0,,,656750139.0,75.9
busia,2017_18,04,,,412155210.0,,,176294585.0,42.8
elgeyo marakwet,2017_18,04,,,160291113.0,,,105483195.0,65.8
embu,2017_18,04,,,653490000.0,,,416111597.0,63.7
garissa,2017_18,04,,,250000000.0,,,86687563.0,34.7
homa bay,2017_18,04,,,118664278.0,,,106939465.0,90.1
isiolo,2017_18,04,,,182861337.0,,,114557116.0,62.6
kajiado,2017_18,04,,,1040794334.0,,,682162558.0,65.5
kakamega,2017_18,04,,,774571849.0,,,440611031.0,56.9
kericho,2017_18,04,,,554641236.0,,,414048710.0,74.7
kiambu,2017_18,04,,,3227491771.0,,,1693708234.0,52.5
kilifi,2017_18,04,,,929663257.0,,,523347190.0,56.3
kirinyaga,2017_18,04,,,600000000.0,,,343970322.0,57.3
kisii,2017_18,04,,,950000000.0,,,256284854.0,27.0
kisumu,2017_18,04,,,1148685296.0,,,874901775.0,76.2
kitui,2017_18,04,,,579158072.0,,,335122477.0,57.9
kwale,2017_18,04,,,275000000.0,,,276295129.0,100.5
laikipia,2017_18,04,,,500000000.0,,,413328186.0,82.7
lamu,2017_18,04,,,90000000.0,,,55286688.0,61.4
machakos,2017_18,04,,,1594386715.0,,,1063726784.0,66.7
makueni,2017_18,04,,,600000000.0,,,319282234.0,53.2
mandera,2017_18,04,,,231000000.0,,,61813295.0,26.8
marsabit,2017_18,04,,,130000000.0,,,83390480.0,64.1
meru,2017_18,04,,,821775812.0,,,441690937.0,53.7
migori,2017_18,04,,,200000000.0,,,222251290.0,111.1
mombasa,2017_18,04,,,3595744681.0,,,3159156334.0,87.9
muranga,2017_18,04,,,850000000.0,,,453706818.0,53.4
nairobi city,2017_18,04,,,17229008928.0,,,10109419494.0,58.7
nakuru,2017_18,04,,,2500000000.0,,,2278646064.0,91.1
nandi,2017_18,04,,,385438659.0,,,197886883.0,51.3
narok,2017_18,04,,,2483456238.0,,,2188436615.0,88.1
nyamira,2017_18,04,,,253112676.0,,,96617045.0,38.2
nyandarua,2017_18,04,,,371000000.0,,,318585599.0,85.9
nyeri,2017_18,04,,,1000000000.0,,,760225951.0,76.0
samburu,2017_18,04,,,301230000.0,,,257292957.0,85.4
siaya,2017_18,04,,,270000000.0,,,139336798.0,51.6
taita taveta,2017_18,04,,,398465509.0,,,193595795.0,48.6
tana river,2017_18,04,,,30000000.0,,,56625198.0,188.8
tharaka nithi,2017_18,04,,,179915283.0,,,126606742.0,70.4
trans nzoia,2017_18,04,,,400000000.0,,,246062902.0,61.5
turkana,2017_18,04,,,200000000.0,,,143896898.0,71.9
uasin gishu,2017_18,04,,,850000000.0,,,819220211.0,96.4
vihiga,2017_18,04,,,220000000.0,,,143530752.0,65.2
wajir,2017_18,04,,,150000000.0,,,67608475.0,45.1
west pokot,2017_18,04,,,111245626.0,,,88411177.0,79.5
baringo,2018_19,01,,,371147448.0,,,127485620.0,34.3
bomet,2018_19,01,,,210221723.0,,,26576616.0,12.6
bungoma,2018_19,01,,,1101000000.0,,,137738703.0,12.5
busia,2018_19,01,,,452519667.0,,,51300608.0,11.3
elgeyo marakwet,2018_19,01,,,130000000.0,,,31144600.0,24.0
embu,2018_19,01,,,950000000.0,,,129137644.0,13.6
garissa,2018_19,01,,,250000000.0,,,25888954.0,10.4
homa bay,2018_19,01,,,172996417.0,,,14800000.0,8.6
isiolo,2018_19,01,,,150861337.0,,,54018229.0,35.8
kajiado,2018_19,01,,,1583856996.0,,,189767731.0,12.0
kakamega,2018_19,01,,,1043624284.0,,,116332994.0,11.1
kericho,2018_19,01,,,762935000.0,,,38239441.0,5.0
kiambu,2018_19,01,,,2736734640.0,,,443119237.0,16.2
kilifi,2018_19,01,,,1345066521.0,,,117304323.0,8.7
kirinyaga,2018_19,01,,,650000000.0,,,68189093.0,10.5
kisii,2018_19,01,,,950000000.0,,,59441728.0,6.3
kisumu,2018_19,01,,,1382567120.0,,,153863368.0,11.1
kitui,2018_19,01,,,500000000.0,,,98979332.0,19.8
kwale,2018_19,01,,,303112305.0,,,46645873.0,15.4
laikipia,2018_19,01,,,550000000.0,,,164311119.0,29.9
lamu,2018_19,01,,,70000000.0,,,6348348.0,9.1
machakos,2018_19,01,,,1720061674.0,,,210000629.0,12.2
makueni,2018_19,01,,,620000000.0,,,76463362.0,12.3
mandera,2018_19,01,,,169787568.0,,,17850940.0,10.5
marsabit,2018_19,01,,,140000000.0,,,16706255.0,11.9
meru,2018_19,01,,,983869960.0,,,131008515.0,13.3
migori,2018_19,01,,,450000000.0,,,69202604.0,15.4
mombasa,2018_19,01,,,3877215398.0,,,298643016.0,7.7
muranga,2018_19,01,,,1000000000.0,,,131294165.0,13.1
nairobi city,2018_19,01,,,15208873206.0,,,1794436818.0,11.8
nakuru,2018_19,01,,,2000000000.0,,,545562704.0,27.3
nandi,2018_19,01,,,459293246.0,,,41322950.0,9.0
narok,2018_19,01,,,2485210000.0,,,1193858907.0,48.0
nyamira,2018_19,01,,,255566158.0,,,18257040.0,7.1
nyandarua,2018_19,01,,,410000000.0,,,63937791.0,15.6
nyeri,2018_19,01,,,1000000000.0,,,170264077.0,17.0
samburu,2018_19,01,,,254031228.0,,,87248352.0,34.3
siaya,2018_19,01,,,275000000.0,,,27628284.0,10.0
taita taveta,2018_19,01,,,300000000.0,,,66827522.0,22.3
tana river,2018_19,01,,,60000000.0,,,9522294.0,15.9
tharaka nithi,2018_19,01,,,300000000.0,,,44347211.0,14.8
trans nzoia,2018_19,01,,,500000000.0,,,36234629.0,7.2
turkana,2018_19,01,,,250000000.0,,,36361611.0,14.5
uasin gishu,2018_19,01,,,1200000000.0,,,157220822.0,13.1
vihiga,2018_19,01,,,153669000.0,,,30251751.0,19.7
wajir,2018_19,01,,,200000000.0,,,12693040.0,6.3
west pokot,2018_19,01,,,122370189.0,,,27044075.0,22.1
baringo,2018_19,02,,,371147448.0,,,189101119.0,51.0
bomet,2018_19,02,,,210221723.0,,,65881903.0,31.3
bungoma,2018_19,02,,,1101000000.0,,,388623006.0,35.3
busia,2018_19,02,,,452519662.0,,,106860925.0,23.6
elgeyo marakwet,2018_19,02,,,130000000.0,,,56873458.0,43.7
embu,2018_19,02,,,950000000.0,,,255851450.0,26.9
garissa,2018_19,02,,,250000000.0,,,45457708.0,18.2
homa bay,2018_19,02,,,172996417.0,,,37088000.0,21.4
isiolo,2018_19,02,,,150861337.0,,,87259692.0,57.8
kajiado,2018_19,02,,,1583856996.0,,,363893593.0,23.0
kakamega,2018_19,02,,,1043624284.0,,,212931236.0,20.4
kericho,2018_19,02,,,762935000.0,,,103349175.0,13.5
kiambu,2018_19,02,,,2736734640.0,,,1006502437.0,36.8
kilifi,2018_19,02,,,1345066521.0,,,263430916.0,19.6
kirinyaga,2018_19,02,,,650000000.0,,,130746485.0,20.1
kisii,2018_19,02,,,950000000.0,,,120289821.0,12.7
kisumu,2018_19,02,,,1382567120.0,,,405303070.0,29.3
kitui,2018_19,02,,,500000000.0,,,206634214.0,41.3
kwale,2018_19,02,,,303112305.0,,,95685740.0,31.6
laikipia,2018_19,02,,,800000000.0,,,285774640.0,35.7
lamu,2018_19,02,,,70000000.0,,,17389632.0,24.8
machakos,2018_19,02,,,1720061674.0,,,441883518.0,25.7
makueni,2018_19,02,,,670500000.0,,,141888253.0,21.2
mandera,2018_19,02,,,169589080.0,,,37870560.0,22.3
marsabit,2018_19,02,,,140000000.0,,,33657034.0,24.0
meru,2018_19,02,,,1228796286.0,,,217542749.0,17.7
migori,2018_19,02,,,450000000.0,,,133484524.0,29.7
mombasa,2018_19,02,,,3877215398.0,,,1005200000.0,25.9
muranga,2018_19,02,,,1000000000.0,,,249280763.0,24.9
nairobi city,2018_19,02,,,15208873206.0,,,3875170210.0,25.5
nakuru,2018_19,02,,,2685000000.0,,,1545562704.0,57.6
nandi,2018_19,02,,,459293246.0,,,83374234.0,18.2
narok,2018_19,02,,,2485210000.0,,,1841181534.0,74.1
nyamira,2018_19,02,,,255566158.0,,,64469234.0,25.2
nyandarua,2018_19,02,,,410000000.0,,,119677035.0,29.2
nyeri,2018_19,02,,,1000000000.0,,,331021907.0,33.1
samburu,2018_19,02,,,254031228.0,,,174496703.0,68.7
siaya,2018_19,02,,,275000000.0,,,63958284.0,23.3
taita taveta,2018_19,02,,,300000000.0,,,124247307.0,41.4
tana river,2018_19,02,,,60000000.0,,,20778574.0,34.6
tharaka nithi,2018_19,02,,,300000000.0,,,84311255.0,28.1
trans nzoia,2018_19,02,,,500000000.0,,,77456401.0,15.5
turkana,2018_19,02,,,250000000.0,,,69921172.0,28.0
uasin gishu,2018_19,02,,,1200000000.0,,,282830305.0,23.6
vihiga,2018_19,02,,,153592702.0,,,62885545.0,40.9
wajir,2018_19,02,,,200000000.0,,,26210083.0,13.1
west pokot,2018_19,02,,,152370189.0,,,48000000.0,31.5
baringo,2018_19,03,,,401150000.0,,,268980000.0,67.1
bomet,2018_19,03,,,245000000.0,,,127770000.0,52.2
bungoma,2018_19,03,,,1101000000.0,,,605030000.0,55.0
busia,2018_19,03,,,452520000.0,,,181900000.0,40.2
elgeyo marakwet,2018_19,03,,,130440000.0,,,105680000.0,81.0
embu,2018_19,03,,,950000000.0,,,480250000.0,50.6
garissa,2018_19,03,,,250000000.0,,,81400000.0,32.6
homa bay,2018_19,03,,,173000000.0,,,58270000.0,33.7
isiolo,2018_19,03,,,150860000.0,,,127210000.0,84.3
kajiado,2018_19,03,,,1583860000.0,,,731060000.0,46.2
kakamega,2018_19,03,,,1200000000.0,,,569880000.0,47.5
kericho,2018_19,03,,,829820000.0,,,305370000.0,36.8
kiambu,2018_19,03,,,2736730000.0,,,1837340000.0,67.1
kilifi,2018_19,03,,,1345070000.0,,,551580000.0,41.0
kirinyaga,2018_19,03,,,650000000.0,,,322330000.0,49.6
kisii,2018_19,03,,,950000000.0,,,260100000.00000003,27.4
kisumu,2018_19,03,,,1382570000.0,,,553140000.0,40.0
kitui,2018_19,03,,,500000000.0,,,324840000.0,65.0
kwale,2018_19,03,,,303110000.0,,,212260000.0,70.0
laikipia,2018_19,03,,,800000000.0,,,572820000.0,71.6
lamu,2018_19,03,,,70000000.0,,,42230000.0,60.3
machakos,2018_19,03,,,1720060000.0,,,527440000.00000006,30.7
makueni,2018_19,03,,,670500000.0,,,317280000.0,47.3
mandera,2018_19,03,,,169590000.0,,,66629999.99999999,39.3
marsabit,2018_19,03,,,140000000.0,,,76600000.0,54.7
meru,2018_19,03,,,1228800000.0,,,361750000.0,29.4
migori,2018_19,03,,,300000000.0,,,260089999.99999997,86.7
mombasa,2018_19,03,,,3877220000.0,,,2611770000.0,67.4
muranga,2018_19,03,,,1000000000.0,,,493580000.0,49.4
nairobi city,2018_19,03,,,15496710000.0,,,8242389999.999999,53.2
nakuru,2018_19,03,,,2685000000.0,,,1958640000.0,72.9
nandi,2018_19,03,,,459290000.0,,,145800000.0,31.7
narok,2018_19,03,,,2862640000.0,,,2664370000.0,93.1
nyamira,2018_19,03,,,255570000.0,,,120300000.0,47.1
nyandarua,2018_19,03,,,410000000.0,,,208750000.0,50.9
nyeri,2018_19,03,,,1000000000.0,,,601000000.0,60.1
samburu,2018_19,03,,,255030000.0,,,190330000.0,74.6
siaya,2018_19,03,,,325000000.0,,,115730000.0,35.6
taita taveta,2018_19,03,,,300000000.0,,,217970000.0,72.7
tana river,2018_19,03,,,60000000.0,,,32210000.0,53.7
tharaka nithi,2018_19,03,,,300000000.0,,,129610000.00000001,43.2
trans nzoia,2018_19,03,,,500000000.0,,,231660000.0,46.3
turkana,2018_19,03,,,250000000.0,,,113130000.0,45.3
uasin gishu,2018_19,03,,,1200000000.0,,,679880000.0,56.7
vihiga,2018_19,03,,,153670000.0,,,122040000.0,79.4
wajir,2018_19,03,,,200000000.0,,,45740000.0,22.9
west pokot,2018_19,03,,,152370000.0,,,87430000.0,57.4
baringo,2018_19,04,,,371147446.0,,,359321520.0,96.8
bomet,2018_19,04,,,245000000.0,,,205476390.0,83.9
bungoma,2018_19,04,,,753185810.0,,,788333189.0,104.7
busia,2018_19,04,,,452519662.0,,,292732697.0,64.7
embu,2018_19,04,,,950000000.0,,,629429825.0,66.3
garissa,2018_19,04,,,250000000.0,,,108297434.0,43.3
homa bay,2018_19,04,,,172996417.0,,,101968000.0,58.9
isiolo,2018_19,04,,,150861337.0,,,161767322.0,107.2
kajiado,2018_19,04,,,1583856996.0,,,1076698544.0,68.0
kakamega,2018_19,04,,,1200000000.0,,,858335582.0,71.5
kericho,2018_19,04,,,694819121.0,,,473978400.0,68.2
kiambu,2018_19,04,,,2736734640.0,,,2742223118.0,100.2
kilifi,2018_19,04,,,1345066521.0,,,792493811.0,58.9
kirinyaga,2018_19,04,,,430000000.0,,,432638447.0,100.6
kisii,2018_19,04,,,950000000.0,,,342646690.0,36.1
kisumu,2018_19,04,,,1382567120.0,,,842816398.0,61.0
kitui,2018_19,04,,,797985098.0,,,440523923.0,55.2
kwale,2018_19,04,,,303112305.0,,,315025181.0,103.9
laikipia,2018_19,04,,,800000000.0,,,815790157.0,102.0
lamu,2018_19,04,,,70000000.0,,,81837327.0,116.9
machakos,2018_19,04,,,1720061674.0,,,1557229789.0,90.5
makueni,2018_19,04,,,796500000.0,,,511702072.0,64.2
mandera,2018_19,04,,,179089080.0,,,94234580.0,52.6
marsabit,2018_19,04,,,140000000.0,,,124104970.0,88.6
meru,2018_19,04,,,1228796286.0,,,550089828.0,44.8
migori,2018_19,04,,,1452626670.0,,,376224761.0,25.9
mombasa,2018_19,04,,,4741939082.0,,,3705398047.0,78.1
muranga,2018_19,04,,,1000000000.0,,,704030420.0,70.4
nairobi city,2018_19,04,,,15496709206.0,,,10248425385.0,66.1
nakuru,2018_19,04,,,2685000000.0,,,2814628525.0,104.8
nandi,2018_19,04,,,459293246.0,,,208345024.0,45.4
narok,2018_19,04,,,2862640836.0,,,3122383660.0,109.1
nyamira,2018_19,04,,,255566158.0,,,165447570.0,64.7
nyandarua,2018_19,04,,,410000000.0,,,403402541.0,98.4
nyeri,2018_19,04,,,1000000000.0,,,819811673.0,82.0
samburu,2018_19,04,,,254030128.0,,,243861101.0,96.0
siaya,2018_19,04,,,325000000.0,,,189668022.0,58.4
taita taveta,2018_19,04,,,300000000.0,,,332712552.0,110.9
tana river,2018_19,04,,,60000000.0,,,62648714.0,104.4
tharaka nithi,2018_19,04,,,300000000.0,,,245317160.0,81.8
trans nzoia,2018_19,04,,,500000000.0,,,370824751.0,74.2
turkana,2018_19,04,,,250000000.0,,,175028751.0,70.0
uasin gishu,2018_19,04,,,1200000000.0,,,918942252.0,76.6
vihiga,2018_19,04,,,153669000.0,,,177233290.0,115.3
wajir,2018_19,04,,,200000000.0,,,60123112.0,30.1
west pokot,2018_19,04,,,122370189.0,,,118824134.0,97.1
baringo,2019_20,01,393416291.0,,393416291.0,,,107046956.0,27.2
bomet,2019_20,01,275922277.0,,275922277.0,,,25449962.0,9.2
bungoma,2019_20,01,500000000.0,378664822.0,878664822.0,,126545656.0,186349829.0,21.2
busia,2019_20,01,454500650.0,,454500650.0,,,61579302.0,13.5
elgeyo marakwet,2019_20,01,88000000.0,64000000.0,152000000.0,,8955857.0,25358291.0,16.7
embu,2019_20,01,511000000.0,389000000.0,900000000.0,,69376907.0,129651045.0,14.4
garissa,2019_20,01,150000000.0,,150000000.0,,,26722810.0,17.8
homa bay,2019_20,01,144892435.0,62699089.0,207591524.0,,4191833.0,30991833.0,14.9
isiolo,2019_20,01,155861337.0,,155861337.0,,,59380623.0,38.1
kajiado,2019_20,01,1793857006.0,,1793857006.0,,,135937041.0,7.6
kakamega,2019_20,01,1157455491.0,,1157455491.0,,,226413053.0,19.6
kericho,2019_20,01,913935000.0,,913935000.0,,,32980001.0,3.6
kiambu,2019_20,01,2967999421.0,,2967999421.0,,,561473354.0,18.9
kilifi,2019_20,01,1000000000.0,,1000000000.0,,,157905459.0,15.8
kirinyaga,2019_20,01,500000000.0,,500000000.0,,,62766395.0,12.6
kisii,2019_20,01,500000000.0,,500000000.0,,,74560440.0,14.9
kisumu,2019_20,01,1438478604.0,,1438478604.0,,,154474850.0,10.7
kitui,2019_20,01,1693610892.0,,1693610892.0,,,79267956.0,4.7
kwale,2019_20,01,325000000.0,,325000000.0,,,50469412.0,15.5
laikipia,2019_20,01,1006875000.0,,1006875000.0,,,139911956.0,13.9
lamu,2019_20,01,100000000.0,,100000000.0,,,11922697.0,11.9
machakos,2019_20,01,2212664748.0,,2212664748.0,,,185740734.0,8.4
makueni,2019_20,01,609000000.0,,609000000.0,,,111368463.0,18.3
mandera,2019_20,01,200000000.0,,200000000.0,,,24811531.0,12.4
marsabit,2019_20,01,150000000.0,,150000000.0,,,30357585.0,20.2
meru,2019_20,01,705000000.0,120000000.0,825000000.0,,,91585952.0,11.1
migori,2019_20,01,450000000.0,,450000000.0,,,80880687.0,18.0
mombasa,2019_20,01,3452759072.0,,3452759072.0,,129925498.0,601455538.0,17.4
muranga,2019_20,01,960000000.0,,960000000.0,,,149962096.0,15.6
nairobi city,2019_20,01,17049640942.0,266654947.0,17316295889.0,,90883384.0,1626855075.0,9.4
nakuru,2019_20,01,2100000000.0,1000000000.0,3100000000.0,,257081625.0,548333202.0,17.7
nandi,2019_20,01,376829833.0,,376829833.0,,,57585153.0,15.3
narok,2019_20,01,2995144970.0,,2995144970.0,,,1062577808.0,35.5
nyamira,2019_20,01,350000000.0,,350000000.0,,,32207510.0,9.2
nyandarua,2019_20,01,600000000.0,30000000.0,630000000.0,,,64924558.0,10.3
nyeri,2019_20,01,1000000000.0,,1000000000.0,,,154605469.0,15.5
samburu,2019_20,01,267032787.0,,267032787.0,,,90140091.0,33.8
siaya,2019_20,01,420000000.0,,420000000.0,,,33788718.0,8.0
taita taveta,2019_20,01,320000000.0,,320000000.0,,,47483796.0,14.8
tana river,2019_20,01,66000000.0,,66000000.0,,,7854059.0,11.9
tharaka nithi,2019_20,01,250000000.0,,250000000.0,,,53327232.0,21.3
trans nzoia,2019_20,01,500000000.0,,500000000.0,,,33359908.0,6.7
turkana,2019_20,01,250000000.0,825480000.0,1075480000.0,,,53997248.0,5.0
uasin gishu,2019_20,01,900000000.0,,900000000.0,,,141410664.0,15.7
vihiga,2019_20,01,192086250.0,,192086250.0,,,50087994.0,26.1
wajir,2019_20,01,150000000.0,,150000000.0,,,12702126.0,8.5
west pokot,2019_20,01,130320184.0,,130320184.0,,,18949359.0,14.5
baringo,2019_20,02,393420000.0,,393420000.0,,,174020000.0,44.2
bomet,2019_20,02,275920000.0,,275920000.0,,,76060000.0,27.6
bungoma,2019_20,02,500000000.0,378660000.0,878660000.0,,,353720000.0,40.3
busia,2019_20,02,504500000.0,,504500000.0,,,110540000.0,21.9
elgeyo marakwet,2019_20,02,88000000.0,64000000.0,152000000.0,,,57380000.0,37.8
embu,2019_20,02,511000000.0,389000000.0,900000000.0,,,259860000.0,28.9
garissa,2019_20,02,150000000.0,,150000000.0,,,49270000.0,32.8
homa bay,2019_20,02,144890000.0,62700000.0,207590000.0,,,53540000.0,25.8
isiolo,2019_20,02,170860000.0,,170860000.0,,,96140000.0,56.3
kajiado,2019_20,02,1793860000.0,,1793860000.0,,,263040000.00000003,14.7
kakamega,2019_20,02,1157460000.0,,1157460000.0,,,429720000.0,37.1
kericho,2019_20,02,913940000.0,,913940000.0,,,102870000.0,11.3
kiambu,2019_20,02,2968000000.0,,2968000000.0,,,1062690000.0,35.8
kilifi,2019_20,02,1100000000.0,,1100000000.0,,,288110000.0,26.2
kirinyaga,2019_20,02,500000000.0,,500000000.0,,,121560000.0,24.3
kisii,2019_20,02,500000000.0,,500000000.0,,,149330000.0,29.9
kisumu,2019_20,02,1438480000.0,,1438480000.0,,,363960000.0,25.3
kitui,2019_20,02,600000000.0,,600000000.0,,,171950000.0,28.7
kwale,2019_20,02,325000000.0,,325000000.0,,,98310000.0,30.2
laikipia,2019_20,02,1006880000.0,,1006880000.0,,,326740000.0,32.5
lamu,2019_20,02,100000000.0,,100000000.0,,,30810000.0,30.8
machakos,2019_20,02,2212660000.0,,2212660000.0,,,526400000.0,23.8
makueni,2019_20,02,609000000.0,,609000000.0,,,205140000.0,33.7
mandera,2019_20,02,200000000.0,,200000000.0,,,50270000.0,25.1
marsabit,2019_20,02,170000000.0,,170000000.0,,,67940000.0,40.0
meru,2019_20,02,705000000.0,120000000.0,825000000.0,,,168840000.0,20.5
migori,2019_20,02,450000000.0,,450000000.0,,,141780000.0,31.5
mombasa,2019_20,02,3452760000.0,,3452760000.0,,,1483050000.0,43.0
muranga,2019_20,02,960000000.0,,960000000.0,,,242430000.0,25.3
nairobi city,2019_20,02,17049640000.0,266649999.99999997,17316300000.0,,,3199790000.0,18.5
nakuru,2019_20,02,2100000000.0,1000000000.0,3100000000.0,,,1106020000.0,35.7
nandi,2019_20,02,376830000.0,,376830000.0,,,100980000.0,26.8
narok,2019_20,02,2995140000.0,,2995140000.0,,,1897050000.0,63.3
nyamira,2019_20,02,350000000.0,,350000000.0,,,55990000.0,16.0
nyandarua,2019_20,02,600000000.0,30000000.0,630000000.0,,,139610000.0,22.2
nyeri,2019_20,02,1000000000.0,,1000000000.0,,,270200000.0,27.0
samburu,2019_20,02,267029999.99999997,,267029999.99999997,,,149940000.0,56.1
siaya,2019_20,02,420000000.0,,420000000.0,,,71540000.0,17.0
taita taveta,2019_20,02,350000000.0,,350000000.0,,,116660000.0,33.3
tana river,2019_20,02,66000000.0,,66000000.0,,,13940000.0,21.1
tharaka nithi,2019_20,02,350000000.0,,350000000.0,,,112480000.0,32.1
trans nzoia,2019_20,02,500000000.0,,500000000.0,,,73930000.0,14.8
turkana,2019_20,02,250000000.0,,250000000.0,,,79880000.0,32.0
uasin gishu,2019_20,02,900000000.0,,900000000.0,,,269110000.0,29.9
vihiga,2019_20,02,192090000.0,,192090000.0,,,82050000.0,42.7
wajir,2019_20,02,150000000.0,,150000000.0,,,23950000.0,16.0
west pokot,2019_20,02,150320000.0,,150320000.0,,,43640000.0,29.0
baringo,2019_20,03,393420000.0,,393420000.0,,,245900000.0,62.5
bomet,2019_20,03,275920000.0,,275920000.0,,,138580000.0,50.2
bungoma,2019_20,03,500000000.0,393750000.0,893750000.0,,,600750000.0,67.2
busia,2019_20,03,504500000.0,,504500000.0,,,186600000.0,37.0
elgeyo marakwet,2019_20,03,88000000.0,64000000.0,152000000.0,,,93650000.0,61.6
embu,2019_20,03,511000000.0,389000000.0,900000000.0,,,401860000.0,44.7
garissa,2019_20,03,150000000.0,,150000000.0,,,71370000.0,47.6
homa bay,2019_20,03,144890000.0,62700000.0,207590000.0,,,97290000.0,46.9
isiolo,2019_20,03,170860000.0,,170860000.0,,,114160000.0,66.8
kajiado,2019_20,03,1793860000.0,,1793860000.0,,,531679999.99999994,29.6
kakamega,2019_20,03,2131639999.9999998,,2131639999.9999998,,,881200000.0,41.3
kericho,2019_20,03,913940000.0,,913940000.0,,,278530000.0,30.5
kiambu,2019_20,03,3853590000.0,,3853590000.0,,,1895640000.0,49.2
kilifi,2019_20,03,1100000000.0,,1100000000.0,,,619500000.0,56.3
kirinyaga,2019_20,03,480000000.0,,480000000.0,,,286900000.0,59.8
kisii,2019_20,03,870000000.0,,870000000.0,,,286680000.0,33.0
kisumu,2019_20,03,1438480000.0,,1438480000.0,,,672340000.0,46.7
kitui,2019_20,03,600000000.0,,600000000.0,,,316380000.0,52.7
kwale,2019_20,03,325000000.0,,325000000.0,,,205340000.0,63.2
laikipia,2019_20,03,1006880000.0,,1006880000.0,,,507960000.0,50.4
lamu,2019_20,03,100000000.0,,100000000.0,,,46920000.0,46.9
machakos,2019_20,03,1608580000.0,,1608580000.0,,,1085630000.0,67.5
makueni,2019_20,03,655240000.0,,655240000.0,,,356570000.0,54.4
mandera,2019_20,03,183560000.0,,183560000.0,,,87850000.0,47.9
marsabit,2019_20,03,170000000.0,,170000000.0,,,107220000.0,63.1
meru,2019_20,03,705000000.0,120000000.0,825000000.0,,,320000000.0,38.8
migori,2019_20,03,450000000.0,,450000000.0,,,250550000.0,55.7
mombasa,2019_20,03,5000000000.0,,5000000000.0,,,2443080000.0,48.9
muranga,2019_20,03,960000000.0,,960000000.0,,,471640000.0,49.1
nairobi city,2019_20,03,17049640000.0,266649999.99999997,17316300000.0,,,7238760000.0,41.8
nakuru,2019_20,03,2100000000.0,1000000000.0,3100000000.0,,,1968760000.0,63.5
nandi,2019_20,03,628820000.0,,628820000.0,,,175740000.0,27.9
narok,2019_20,03,3190310000.0,,3190310000.0,,,2183810000.0,68.5
nyamira,2019_20,03,250000000.0,,250000000.0,,,129340000.0,51.7
nyandarua,2019_20,03,600000000.0,30000000.0,630000000.0,,,246740000.0,39.2
nyeri,2019_20,03,1000000000.0,,1000000000.0,,,524809999.99999994,52.5
samburu,2019_20,03,267029999.99999997,,267029999.99999997,,,205210000.0,76.8
siaya,2019_20,03,420000000.0,,420000000.0,,,130539999.99999999,31.1
taita taveta,2019_20,03,350000000.0,,350000000.0,,,206530000.0,59.0
tana river,2019_20,03,66000000.0,,66000000.0,,,63450000.0,96.1
tharaka nithi,2019_20,03,350000000.0,,350000000.0,,,181980000.0,52.0
trans nzoia,2019_20,03,500000000.0,,500000000.0,,,151010000.0,30.2
turkana,2019_20,03,250000000.0,,250000000.0,,,112790000.0,45.1
uasin gishu,2019_20,03,900000000.0,,900000000.0,,,660940000.0,73.4
vihiga,2019_20,03,192090000.0,,192090000.0,,,128000000.0,66.6
wajir,2019_20,03,150000000.0,,150000000.0,,,47900000.0,31.9
west pokot,2019_20,03,150320000.0,,150320000.0,,,77240000.0,51.4
baringo,2019_20,04,393420000.0,,393420000.0,,,301660000.0,76.7
bomet,2019_20,04,200920000.0,,200920000.0,,,201510000.0,100.3
bungoma,2019_20,04,441570000.0,477530000.0,919100000.0,,,777460000.0,84.6
busia,2019_20,04,504500000.0,,504500000.0,,,225830000.0,44.8
elgeyo marakwet,2019_20,04,79500000.0,70400000.0,149900000.0,,,131960000.00000001,88.0
embu,2019_20,04,920000000.0,,920000000.0,,,509650000.0,55.4
garissa,2019_20,04,150000000.0,,150000000.0,,,109920000.0,73.3
homa bay,2019_20,04,117330000.0,60260000.0,177590000.0,,,274600000.0,154.6
isiolo,2019_20,04,170860000.0,,170860000.0,,,122080000.0,71.4
kajiado,2019_20,04,1579250000.0,,1579250000.0,,,616800000.0,39.1
kakamega,2019_20,04,1666140000.0,,1666140000.0,,,1180810000.0,70.9
kericho,2019_20,04,711640000.0,,711640000.0,,,473730000.0,66.6
kiambu,2019_20,04,3540850000.0,,3540850000.0,,,2466260000.0,69.7
kilifi,2019_20,04,1100000000.0,,1100000000.0,,,788780000.0,71.7
kirinyaga,2019_20,04,480000000.0,,480000000.0,,,374740000.0,78.1
kisii,2019_20,04,870000000.0,,870000000.0,,,333150000.0,38.3
kisumu,2019_20,04,1438480000.0,,1438480000.0,,,804350000.0,55.9
kitui,2019_20,04,600000000.0,,600000000.0,,,408290000.0,68.0
kwale,2019_20,04,325000000.0,,325000000.0,,,254450000.0,78.3
laikipia,2019_20,04,1006880000.0,,1006880000.0,,,727960000.0,72.3
lamu,2019_20,04,100000000.0,,100000000.0,,,108910000.0,108.9
machakos,2019_20,04,1160780000.0,,1160780000.0,,,1376170000.0,118.6
makueni,2019_20,04,655240000.0,,655240000.0,,,644480000.0,98.4
mandera,2019_20,04,183560000.0,,183560000.0,,,124960000.0,68.1
marsabit,2019_20,04,170000000.0,,170000000.0,,,126710000.0,74.5
meru,2019_20,04,705000000.0,120000000.0,825000000.0,,,383300000.0,46.5
migori,2019_20,04,450000000.0,,450000000.0,,,305690000.0,67.9
mombasa,2019_20,04,4733390000.0,,4733390000.0,,,3260010000.0,68.9
muranga,2019_20,04,960000000.0,,960000000.0,,,580300000.0,60.4
nairobi city,2019_20,04,17002490000.000002,344650000.0,17347140000.0,,,8715070000.0,50.2
nakuru,2019_20,04,2100000000.0,1000000000.0,3100000000.0,,,2551210000.0,82.3
nandi,2019_20,04,628820000.0,,628820000.0,,,283190000.0,45.0
narok,2019_20,04,2397370000.0,,2397370000.0,,,2345480000.0,97.8
nyamira,2019_20,04,250000000.0,,250000000.0,,,185570000.0,74.2
nyandarua,2019_20,04,630000000.0,,630000000.0,,,379480000.0,60.2
nyeri,2019_20,04,1000000000.0,,1000000000.0,,,664860000.0,66.5
samburu,2019_20,04,267029999.99999997,,267029999.99999997,,,215670000.0,80.8
siaya,2019_20,04,420000000.0,,420000000.0,,,179430000.0,42.7
taita taveta,2019_20,04,230000000.0,,230000000.0,,,296040000.0,128.7
tana river,2019_20,04,66000000.0,,66000000.0,,,64470000.0,97.7
tharaka nithi,2019_20,04,350000000.0,,350000000.0,,,270150000.0,77.2
trans nzoia,2019_20,04,500000000.0,,500000000.0,,,356080000.0,71.2
turkana,2019_20,04,180000000.0,,180000000.0,,,176230000.0,97.9
uasin gishu,2019_20,04,900000000.0,,900000000.0,,,779330000.0,86.6
vihiga,2019_20,04,192090000.0,,192090000.0,,,148200000.0,77.2
wajir,2019_20,04,150000000.0,,150000000.0,,,60420000.0,40.3
west pokot,2019_20,04,130320000.0,20000000.0,150320000.0,,,107180000.0,71.3
baringo,2020_21,01,,,346088720.0,,,50282097.0,14.5
bomet,2020_21,01,,,275922277.0,,,20313043.0,7.4
bungoma,2020_21,01,,,700000000.0,,,68767405.0,9.8
busia,2020_21,01,,,350000002.0,,,68414314.0,19.5
elgeyo marakwet,2020_21,01,,,80000000.0,,,13995148.0,17.5
embu,2020_21,01,,,909000000.0,,,109115523.0,12.0
garissa,2020_21,01,,,150000000.0,,,25768892.0,17.2
homa bay,2020_21,01,,,385511169.0,,,15100000.0,3.9
isiolo,2020_21,01,,,113686337.0,,,9921435.0,8.7
kajiado,2020_21,01,,,1500000000.0,,,142293778.0,9.5
kakamega,2020_21,01,,,2113000000.0,,,198240222.0,9.4
kericho,2020_21,01,,,644058870.0,,,50730326.0,7.9
kiambu,2020_21,01,,,3669554783.0,,,452331766.0,12.3
kilifi,2020_21,01,,,1100000000.0,,,127059059.0,11.6
kirinyaga,2020_21,01,,,400000000.0,,,91952926.0,23.0
kisii,2020_21,01,,,650000000.0,,,40996500.0,6.3
kisumu,2020_21,01,,,1579172106.0,,,122576876.0,7.8
kitui,2020_21,01,,,,,,51885955.0,
kwale,2020_21,01,,,365641316.0,,,33777380.0,9.2
laikipia,2020_21,01,,,1006875000.0,,,125967881.0,12.5
lamu,2020_21,01,,,100000000.0,,,13972830.0,14.0
machakos,2020_21,01,,,1729798232.0,,,205984041.0,11.9
makueni,2020_21,01,,,1065000000.0,,,105163047.0,9.9
mandera,2020_21,01,,,,,,38079175.0,
marsabit,2020_21,01,,,150000000.0,,,25999316.0,17.3
meru,2020_21,01,,,600000000.0,,,96582616.0,16.1
migori,2020_21,01,,,292000000.0,,,60289703.0,20.6
mombasa,2020_21,01,,,5252448363.0,,,520993878.0,9.9
muranga,2020_21,01,,,900000000.0,,,125867223.0,14.0
nairobi city,2020_21,01,,,14402000000.0,,,1540266059.0,10.7
nakuru,2020_21,01,,,1800000000.0,,,294226809.0,16.3
nandi,2020_21,01,,,405408260.0,,,4586566.0,1.1
narok,2020_21,01,,,3133923503.0,,,168187713.0,5.4
nyamira,2020_21,01,,,250000000.0,,,39491859.0,15.8
nyandarua,2020_21,01,,,830000000.0,,,79250821.0,9.5
nyeri,2020_21,01,,,1000000000.0,,,152688062.0,15.3
samburu,2020_21,01,,,280312319.0,,,8193482.0,2.9
siaya,2020_21,01,,,1100000000.0,,,127059059.0,11.6
taita taveta,2020_21,01,,,363000000.0,,,58926000.0,16.2
tana river,2020_21,01,,,72600000.0,,,19010638.0,26.2
tharaka nithi,2020_21,01,,,325000000.0,,,54412468.0,16.7
trans nzoia,2020_21,01,,,500000000.0,,,68612330.0,13.7
turkana,2020_21,01,,,150000000.0,,,17580098.0,11.7
uasin gishu,2020_21,01,,,991000000.0,,,136018160.0,13.7
vihiga,2020_21,01,,,216096587.0,,,36536225.0,16.9
wajir,2020_21,01,,,,,,12581320.0,
west pokot,2020_21,01,,,168352202.0,,,21652424.0,12.9
baringo,2020_21,02,,,346088720.0,,,90187118.0,26.1
bomet,2020_21,02,,,275922277.0,,,60987365.0,22.1
bungoma,2020_21,02,,,700000000.0,,,147270818.0,21.0
busia,2020_21,02,,,350000002.0,,,151344410.0,43.2
elgeyo marakwet,2020_21,02,,,80000000.0,,,28281645.0,35.4
embu,2020_21,02,,,909000000.0,,,172467230.0,19.0
garissa,2020_21,02,,,150000000.0,,,37614205.0,25.1
homa bay,2020_21,02,,,296163284.0,,,32999300.0,11.1
isiolo,2020_21,02,,,113686337.0,,,10054447.0,8.8
kajiado,2020_21,02,,,1500000000.0,,,386778268.0,25.8
kakamega,2020_21,02,,,2113000000.0,,,354024422.0,16.8
kericho,2020_21,02,,,644058870.0,,,138244326.0,21.5
kiambu,2020_21,02,,,3988390833.0,,,897969272.0,22.5
kilifi,2020_21,02,,,900000000.0,,,365909460.0,40.7
kirinyaga,2020_21,02,,,405000000.0,,,162654917.0,40.2
kisii,2020_21,02,,,650000000.0,,,99556860.0,15.3
kisumu,2020_21,02,,,1579172106.0,,,247557026.0,15.7
kitui,2020_21,02,,,600000000.0,,,110690148.0,18.4
kwale,2020_21,02,,,365641316.0,,,71576380.0,19.6
laikipia,2020_21,02,,,1006875000.0,,,322973110.0,32.1
lamu,2020_21,02,,,100000000.0,,,24803561.0,24.8
machakos,2020_21,02,,,1729798232.0,,,417422311.0,24.1
makueni,2020_21,02,,,1093000000.0,,,226966343.0,20.8
mandera,2020_21,02,,,200037792.0,,,70154020.0,35.1
marsabit,2020_21,02,,,150000000.0,,,53402424.0,35.6
meru,2020_21,02,,,600000000.0,,,152728513.0,25.5
migori,2020_21,02,,,285000000.0,,,118325664.0,41.5
mombasa,2020_21,02,,,5252448363.0,,,1079839414.0,20.6
muranga,2020_21,02,,,900000000.0,,,227702680.0,25.3
nairobi city,2020_21,02,,,16209511170.0,,,3963262002.0,24.5
nakuru,2020_21,02,,,1800000000.0,,,529363068.0,29.4
nandi,2020_21,02,,,405408260.0,,,108888344.0,26.9
narok,2020_21,02,,,3133923503.0,,,334402340.0,10.7
nyamira,2020_21,02,,,250000000.0,,,74140009.0,29.7
nyandarua,2020_21,02,,,830000000.0,,,139417122.0,16.8
nyeri,2020_21,02,,,1000000000.0,,,317796614.0,31.8
samburu,2020_21,02,,,180312319.0,,,26315260.0,14.6
siaya,2020_21,02,,,351000000.0,,,136204803.0,38.8
taita taveta,2020_21,02,,,363000000.0,,,100539000.0,27.7
tana river,2020_21,02,,,72600000.0,,,44944006.0,61.9
tharaka nithi,2020_21,02,,,350000000.0,,,96302623.0,27.5
trans nzoia,2020_21,02,,,500000000.0,,,120878739.0,24.2
turkana,2020_21,02,,,150000000.0,,,52672373.0,35.1
uasin gishu,2020_21,02,,,991000000.0,,,285223670.0,28.8
vihiga,2020_21,02,,,216096587.0,,,55094734.0,25.5
wajir,2020_21,02,,,150000000.0,,,24955722.0,16.6
west pokot,2020_21,02,,,168352202.0,,,44612371.0,26.5
baringo,2020_21,03,,,346088720.0,,,147634909.0,42.7
bomet,2020_21,03,,,275922277.0,,,127722724.0,46.3
bungoma,2020_21,03,,,700000000.0,,,286566412.0,40.9
busia,2020_21,03,,,1119555802.0,,,231234728.0,20.7
elgeyo marakwet,2020_21,03,,,71477570.0,,,52946854.0,74.1
embu,2020_21,03,,,909000000.0,,,283208447.0,31.2
garissa,2020_21,03,,,150000000.0,,,71555792.0,47.7
homa bay,2020_21,03,,,170818374.0,,,73817542.0,43.2
isiolo,2020_21,03,,,113686337.0,,,26836921.0,23.6
kajiado,2020_21,03,,,1687000000.0,,,697944570.0,41.4
kakamega,2020_21,03,,,2113000000.0,,,725318746.0,34.3
kericho,2020_21,03,,,644058870.0,,,272572753.0,42.3
kiambu,2020_21,03,,,3988390833.0,,,1695568966.0,42.5
kilifi,2020_21,03,,,1150000000.0,,,663738709.0,57.7
kirinyaga,2020_21,03,,,405000000.0,,,307737805.0,76.0
kisii,2020_21,03,,,650000000.0,,,234325860.0,36.1
kisumu,2020_21,03,,,1579172106.0,,,369377149.0,23.4
kitui,2020_21,03,,,600000000.0,,,220979557.0,36.8
kwale,2020_21,03,,,365641316.0,,,171139550.0,46.8
laikipia,2020_21,03,,,1006875000.0,,,575871508.0,57.2
lamu,2020_21,03,,,150000000.0,,,66293021.0,44.2
machakos,2020_21,03,,,1729798232.0,,,735542916.0,42.5
makueni,2020_21,03,,,1093000000.0,,,391011277.0,35.8
mandera,2020_21,03,,,200037792.0,,,109108870.0,54.5
marsabit,2020_21,03,,,150000000.0,,,84729538.0,56.5
meru,2020_21,03,,,600000000.0,,,316124165.0,52.7
migori,2020_21,03,,,285000000.0,,,221751429.0,77.8
mombasa,2020_21,03,,,5252448363.0,,,2478670237.0,47.2
muranga,2020_21,03,,,900000000.0,,,442468954.0,49.2
nairobi city,2020_21,03,,,16209511170.0,,,7988810107.0,49.3
nakuru,2020_21,03,,,1800000000.0,,,1247530155.0,69.3
nandi,2020_21,03,,,405408260.0,,,174091347.0,42.9
narok,2020_21,03,,,3133923503.0,,,453294737.0,14.5
nyamira,2020_21,03,,,250000000.0,,,121714967.0,48.7
nyandarua,2020_21,03,,,830000000.0,,,274813477.0,33.1
nyeri,2020_21,03,,,1000000000.0,,,645810014.0,64.6
samburu,2020_21,03,,,180312319.0,,,49683593.0,27.6
siaya,2020_21,03,,,351000000.0,,,238910584.0,68.1
taita taveta,2020_21,03,,,363000000.0,,,201703500.0,55.6
tana river,2020_21,03,,,72600000.0,,,67211547.0,92.6
tharaka nithi,2020_21,03,,,350000000.0,,,168311841.0,48.1
trans nzoia,2020_21,03,,,991000000.0,,,734577793.0,74.1
turkana,2020_21,03,,,150000000.0,,,126675575.0,84.5
uasin gishu,2020_21,03,,,991000000.0,,,734577793.0,74.1
vihiga,2020_21,03,,,216096587.0,,,98198179.0,45.4
wajir,2020_21,03,,,150000000.0,,,26955722.0,18.0
west pokot,2020_21,03,,,168352202.0,,,82477078.0,49.0
baringo,2020_21,04,,,346088720.0,,,205203689.0,59.3
bomet,2020_21,04,,,221421954.0,,,183008302.0,82.7
bungoma,2020_21,04,,,500000000.0,,,395118238.0,79.0
busia,2020_21,04,,,1119555802.0,,,322558227.0,28.8
elgeyo marakwet,2020_21,04,,,69779550.0,,,69075375.0,99.0
embu,2020_21,04,,,937782533.0,,,375326291.0,40.0
garissa,2020_21,04,,,150000000.0,,,103525792.0,69.0
homa bay,2020_21,04,,,170818374.0,,,120412567.0,70.5
isiolo,2020_21,04,,,113686337.0,,,57181282.0,50.3
kajiado,2020_21,04,,,1687000000.0,,,862288151.0,51.1
kakamega,2020_21,04,,,1656000000.0,,,1118235983.0,67.5
kericho,2020_21,04,,,654058870.0,,,595976653.0,91.1
kiambu,2020_21,04,,,3795881193.0,,,2425245161.0,63.9
kilifi,2020_21,04,,,1201166719.0,,,833845292.0,69.4
kirinyaga,2020_21,04,,,405000000.0,,,346521599.0,85.6
kisii,2020_21,04,,,650000000.0,,,403001860.0,62.0
kisumu,2020_21,04,,,1579172106.0,,,822299848.0,52.1
kitui,2020_21,04,,,600000000.0,,,326450311.0,54.4
kwale,2020_21,04,,,365641316.0,,,250090346.0,68.4
laikipia,2020_21,04,,,1006875000.0,,,840396632.0,83.5
lamu,2020_21,04,,,100000000.0,,,108433650.0,108.4
machakos,2020_21,04,,,1299758630.0,,,1296364668.0,99.7
makueni,2020_21,04,,,1019949654.0,,,527527341.0,51.7
mandera,2020_21,04,,,200037792.0,,,143313898.0,71.6
marsabit,2020_21,04,,,150000000.0,,,110368253.0,73.6
meru,2020_21,04,,,600000000.0,,,435932406.0,72.7
migori,2020_21,04,,,285000000.0,,,288535155.0,101.2
mombasa,2020_21,04,,,6459442159.0,,,3314532178.0,51.3
muranga,2020_21,04,,,900000000.0,,,627164598.0,69.7
nairobi city,2020_21,04,,,16209511170.0,,,9958038681.0,61.4
nakuru,2020_21,04,,,1800000000.0,,,1628821537.0,90.5
nandi,2020_21,04,,,405408260.0,,,261039027.0,64.4
narok,2020_21,04,,,1405874324.0,,,618992783.0,44.0
nyamira,2020_21,04,,,250000000.0,,,162863880.0,65.1
nyandarua,2020_21,04,,,954000000.0,,,408718259.0,42.8
nyeri,2020_21,04,,,1000000000.0,,,886892734.0,88.7
samburu,2020_21,04,,,80312319.0,,,70378827.0,87.6
siaya,2020_21,04,,,420000000.0,,,332883061.0,79.3
taita taveta,2020_21,04,,,363000000.0,,,302005400.0,83.2
tana river,2020_21,04,,,72600000.0,,,83075805.0,114.4
tharaka nithi,2020_21,04,,,350000000.0,,,254745602.0,72.8
trans nzoia,2020_21,04,,,493799500.0,,,340453746.0,68.9
turkana,2020_21,04,,,175000000.0,,,209830607.0,119.9
uasin gishu,2020_21,04,,,991000000.0,,,1105676540.0,111.6
vihiga,2020_21,04,,,216096587.0,,,169109802.0,78.3
wajir,2020_21,04,,,150000000.0,,,73955722.0,49.3
west pokot,2020_21,04,,,78052202.0,,,68866910.0,88.2
baringo,2021_22,01,,,258546935.0,,,73871557.0,28.6
bomet,2021_22,01,,,300000000.0,,,40635928.0,13.5
bungoma,2021_22,01,,,500000000.0,,,57417222.0,11.5
busia,2021_22,01,,,499797154.0,,,65868496.0,13.2
elgeyo marakwet,2021_22,01,,,166100000.0,,,41341067.0,24.9
embu,2021_22,01,,,900000000.0,,,114732998.0,12.7
garissa,2021_22,01,,,150000000.0,,,11743000.0,7.8
homa bay,2021_22,01,,,143811399.0,,,37500000.0,26.1
isiolo,2021_22,01,,,113686337.0,,,18017453.0,15.8
kajiado,2021_22,01,,,1605355500.0,,,183333177.0,11.4
kakamega,2021_22,01,,,2113000000.0,,,220281786.0,10.4
kericho,2021_22,01,,,494054000.0,,,122520112.0,24.8
kiambu,2021_22,01,,,3883303882.0,,,583496860.0,15.0
kilifi,2021_22,01,,,925000000.0,,,106260538.0,11.5
kirinyaga,2021_22,01,,,485000000.0,,,108478321.0,22.4
kisii,2021_22,01,,,700000000.0,,,66536000.0,9.5
kisumu,2021_22,01,,,1984000003.0,,,143192381.0,7.2
kitui,2021_22,01,,,850000000.0,,,91431332.0,10.8
kwale,2021_22,01,,,315000000.0,,,59565930.0,18.9
laikipia,2021_22,01,,,1006000000.0,,,182836599.0,18.2
lamu,2021_22,01,,,120000000.0,,,15148880.0,12.6
machakos,2021_22,01,,,1682894197.0,,,155060426.0,9.2
makueni,2021_22,01,,,475000000.0,,,69521087.0,14.6
mandera,2021_22,01,,,200037792.0,,,36454021.0,18.2
marsabit,2021_22,01,,,170000000.0,,,31093905.0,18.3
meru,2021_22,01,,,575000000.0,,,84930318.0,14.8
migori,2021_22,01,,,280000000.0,,,84275856.0,30.1
mombasa,2021_22,01,,,4966330107.0,,,773822516.0,15.6
muranga,2021_22,01,,,1500000000.0,,,92769799.0,6.2
nairobi city,2021_22,01,,,19360744671.0,,,1393603993.0,7.2
nakuru,2021_22,01,,,1712133447.0,,,322670140.0,18.8
nandi,2021_22,01,,,387106430.0,,,40043472.0,10.3
narok,2021_22,01,,,2374550000.0,,,416848610.0,17.6
nyamira,2021_22,01,,,400000000.0,,,35299275.0,8.8
nyandarua,2021_22,01,,,590000000.0,,,103689003.0,17.6
nyeri,2021_22,01,,,1000000000.0,,,124178287.0,12.4
samburu,2021_22,01,,,100000000.0,,,29233718.0,29.2
siaya,2021_22,01,,,445445551.0,,,105851444.0,23.8
taita taveta,2021_22,01,,,376000000.0,,,61385000.0,16.3
tana river,2021_22,01,,,79860000.0,,,12741014.0,16.0
tharaka nithi,2021_22,01,,,350000000.0,,,57578567.0,16.5
trans nzoia,2021_22,01,,,529500000.0,,,58426205.0,11.0
turkana,2021_22,01,,,180000000.0,,,53255925.0,29.6
uasin gishu,2021_22,01,,,1000000000.0,,,172661737.0,17.3
vihiga,2021_22,01,,,,,,50526020.0,
wajir,2021_22,01,,,100000000.0,,,13000000.0,13.0
west pokot,2021_22,01,,,170000000.0,,,40462781.0,23.8
baringo,2021_22,02,,,258546935.0,,,121836862.0,47.1
bomet,2021_22,02,,,300000000.0,,,74278130.0,24.8
bungoma,2021_22,02,,,500000000.0,,,123443890.0,24.7
busia,2021_22,02,,,976108322.0,,,138229665.0,14.2
elgeyo marakwet,2021_22,02,,,166100000.0,,,75427645.0,45.4
embu,2021_22,02,,,900000000.0,,,172785814.0,19.2
garissa,2021_22,02,,,150000000.0,,,32722000.0,21.8
homa bay,2021_22,02,,,143811399.0,,,80966200.0,56.3
isiolo,2021_22,02,,,113686337.0,,,51470413.0,45.3
kajiado,2021_22,02,,,1605355500.0,,,221376303.0,13.8
kakamega,2021_22,02,,,2113000000.0,,,403126001.0,19.1
kericho,2021_22,02,,,494054000.0,,,228484650.0,46.2
kiambu,2021_22,02,,,3883303882.0,,,1302250932.0,33.5
kilifi,2021_22,02,,,925000000.0,,,187328656.0,20.3
kirinyaga,2021_22,02,,,485000000.0,,,168382602.0,34.7
kisii,2021_22,02,,,700000000.0,,,131988620.0,18.9
kisumu,2021_22,02,,,1984000003.0,,,439188814.0,22.1
kitui,2021_22,02,,,850000000.0,,,167221867.0,19.7
kwale,2021_22,02,,,315000000.0,,,107996563.0,34.3
laikipia,2021_22,02,,,1006000000.0,,,385925656.0,38.4
lamu,2021_22,02,,,120000000.0,,,50884663.0,42.4
machakos,2021_22,02,,,1682894197.0,,,336139164.0,20.0
makueni,2021_22,02,,,1091306710.0,,,300345138.0,27.5
mandera,2021_22,02,,,200037792.0,,,67347667.0,33.7
marsabit,2021_22,02,,,170000000.0,,,48581254.0,28.6
meru,2021_22,02,,,689061600.0,,,143711959.0,20.9
migori,2021_22,02,,,300000000.0,,,152538560.0,50.8
mombasa,2021_22,02,,,4966330107.0,,,1176323387.0,23.7
muranga,2021_22,02,,,1500000000.0,,,172801753.0,11.5
nairobi city,2021_22,02,,,19610744671.0,,,3811260214.0,19.4
nakuru,2021_22,02,,,1712133447.0,,,559949767.0,32.7
nandi,2021_22,02,,,387106430.0,,,76426932.0,19.7
narok,2021_22,02,,,1869402102.0,,,732286226.0,39.2
nyamira,2021_22,02,,,400000000.0,,,70166098.0,17.5
nyandarua,2021_22,02,,,590000000.0,,,188298489.0,31.9
nyeri,2021_22,02,,,1000000000.0,,,398309446.0,39.8
samburu,2021_22,02,,,150000000.0,,,56838761.0,37.9
siaya,2021_22,02,,,445445551.0,,,188010251.0,42.2
taita taveta,2021_22,02,,,406282421.0,,,140336150.0,34.5
tana river,2021_22,02,,,79860000.0,,,29516473.0,37.0
tharaka nithi,2021_22,02,,,350000000.0,,,103683338.0,29.6
trans nzoia,2021_22,02,,,529500000.0,,,128661714.0,24.3
turkana,2021_22,02,,,180000000.0,,,85533725.0,47.5
uasin gishu,2021_22,02,,,1000000000.0,,,303893936.0,30.4
vihiga,2021_22,02,,,232658877.0,,,52273078.0,22.5
wajir,2021_22,02,,,100000000.0,,,15500000.0,15.5
west pokot,2021_22,02,,,170000000.0,,,58491200.0,34.4
baringo,2021_22,03,,,258546935.0,,,187723960.0,72.6
bomet,2021_22,03,,,300000000.0,,,158641367.0,52.9
bungoma,2021_22,03,,,746811602.0,,,282172088.0,37.8
busia,2021_22,03,,,976108322.0,,,227317183.0,23.3
elgeyo marakwet,2021_22,03,,,266100000.0,,,116571048.0,43.8
embu,2021_22,03,,,900000000.0,,,297829189.0,33.1
garissa,2021_22,03,,,150000000.0,,,48953500.0,32.6
homa bay,2021_22,03,,,143811399.0,,,132915691.0,92.4
isiolo,2021_22,03,,,113686337.0,,,78211743.0,68.8
kajiado,2021_22,03,,,1605355500.0,,,456827116.0,28.5
kakamega,2021_22,03,,,1600000000.0,,,954426642.0,59.7
kericho,2021_22,03,,,852636240.0,,,461292140.0,54.1
kiambu,2021_22,03,,,4288015282.0,,,2378221287.0,55.5
kilifi,2021_22,03,,,925000000.0,,,433394023.0,46.9
kirinyaga,2021_22,03,,,485000000.0,,,273954260.0,56.5
kisii,2021_22,03,,,700000000.0,,,322836620.0,46.1
kisumu,2021_22,03,,,1984000003.0,,,784219821.0,39.5
kitui,2021_22,03,,,800000000.0,,,280374666.0,35.0
kwale,2021_22,03,,,315000000.0,,,213529786.0,67.8
laikipia,2021_22,03,,,1006000000.0,,,638522836.0,63.5
lamu,2021_22,03,,,120000000.0,,,91479787.0,76.2
machakos,2021_22,03,,,1682894197.0,,,800761867.0,47.6
makueni,2021_22,03,,,1091306710.0,,,476588345.0,43.7
mandera,2021_22,03,,,200037792.0,,,107553765.0,53.8
marsabit,2021_22,03,,,170000000.0,,,78335820.0,46.1
meru,2021_22,03,,,689061600.0,,,288029707.0,41.8
migori,2021_22,03,,,300000000.0,,,272154364.0,90.7
mombasa,2021_22,03,,,4957305414.0,,,2880660826.0,58.1
muranga,2021_22,03,,,1600000000.0,,,394490229.0,24.7
nairobi city,2021_22,03,,,19360744671.0,,,7386983090.0,38.2
nakuru,2021_22,03,,,1980000000.0,,,1139889345.0,57.6
nandi,2021_22,03,,,387106430.0,,,166381995.0,43.0
narok,2021_22,03,,,1869402102.0,,,975125170.0,52.2
nyamira,2021_22,03,,,295000000.0,,,132440468.0,44.9
nyandarua,2021_22,03,,,590000000.0,,,339242718.0,57.5
nyeri,2021_22,03,,,1000000000.0,,,702070203.0,70.2
samburu,2021_22,03,,,150000000.0,,,85381694.0,56.9
siaya,2021_22,03,,,445445551.0,,,316296999.0,71.0
taita taveta,2021_22,03,,,406282421.0,,,221684450.0,54.6
tana river,2021_22,03,,,87846000.0,,,55036013.0,62.7
tharaka nithi,2021_22,03,,,350000000.0,,,174005771.0,49.7
trans nzoia,2021_22,03,,,529500000.0,,,128661714.0,24.3
turkana,2021_22,03,,,180000000.0,,,151014622.0,83.9
uasin gishu,2021_22,03,,,1414917111.0,,,681306574.0,48.2
vihiga,2021_22,03,,,232658877.0,,,181303134.0,77.9
wajir,2021_22,03,,,100000000.0,,,42789215.0,42.8
west pokot,2021_22,03,,,170000000.0,,,96362200.0,56.7
baringo,2021_22,04,,,288546935.0,,,264898800.0,91.8
bomet,2021_22,04,,,260000000.0,,,202430010.0,77.9
bungoma,2021_22,04,,,746811602.0,,,368035218.0,49.3
busia,2021_22,04,,,976108322.0,,,292736456.0,30.0
elgeyo marakwet,2021_22,04,,,266100000.0,,,162252071.0,61.0
embu,2021_22,04,,,900000000.0,,,394540728.0,43.8
garissa,2021_22,04,,,150000000.0,,,65624500.0,43.7
homa bay,2021_22,04,,,164982028.0,,,146642418.0,88.9
isiolo,2021_22,04,,,113686337.0,,,107832875.0,94.9
kajiado,2021_22,04,,,1595132700.0,,,527943689.0,33.1
kakamega,2021_22,04,,,1600000000.0,,,1226076737.0,76.6
kericho,2021_22,04,,,842636240.0,,,566821704.0,67.3
kiambu,2021_22,04,,,4288015282.0,,,3149182552.0,73.4
kilifi,2021_22,04,,,1118754087.0,,,827496951.0,74.0
kirinyaga,2021_22,04,,,485000000.0,,,364653724.0,75.2
kisii,2021_22,04,,,700000000.0,,,404554620.0,57.8
kisumu,2021_22,04,,,1984000003.0,,,982789204.0,49.5
kitui,2021_22,04,,,800000000.0,,,361271342.0,45.2
kwale,2021_22,04,,,438000000.0,,,302688593.0,69.1
laikipia,2021_22,04,,,1313813276.0,,,894884655.0,68.1
lamu,2021_22,04,,,120000000.0,,,126995226.0,105.8
machakos,2021_22,04,,,1682894197.0,,,1118461753.0,66.5
makueni,2021_22,04,,,906306710.0,,,749406507.0,82.7
mandera,2021_22,04,,,200037792.0,,,132899851.0,66.4
marsabit,2021_22,04,,,170000000.0,,,99563452.0,58.6
meru,2021_22,04,,,689061600.0,,,385391541.0,55.9
migori,2021_22,04,,,350000000.0,,,386872946.0,110.5
mombasa,2021_22,04,,,4957305414.0,,,3608672111.0,72.8
muranga,2021_22,04,,,1580000000.0,,,520317425.0,32.9
nairobi city,2021_22,04,,,19610744671.0,,,9238804878.0,47.1
nakuru,2021_22,04,,,1980000000.0,,,1707447685.0,86.2
nandi,2021_22,04,,,387106430.0,,,275658466.0,71.2
narok,2021_22,04,,,2354426171.0,,,1334563666.0,56.7
nyamira,2021_22,04,,,295000000.0,,,166487465.0,56.4
nyandarua,2021_22,04,,,990000000.0,,,473061809.0,47.8
nyeri,2021_22,04,,,1000000000.0,,,948313629.0,94.8
samburu,2021_22,04,,,157264422.0,,,120049011.0,76.3
siaya,2021_22,04,,,445445551.0,,,434376276.0,97.5
taita taveta,2021_22,04,,,450282421.0,,,315575986.0,70.1
tana river,2021_22,04,,,87846000.0,,,72260813.0,82.3
tharaka nithi,2021_22,04,,,350000000.0,,,234293360.0,66.9
trans nzoia,2021_22,04,,,529500000.0,,,379991105.0,71.8
turkana,2021_22,04,,,180000000.0,,,204349844.0,113.5
uasin gishu,2021_22,04,,,1414917111.0,,,858341720.0,60.7
vihiga,2021_22,04,,,232658878.0,,,236265160.0,101.6
wajir,2021_22,04,,,100000000.0,,,52415625.0,52.4
west pokot,2021_22,04,,,170000000.0,,,113444832.0,66.7
baringo,2022_23,01,,,312474282.0,,,43809234.0,14.0
bomet,2022_23,01,,,300000000.0,,,17443378.0,5.8
bungoma,2022_23,01,,,700000000.0,,,55026436.0,7.9
busia,2022_23,01,,,469163025.0,,,45373968.0,9.7
elgeyo marakwet,2022_23,01,,,246239212.0,,,30795949.0,12.5
embu,2022_23,01,,,950000000.0,,,70112285.0,7.4
garissa,2022_23,01,,,116400000.0,,,10095110.0,8.7
homa bay,2022_23,01,,,191080752.0,,,17088303.0,8.9
isiolo,2022_23,01,,,113686337.0,,,55651320.0,49.0
kajiado,2022_23,01,,,1503946728.0,,,51554854.0,3.4
kakamega,2022_23,01,,,2000000000.0,,,171572120.0,8.6
kericho,2022_23,01,,,325071600.0,,,32324528.0,9.9
kiambu,2022_23,01,,,4136821507.0,,,527229350.0,12.7
kilifi,2022_23,01,,,1467500000.0,,,85644197.0,5.8
kirinyaga,2022_23,01,,,500000000.0,,,58734841.0,11.7
kisii,2022_23,01,,,650000000.0,,,43942574.0,6.8
kisumu,2022_23,01,,,1762226587.0,,,186694958.0,10.6
kitui,2022_23,01,,,600000000.0,,,61599535.0,10.3
kwale,2022_23,01,,,315000000.0,,,47585418.0,15.1
laikipia,2022_23,01,,,1295719999.0,,,147062178.0,11.3
lamu,2022_23,01,,,120000000.0,,,8951607.0,7.5
machakos,2022_23,01,,,1690079199.0,,,197858345.0,11.7
makueni,2022_23,01,,,850000000.0,,,144238232.0,17.0
mandera,2022_23,01,,,255436786.0,,,25705461.0,10.1
marsabit,2022_23,01,,,170000000.0,,,25908505.0,15.2
meru,2022_23,01,,,600000000.0,,,44042860.0,7.3
migori,2022_23,01,,,350000000.0,,,70372899.0,20.1
mombasa,2022_23,01,,,4814500985.0,,,568869104.0,11.8
muranga,2022_23,01,,,1500000000.0,,,60091547.0,4.0
nairobi city,2022_23,01,,,18027834347.0,,,1192463509.0,6.6
nakuru,2022_23,01,,,1980000000.0,,,183979358.0,9.3
nandi,2022_23,01,,,321234445.0,,,37693881.0,11.7
narok,2022_23,01,,,2430830000.0,,,941516291.0,38.7
nyamira,2022_23,01,,,265000000.0,,,11884623.0,4.5
nyandarua,2022_23,01,,,660000000.0,,,74893061.0,11.3
nyeri,2022_23,01,,,700000000.0,,,183760356.0,26.3
samburu,2022_23,01,,,240330500.0,,,80018319.0,33.3
siaya,2022_23,01,,,580998234.0,,,98579902.0,17.0
taita taveta,2022_23,01,,,400000000.0,,,51661000.0,12.9
tana river,2022_23,01,,,87846000.0,,,7323600.0,8.3
tharaka nithi,2022_23,01,,,350000000.0,,,37721462.0,10.8
trans nzoia,2022_23,01,,,629500000.0,,,101696395.0,16.2
turkana,2022_23,01,,,198000000.0,,,34017165.0,17.2
uasin gishu,2022_23,01,,,1400471850.0,,,111023536.0,7.9
vihiga,2022_23,01,,,158470489.0,,,44113746.0,27.8
wajir,2022_23,01,,,100000000.0,,,9897300.0,9.9
west pokot,2022_23,01,,,170000000.0,,,18966451.0,11.2
baringo,2022_23,02,,,312474282.0,,,114959139.0,36.8
bomet,2022_23,02,,,300000000.0,,,64980829.0,21.7
bungoma,2022_23,02,,,500000000.0,,,134842273.0,27.0
busia,2022_23,02,,,469163025.0,,,99678025.0,21.2
elgeyo marakwet,2022_23,02,,,246239212.0,,,75542470.0,30.7
embu,2022_23,02,,,950000000.0,,,209719908.0,22.1
garissa,2022_23,02,,,150000000.0,,,33678610.0,22.5
homa bay,2022_23,02,,,472957301.0,,,70939417.0,15.0
isiolo,2022_23,02,,,180401768.0,,,81286646.0,45.1
kajiado,2022_23,02,,,1503946728.0,,,139514500.0,9.3
kakamega,2022_23,02,,,2000000000.0,,,350933571.0,17.5
kericho,2022_23,02,,,853268053.0,,,143547070.0,16.8
kiambu,2022_23,02,,,4136821507.0,,,1100674142.0,26.6
kilifi,2022_23,02,,,1467500000.0,,,200459790.0,13.7
kirinyaga,2022_23,02,,,550000000.0,,,139176495.0,25.3
kisii,2022_23,02,,,650000000.0,,,90053080.0,13.9
kisumu,2022_23,02,,,1762226587.0,,,420076764.0,23.8
kitui,2022_23,02,,,400000000.0,,,142380991.0,35.6
kwale,2022_23,02,,,557116564.0,,,116107417.0,20.8
laikipia,2022_23,02,,,1297000000.0,,,331934597.0,25.6
lamu,2022_23,02,,,131000000.0,,,54839243.0,41.9
machakos,2022_23,02,,,1690079199.0,,,459698366.0,27.2
makueni,2022_23,02,,,795000000.0,,,131217159.0,16.5
mandera,2022_23,02,,,255436786.0,,,48602787.0,19.0
marsabit,2022_23,02,,,170000000.0,,,59633884.0,35.1
meru,2022_23,02,,,600000000.0,,,104723190.0,17.5
migori,2022_23,02,,,450000000.0,,,153401873.0,34.1
mombasa,2022_23,02,,,4814500985.0,,,1401454864.0,29.1
muranga,2022_23,02,,,1500000000.0,,,175413877.0,11.7
nairobi city,2022_23,02,,,18027834347.0,,,2624062889.0,14.6
nakuru,2022_23,02,,,2280000000.0,,,210198346.0,9.2
nandi,2022_23,02,,,373234444.0,,,74880408.0,20.1
narok,2022_23,02,,,2430830000.0,,,1789113084.0,73.6
nyamira,2022_23,02,,,265000000.0,,,22615955.0,8.5
nyandarua,2022_23,02,,,660000000.0,,,163537626.0,24.8
nyeri,2022_23,02,,,800000000.0,,,413307839.0,51.7
samburu,2022_23,02,,,240330500.0,,,112215668.0,46.7
siaya,2022_23,02,,,580988234.0,,,190426199.0,32.8
taita taveta,2022_23,02,,,389402624.0,,,98664000.0,25.3
tana river,2022_23,02,,,87846000.0,,,18668999.0,21.3
tharaka nithi,2022_23,02,,,350000000.0,,,78583238.0,22.5
trans nzoia,2022_23,02,,,629500000.0,,,189857399.0,30.2
turkana,2022_23,02,,,198000000.0,,,71104194.0,35.9
uasin gishu,2022_23,02,,,1400471850.0,,,271491977.0,19.4
vihiga,2022_23,02,,,193470488.0,,,63858652.0,33.0
wajir,2022_23,02,,,100000000.0,,,19539773.0,19.5
west pokot,2022_23,02,,,170000000.0,,,49829161.0,29.3
baringo,2022_23,03,,,312474282.0,,,214431602.0,68.6
bomet,2022_23,03,,,300000000.0,,,193624195.0,64.5
bungoma,2022_23,03,,,500000000.0,,,290966562.0,58.2
busia,2022_23,03,,,469163025.0,,,194603213.0,41.5
elgeyo marakwet,2022_23,03,,,246239213.0,,,152949534.0,62.1
embu,2022_23,03,,,950000000.0,,,457118937.0,48.1
garissa,2022_23,03,,,150000000.0,,,59458601.0,39.6
homa bay,2022_23,03,,,472957301.0,,,159559985.0,33.7
isiolo,2022_23,03,,,180401769.0,,,119421953.0,66.2
kajiado,2022_23,03,,,1503946728.0,,,481613459.0,32.0
kakamega,2022_23,03,,,2000000000.0,,,906830970.0,45.3
kericho,2022_23,03,,,1033268053.0,,,289256783.0,28.0
kiambu,2022_23,03,,,4136821507.0,,,2441291932.0,59.0
kilifi,2022_23,03,,,1271385905.0,,,661686660.0,52.0
kirinyaga,2022_23,03,,,550000000.0,,,439870608.0,80.0
kisii,2022_23,03,,,750000000.0,,,252067641.0,33.6
kisumu,2022_23,03,,,1762226587.0,,,823626923.0,46.7
kitui,2022_23,03,,,400000000.0,,,338546086.0,84.6
kwale,2022_23,03,,,557116564.0,,,272086203.0,48.8
laikipia,2022_23,03,,,1297000000.0,,,648178629.0,50.0
lamu,2022_23,03,,,131000000.0,,,84202182.0,64.3
machakos,2022_23,03,,,1690079199.0,,,848466003.0,50.2
makueni,2022_23,03,,,795000000.0,,,268843575.0,33.8
mandera,2022_23,03,,,255436786.0,,,89102787.0,34.9
marsabit,2022_23,03,,,170000000.0,,,104515926.0,61.5
meru,2022_23,03,,,600000000.0,,,308111474.0,51.4
migori,2022_23,03,,,450000000.0,,,288255786.0,64.1
mombasa,2022_23,03,,,4814500985.0,,,2974881568.0,61.8
muranga,2022_23,03,,,1500000000.0,,,453667424.0,30.2
nairobi city,2022_23,03,,,17890130299.0,,,7124974887.0,39.8
nakuru,2022_23,03,,,3580000000.0,,,1092303921.0,30.5
nandi,2022_23,03,,,373234444.0,,,136313307.0,36.5
narok,2022_23,03,,,4690625651.0,,,2446759031.0,52.2
nyamira,2022_23,03,,,280000000.0,,,65494749.0,23.4
nyandarua,2022_23,03,,,660000000.0,,,346946995.0,52.6
nyeri,2022_23,03,,,800000000.0,,,438793355.0,54.8
samburu,2022_23,03,,,240330500.0,,,167647771.0,69.8
siaya,2022_23,03,,,700998234.0,,,358741602.0,51.2
taita taveta,2022_23,03,,,389402624.0,,,171935581.0,44.2
tana river,2022_23,03,,,87846000.0,,,33713304.0,38.4
tharaka nithi,2022_23,03,,,380000000.0,,,164548562.0,43.3
trans nzoia,2022_23,03,,,629500000.0,,,348425969.0,55.3
turkana,2022_23,03,,,198000000.0,,,137051226.0,69.2
uasin gishu,2022_23,03,,,1400471851.0,,,729312963.0,52.1
vihiga,2022_23,03,,,284073208.0,,,219241295.0,77.2
wajir,2022_23,03,,,100000000.0,,,34829403.0,34.8
west pokot,2022_23,03,,,170000000.0,,,107178285.0,63.0
baringo,2022_23,04,,,387429514.0,,,313351637.0,80.9
bomet,2022_23,04,,,300000000.0,,,242395023.0,80.8
bungoma,2022_23,04,,,500000000.0,,,379716358.0,75.9
busia,2022_23,04,,,310711243.0,,,201772364.0,64.9
elgeyo marakwet,2022_23,04,,,246239213.0,,,217350490.0,88.3
embu,2022_23,04,,,514140000.0,,,383178337.0,74.5
garissa,2022_23,04,,,100000000.0,,,81361298.0,81.4
homa bay,2022_23,04,,,818315811.0,,,491496550.0,60.1
isiolo,2022_23,04,,,178097913.0,,,151805623.0,85.2
kajiado,2022_23,04,,,1743946728.0,,,875281130.0,50.2
kakamega,2022_23,04,,,1942426514.0,,,1309679900.0,67.4
kericho,2022_23,04,,,1019388053.0,,,501354545.0,49.2
kiambu,2022_23,04,,,3392022527.0,,,2424634382.0,71.5
kilifi,2022_23,04,,,1051376905.0,,,661686660.0,62.9
kirinyaga,2022_23,04,,,355601999.0,,,399321046.0,112.3
kisii,2022_23,04,,,650000000.0,,,413988597.0,63.7
kisumu,2022_23,04,,,1518837525.0,,,731449033.0,48.2
kitui,2022_23,04,,,420000000.0,,,464354467.0,110.6
kwale,2022_23,04,,,454276121.0,,,392952872.0,86.5
laikipia,2022_23,04,,,821111327.0,,,504274788.0,61.4
lamu,2022_23,04,,,131000000.0,,,156907612.0,119.8
machakos,2022_23,04,,,1717118593.0,,,1429791260.0,83.3
makueni,2022_23,04,,,670000000.0,,,418752940.0,62.5
mandera,2022_23,04,,,290436786.0,,,122528934.0,42.2
marsabit,2022_23,04,,,170000000.0,,,58565723.0,34.5
meru,2022_23,04,,,600000000.0,,,418801954.0,69.8
migori,2022_23,04,,,600000000.0,,,406364909.0,67.7
mombasa,2022_23,04,,,5004354326.0,,,3998628848.0,79.9
muranga,2022_23,04,,,1265765573.0,,,534416925.0,42.2
nairobi city,2022_23,04,,,17505011669.0,,,10237263780.0,58.5
nakuru,2022_23,04,,,2280000000.0,,,1611062682.0,70.7
nandi,2022_23,04,,,373234444.0,,,200737628.0,53.8
narok,2022_23,04,,,4204783838.0,,,3061007640.0,72.8
nyamira,2022_23,04,,,432000000.0,,,113484901.0,26.3
nyandarua,2022_23,04,,,660000000.0,,,505913306.0,76.7
nyeri,2022_23,04,,,800000000.0,,,610656883.0,76.3
samburu,2022_23,04,,,240330500.0,,,226516961.0,94.3
siaya,2022_23,04,,,590261582.0,,,402229607.0,68.1
taita taveta,2022_23,04,,,389402624.0,,,265254255.0,68.1
tana river,2022_23,04,,,87846000.0,,,59173171.0,67.4
tharaka nithi,2022_23,04,,,259700000.0,,,164200787.0,63.2
trans nzoia,2022_23,04,,,328400000.0,,,267760051.0,81.5
turkana,2022_23,04,,,198000000.0,,,177717811.0,89.8
uasin gishu,2022_23,04,,,1400471851.0,,,936606563.0,66.9
vihiga,2022_23,04,,,181484444.0,,,108347382.0,59.7
wajir,2022_23,04,,,100000000.0,,,46746101.0,46.7
west pokot,2022_23,04,,,170000000.0,,,128195210.0,75.4
baringo,2023_24,01,300719215.0,51334043.0,450097396.0,,,105025424.0,23.3
bomet,2023_24,01,187592587.0,22815830.0,332041830.0,,,30489530.0,9.2
bungoma,2023_24,01,918701471.0,172519954.0,2043366863.0,,,233188158.0,11.4
busia,2023_24,01,396793350.0,33556054.0,549015633.0,,,71864630.0,13.1
elgeyo marakwet,2023_24,01,70327132.0,53543596.0,220327132.0,,,65914332.0,29.9
embu,2023_24,01,382801875.0,71997790.0,750000000.0,,,142920907.0,19.1
garissa,2023_24,01,139000000.0,21708805.0,230000000.0,,,43045743.0,18.7
homa bay,2023_24,01,490895690.0,235364297.0,2378948918.0,,,291561226.0,12.3
isiolo,2023_24,01,267634395.0,33696799.0,271208180.0,,,98465800.0,36.3
kajiado,2023_24,01,1200000000.0,,1515702515.0,,,85380796.0,5.6
kakamega,2023_24,01,1881730000.0,35776783.0,2200000000.0,,,156455236.0,7.1
kericho,2023_24,01,530071600.0,34167418.0,1273421600.0,,,66186600.0,5.2
kiambu,2023_24,01,6021825729.0,313115841.0,7980140717.0,,,830527705.0,10.4
kilifi,2023_24,01,1588634222.0,64819992.0,1788634222.0,,,204367979.0,11.4
kirinyaga,2023_24,01,349000000.0,44851041.0,550000000.0,,,93116410.0,16.9
kisii,2023_24,01,650000000.0,174434790.0,1747703138.0,,,245892002.0,14.1
kisumu,2023_24,01,1682844694.0,107885791.0,2282844694.0,,,233742220.0,10.2
kitui,2023_24,01,500000000.0,92659278.0,870637113.0,,,204212684.0,23.5
kwale,2023_24,01,600000000.0,,600000000.0,,,71083628.0,11.8
laikipia,2023_24,01,850400000.0,139390812.0,1475000000.0,,,230462755.0,15.6
lamu,2023_24,01,350000000.0,4365000.0,350000000.0,,,19651019.0,5.6
machakos,2023_24,01,2998879462.0,17798076.0,4006879462.0,,,103818570.0,2.6
makueni,2023_24,01,690000000.0,110484334.0,1200000000.0,,,188055016.0,15.7
mandera,2023_24,01,284748838.0,7827790.0,336533846.0,,,34208662.0,10.2
marsabit,2023_24,01,41325046.0,13296405.0,160000000.0,,,22490381.0,14.1
meru,2023_24,01,550000000.0,156521844.0,866000000.0,,,221541867.0,25.6
migori,2023_24,01,349550000.0,35440822.0,600000000.0,,,91282890.0,15.2
mombasa,2023_24,01,5252796118.0,,5252796118.0,,,480157398.0,9.1
muranga,2023_24,01,1236181883.0,48347284.0,1475000000.0,,,153025541.0,10.4
nairobi city,2023_24,01,19420072415.0,195667384.0,19990072415.0,,,1723524489.0,8.6
nakuru,2023_24,01,1900000000.0,387665410.0,3600000000.0,,,676932043.0,18.8
nandi,2023_24,01,360325820.0,579424.0,515557531.0,,,24784085.0,4.8
narok,2023_24,01,4588583534.0,34524359.0,4588583534.0,,,1676883749.0,36.5
nyamira,2023_24,01,345000000.0,42481542.0,575000000.0,,,61175158.0,10.6
nyandarua,2023_24,01,636555000.0,68880218.0,985000000.0,,,130372341.0,13.2
nyeri,2023_24,01,800000000.0,229243326.0,800000000.0,,,337356231.0,42.2
samburu,2023_24,01,239027400.0,3171315.0,256027400.0,,,84348129.0,32.9
siaya,2023_24,01,434494994.0,76812817.0,760000000.0,,,102893517.0,13.5
taita taveta,2023_24,01,450000000.0,34769095.0,626682445.0,,,105099043.0,16.8
tana river,2023_24,01,92673773.0,352685.0,96630600.0,,,8540359.0,8.8
tharaka nithi,2023_24,01,277200000.0,11807792.0,400000000.0,,,53703272.0,13.4
trans nzoia,2023_24,01,342000000.0,50533471.0,643700000.0,,,100718295.0,15.6
turkana,2023_24,01,200000000.0,,200000000.0,,,38852863.0,19.4
uasin gishu,2023_24,01,1108243370.0,13868430.0,1179043370.0,,,139237333.0,11.8
vihiga,2023_24,01,248083481.0,36573426.0,300549454.0,,,64190736.0,21.4
wajir,2023_24,01,170000000.0,5898794.0,200000000.0,,,21214316.0,10.6
west pokot,2023_24,01,97200000.0,29870000.0,230000000.0,,,42860156.0,18.6
baringo,2023_24,02,300719215.0,83866065.0,450097396.0,,,170773220.0,37.9
bomet,2023_24,02,187592587.0,37726490.0,332041830.0,,,67699804.0,20.4
bungoma,2023_24,02,868201471.0,291991052.0,2020272854.0,,,422382804.0,20.9
busia,2023_24,02,396793350.0,61650557.0,549015633.0,,,133159085.0,24.3
elgeyo marakwet,2023_24,02,70327132.0,98735915.0,220327132.0,,,124057383.0,56.3
embu,2023_24,02,382801875.0,,382801875.0,,,146282588.0,38.2
garissa,2023_24,02,139000000.0,45067403.0,230000000.0,,,76518391.0,33.3
homa bay,2023_24,02,490895690.0,441601689.0,2378948918.0,,,566453318.0,23.8
isiolo,2023_24,02,223208180.0,49918657.0,271208180.0,,,168228601.0,62.0
kajiado,2023_24,02,1200000000.0,,1515702515.0,,,194120725.0,12.8
kakamega,2023_24,02,1881730000.0,195561750.0,2200000000.0,,,301670130.0,13.7
kericho,2023_24,02,530071600.0,74334310.0,1273421600.0,,,161336600.0,12.7
kiambu,2023_24,02,6021825729.0,562633718.0,7980140717.0,,,1640861863.0,20.6
kilifi,2023_24,02,1588634222.0,64819992.0,1788634222.0,,,187106373.0,10.5
kirinyaga,2023_24,02,349000000.0,104846743.0,550000000.0,,,192708685.0,35.0
kisii,2023_24,02,650000000.0,120969550.0,1636826327.0,,,259532256.0,15.9
kisumu,2023_24,02,1682844694.0,223523407.0,2282844694.0,,,426283332.0,18.7
kitui,2023_24,02,585000000.0,183000000.0,950820000.0,,,381297288.0,40.1
kwale,2023_24,02,325783400.0,66042310.0,600000000.0,,,138700035.0,23.1
laikipia,2023_24,02,850400000.0,253516980.0,1475000000.0,,,425498324.0,28.8
lamu,2023_24,02,199820000.0,59088557.0,350000000.0,,,90345645.0,25.8
machakos,2023_24,02,2998879462.0,52082967.0,4006879462.0,,,295252930.0,7.4
makueni,2023_24,02,865000000.0,222070115.0,1240000000.0,,,367887213.0,29.7
mandera,2023_24,02,284748838.0,11616921.0,336533846.0,,,51476911.0,15.3
marsabit,2023_24,02,120000000.0,28960441.0,190000000.0,,,60121244.0,31.6
meru,2023_24,02,550000000.0,263642402.0,850000000.0,,,369010103.0,43.4
migori,2023_24,02,485474299.0,76750347.0,625474299.0,,,183301642.0,29.3
mombasa,2023_24,02,5252796118.0,496967714.0,6013584233.0,,,1613489027.0,26.8
muranga,2023_24,02,1236181883.0,107710313.0,1475000000.0,,,295122209.0,20.0
nairobi city,2023_24,02,19420072415.0,126702816.0,19690072415.0,,,3689096473.0,18.7
nakuru,2023_24,02,2100000000.0,682976876.0,3800000000.0,,,1188113228.0,31.3
nandi,2023_24,02,360325820.0,42019297.0,515557531.0,,,135997839.0,26.4
narok,2023_24,02,4588583534.0,57934741.0,4588583534.0,,,2932490879.0,63.9
nyamira,2023_24,02,395000000.0,80619479.0,625000000.0,,,117589126.0,18.8
nyandarua,2023_24,02,636555000.0,123496734.0,985000000.0,,,222932971.0,22.6
nyeri,2023_24,02,800000000.0,366973244.0,800000000.0,,,570906990.0,71.4
samburu,2023_24,02,239027400.0,5610492.0,256027400.0,,,142520491.0,55.7
siaya,2023_24,02,545231646.0,152089016.0,760000000.0,,,200977216.0,26.4
taita taveta,2023_24,02,529000000.0,85543730.0,730682445.0,,,177071330.0,24.2
tana river,2023_24,02,92673773.0,1444577.0,96630600.0,,,30837172.0,31.9
tharaka nithi,2023_24,02,277200000.0,70234548.0,400000000.0,,,156127731.0,39.0
trans nzoia,2023_24,02,342000000.0,114390762.0,643700000.0,,,225985405.0,35.1
turkana,2023_24,02,220000000.0,35864639.0,220000000.0,,,106982545.0,48.6
uasin gishu,2023_24,02,1108243370.0,27158944.0,1179043370.0,,,276297864.0,23.4
vihiga,2023_24,02,172759801.0,83533238.0,300549454.0,,,138699930.0,46.1
wajir,2023_24,02,145000000.0,13170000.0,200000000.0,,,49212764.0,24.6
west pokot,2023_24,02,97200000.0,49868000.0,230000000.0,,,74331892.0,32.3
baringo,2023_24,03,300719215.0,130336532.0,450097396.0,,,272750184.0,60.6
bomet,2023_24,03,187592587.0,52964182.0,332041830.0,,,157105283.0,47.3
bungoma,2023_24,03,868201471.0,426237143.0,2020272854.0,,,742335959.0,36.7
busia,2023_24,03,396793350.0,104176549.0,649015633.0,,,261813354.0,40.3
elgeyo marakwet,2023_24,03,70326633.0,148030950.0,270326633.0,,,204553817.0,75.7
embu,2023_24,03,382801875.0,296020373.0,750000000.0,,,507142020.0,67.6
garissa,2023_24,03,139000000.0,85837524.0,230000000.0,,,153521614.0,66.7
homa bay,2023_24,03,490895690.0,668995814.0,2378948918.0,,,927225952.0,39.0
isiolo,2023_24,03,223208180.0,77822198.0,271208180.0,,,237641664.0,87.6
kajiado,2023_24,03,1200000000.0,183820486.0,1515702515.0,,,729506339.0,48.1
kakamega,2023_24,03,1359000000.0,377365342.0,2200000000.0,,,874417482.0,39.7
kericho,2023_24,03,530071600.0,149617514.0,1273421600.0,,,392356222.0,30.8
kiambu,2023_24,03,5780140717.0,879454422.0,7980140717.0,,,3351084993.0,42.0
kilifi,2023_24,03,1588634222.0,287458199.0,1788634222.0,,,842373389.0,47.1
kirinyaga,2023_24,03,349000000.0,190976914.0,550000000.0,,,472817832.0,86.0
kisii,2023_24,03,650000000.0,472769466.0,1636826327.0,,,699661915.0,42.7
kisumu,2023_24,03,1682844694.0,419105165.0,2282844694.0,,,942792158.0,41.3
kitui,2023_24,03,585000000.0,273930000.0,858930000.0,,,639349990.0,74.4
kwale,2023_24,03,325783400.0,101403245.0,600000000.0,,,285342515.0,47.6
laikipia,2023_24,03,850400000.0,257975196.0,1475000000.0,,,620202994.0,42.0
lamu,2023_24,03,290000000.0,11531984.0,350000000.0,,,72616911.0,20.7
machakos,2023_24,03,2998879462.0,183052577.0,4006879462.0,,,1051979268.0,26.3
makueni,2023_24,03,865000000.0,386176270.0,1240000000.0,,,741886887.0,59.8
mandera,2023_24,03,284748838.0,22696129.0,336533846.0,,,110120481.0,32.7
marsabit,2023_24,03,120000000.0,68752783.0,190000000.0,,,103960805.0,54.7
meru,2023_24,03,550000000.0,390994471.0,850000000.0,,,664788105.0,78.2
migori,2023_24,03,485474299.0,115662009.0,625474299.0,,,352456002.0,56.4
mombasa,2023_24,03,3875296118.0,854453538.0,5252796118.0,,,3300176091.0,62.8
muranga,2023_24,03,876181883.0,256466200.0,1115000000.0,,,716442533.0,64.3
nairobi city,2023_24,03,19420072415.0,560351606.0,19690072415.0,,,9232015328.0,46.9
nakuru,2023_24,03,2100000000.0,1060294518.0,3800000000.0,,,2389828481.0,62.9
nandi,2023_24,03,360325820.0,140611796.0,515557531.0,,,418035773.0,81.1
narok,2023_24,03,4989012257.0,52588228.0,5109964165.0,,,3932798922.0,77.0
nyamira,2023_24,03,395000000.0,159807485.0,625000000.0,,,258547201.0,41.4
nyandarua,2023_24,03,793435975.0,165532429.0,1225000000.0,,,332511837.0,27.1
nyeri,2023_24,03,800000000.0,526970571.0,1326970571.0,,,1019610785.0,76.8
samburu,2023_24,03,239027400.0,8460946.0,256027400.0,,,232299041.0,90.7
siaya,2023_24,03,434494994.0,252044945.0,760000000.0,,,402600946.0,53.0
taita taveta,2023_24,03,529000000.0,144277465.0,730682445.0,,,315334168.0,43.2
tana river,2023_24,03,92673773.0,2751097.0,96630600.0,,,53065870.0,54.9
tharaka nithi,2023_24,03,295200000.0,107655094.0,445000000.0,,,274031818.0,61.6
trans nzoia,2023_24,03,342000000.0,172676601.0,643700000.0,,,359705364.0,55.9
turkana,2023_24,03,220000000.0,44564078.0,220000000.0,,,179625170.0,81.6
uasin gishu,2023_24,03,1108243370.0,48058091.0,1179043370.0,,,1090822709.0,92.5
vihiga,2023_24,03,248083481.0,128235932.0,300549454.0,,,242941035.0,80.8
wajir,2023_24,03,70000000.0,52537819.0,150000000.0,,,116917585.0,77.9
west pokot,2023_24,03,97200000.0,78314000.0,230000000.0,,,123100584.0,53.5
baringo,2023_24,04,300719215.0,181622619.0,450097396.0,,,378201635.0,84.0
bomet,2023_24,04,187592587.0,80612871.0,332041830.0,,,238930420.0,72.0
bungoma,2023_24,04,868201470.0,681424515.0,2010419736.0,,,1120909349.0,55.8
busia,2023_24,04,396793350.0,136138244.0,649015633.0,,,369203975.0,56.9
elgeyo marakwet,2023_24,04,73806633.0,177663632.0,271306633.0,,,258505138.0,95.3
embu,2023_24,04,382801875.0,329749667.0,750000000.0,,,746494074.0,99.5
garissa,2023_24,04,139000000.0,151912817.0,230000000.0,,,248969049.0,108.2
homa bay,2023_24,04,341139710.0,841232651.0,1392206352.0,,,1200495831.0,86.2
isiolo,2023_24,04,267634395.0,94481928.0,356208180.0,,,285197344.0,80.1
kajiado,2023_24,04,1621247688.0,369952762.0,1868466985.0,,,1048356435.0,56.1
kakamega,2023_24,04,1359000000.0,546510693.0,2200000000.0,,,1347833279.0,61.3
kericho,2023_24,04,530071600.0,482263360.0,1066426600.0,,,841927978.0,78.9
kiambu,2023_24,04,5459066235.0,1197762046.0,6995366235.0,,,4575831607.0,65.4
kilifi,2023_24,04,1588634222.0,472221668.0,1788634222.0,,,1208619997.0,67.6
kirinyaga,2023_24,04,349000000.0,233562098.0,550000000.0,,,651105565.0,118.4
kisii,2023_24,04,650000000.0,683218135.0,1843892198.0,,,1180162037.0,64.0
kisumu,2023_24,04,1682844694.0,603376939.0,2282844694.0,,,1443607988.0,63.2
kitui,2023_24,04,585000000.0,,585000000.0,,,517049816.0,88.4
kwale,2023_24,04,334245200.0,169533420.0,600000000.0,,,427377928.0,71.2
laikipia,2023_24,04,842500000.0,561020491.0,1445000000.0,,,1061020098.0,73.4
lamu,2023_24,04,120000000.0,85840210.0,180000000.0,,,209102758.0,116.2
machakos,2023_24,04,2324286060.0,204409376.0,3332286060.0,,,1549348477.0,46.5
makueni,2023_24,04,870000000.0,554088153.0,1240000000.0,,,1044674948.0,84.2
mandera,2023_24,04,278748838.0,25548681.0,330533846.0,,,168047287.0,50.8
marsabit,2023_24,04,120000000.0,90223090.0,190000000.0,,,145092550.0,76.4
meru,2023_24,04,550000000.0,580129111.0,1050000000.0,,,961934279.0,91.6
migori,2023_24,04,480000000.0,175412262.0,625474299.0,,,512566310.0,81.9
mombasa,2023_24,04,5856356997.0,1127265714.0,7377933227.0,,,5585024010.0,75.7
muranga,2023_24,04,876181883.0,382537843.0,1115000000.0,,,1116795730.0,100.2
nairobi city,2023_24,04,19419630278.0,1072234069.0,19689630278.0,,,12542094418.0,63.7
nakuru,2023_24,04,2400000000.0,1468498216.0,4100000000.0,,,3321300479.0,81.0
nandi,2023_24,04,360098158.0,238623583.0,558329869.0,,,630727156.0,113.0
narok,2023_24,04,4858121756.0,59479796.0,4979073664.0,,,4753670486.0,95.5
nyamira,2023_24,04,457000000.0,220814736.0,687000000.0,,,369796343.0,53.8
nyandarua,2023_24,04,793435975.0,205746307.0,1225000000.0,,,515740772.0,42.1
nyeri,2023_24,04,800000000.0,740425500.0,1326000000.0,,,1407546107.0,106.1
samburu,2023_24,04,239027400.0,11130343.0,256027400.0,,,266583924.0,104.1
siaya,2023_24,04,434494994.0,388626776.0,760000000.0,,,610737745.0,80.4
taita taveta,2023_24,04,426985000.0,210125350.0,628667445.0,,,461186652.0,73.4
tana river,2023_24,04,92673773.0,3785117.0,96630600.0,,,92568520.0,95.8
tharaka nithi,2023_24,04,300870000.0,160983523.0,450670000.0,,,417346035.0,92.6
trans nzoia,2023_24,04,342000000.0,209852393.0,643700000.0,,,476638172.0,74.0
turkana,2023_24,04,220000000.0,95373844.0,220000000.0,,,530645056.0,241.2
uasin gishu,2023_24,04,1578147614.0,59386598.0,1578147614.0,,,1421327951.0,90.1
vihiga,2023_24,04,248083481.0,171745774.0,248083481.0,,,338057178.0,136.3
wajir,2023_24,04,150000000.0,,150000000.0,,,164953671.0,110.0
west pokot,2023_24,04,97200000.0,119847000.0,230000000.0,,,185294701.0,80.6
baringo,2024_25,01,390719215.0,46773352.0,540097396.0,,,95501246.0,18.0
bomet,2024_25,01,280032929.0,13690566.0,455750929.0,,,25156158.0,6.0
bungoma,2024_25,01,1193245420.0,125188060.0,2256892815.0,,,189284774.0,8.0
busia,2024_25,01,442262490.0,23236638.0,647006996.0,,,61585339.0,10.0
elgeyo marakwet,2024_25,01,105784971.0,64076293.0,300784971.0,,,78709496.0,26.0
embu,2024_25,01,454377354.0,80048782.0,952632697.0,,,151278998.0,16.0
garissa,2024_25,01,140000000.0,57788652.0,300000000.0,,,80468763.0,27.0
homa bay,2024_25,01,501737917.0,158943021.0,1482806657.0,,,226255121.0,15.0
isiolo,2024_25,01,271208180.0,12783569.0,371208180.0,,,71122990.0,19.0
kajiado,2024_25,01,1200000000.0,73911904.0,1570000000.0,,,143907749.0,9.0
kakamega,2024_25,01,1359000000.0,142203819.0,2200000000.0,,,318200749.0,14.0
kericho,2024_25,01,573742933.0,55149736.0,1220097933.0,,,92070921.0,8.0
kiambu,2024_25,01,5880140717.0,345928332.0,8280140717.0,,,832924808.0,10.0
kilifi,2024_25,01,1570795142.0,81000000.0,1970795142.0,,,231033162.0,12.0
kirinyaga,2024_25,01,410451000.0,61529949.0,610451000.0,,,108692657.0,18.0
kisii,2024_25,01,650000000.0,202615361.0,2211193565.0,,,270474361.0,12.0
kisumu,2024_25,01,2877951100.0,163759824.0,3804073100.0,,,259358673.0,7.0
kitui,2024_25,01,249800000.0,72127600.0,600000000.0,,,112157327.0,19.0
kwale,2024_25,01,450000000.0,38390478.0,750000000.0,,,76658925.0,10.0
laikipia,2024_25,01,842500000.0,122781427.0,1445000000.0,,,221073816.0,15.0
lamu,2024_25,01,160000000.0,21051772.0,290000000.0,,,34515296.0,12.0
machakos,2024_25,01,2788961508.0,50311230.0,3475961508.0,,,287423488.0,8.0
makueni,2024_25,01,878322470.0,75141054.0,1054752470.0,,,165118218.0,16.0
mandera,2024_25,01,278609881.0,7854740.0,336533846.0,,,42681784.0,13.0
marsabit,2024_25,01,110000000.0,19628052.0,356112000.0,,,33164587.0,9.0
meru,2024_25,01,500000000.0,119931977.0,1050000000.0,,,185584299.0,18.0
migori,2024_25,01,480000000.0,35658735.0,620000000.0,,,101817470.0,16.0
mombasa,2024_25,01,4746915692.0,253777233.0,5996914680.0,,,832149317.0,14.0
muranga,2024_25,01,750000000.0,64285728.0,1250000000.0,,,170144255.0,14.0
nairobi city,2024_25,01,20060926033.0,382453485.0,20060926033.0,,,2187833751.0,11.0
nakuru,2024_25,01,2226948048.0,354736499.0,4107158048.0,,,600874510.0,15.0
nandi,2024_25,01,306096685.0,35314738.0,607328396.0,,,75950247.0,13.0
narok,2024_25,01,4849188092.0,14168574.0,4975140000.0,,,2982058332.0,60.0
nyamira,2024_25,01,400000000.0,56287248.0,800000000.0,,,70001259.0,9.0
nyandarua,2024_25,01,600000000.0,54281182.0,850000000.0,,,99966997.0,12.0
nyeri,2024_25,01,800000000.0,129447356.0,1636295125.0,,,239440541.0,15.0
samburu,2024_25,01,262930140.0,2949540.0,281630140.0,,,100857218.0,36.0
siaya,2024_25,01,849363883.0,104799663.0,1044061306.0,,,140425135.0,13.0
taita taveta,2024_25,01,500000000.0,39915017.0,750000000.0,,,92747017.0,12.0
tana river,2024_25,01,92673773.0,715385.0,96630600.0,,,78503132.0,81.0
tharaka nithi,2024_25,01,285000000.0,37417771.0,450000000.0,,,78353951.0,17.0
trans nzoia,2024_25,01,368300000.0,58794404.0,680000000.0,,,87895359.0,13.0
turkana,2024_25,01,241000000.0,29949715.0,320000000.0,,,67125529.0,21.0
uasin gishu,2024_25,01,1318200000.0,6804479.0,1395000000.0,,,147237751.0,11.0
vihiga,2024_25,01,200000000.0,26291095.0,340000000.0,,,52570202.0,15.0
wajir,2024_25,01,80000000.0,19230733.0,200000000.0,,,46599326.0,23.0
west pokot,2024_25,01,97195000.0,24123319.0,230000000.0,,,32889666.0,14.0
baringo,2024_25,02,450720000.0,47070000.0,600100000.0,,,179580000.0,30.0
bomet,2024_25,02,280030000.0,45390000.0,455750000.0,,,72220000.0,16.0
bungoma,2024_25,02,1193250000.0,314980000.0,2256890000.0,,,456890000.0,20.0
busia,2024_25,02,442260000.0,66940000.0,647010000.0,,,141060000.0,22.0
elgeyo marakwet,2024_25,02,105780000.0,150570000.0,300780000.0,,,179310000.0,60.0
embu,2024_25,02,454380000.0,197280000.0,952630000.0,,,317690000.0,33.0
garissa,2024_25,02,140000000.0,121970000.0,300000000.0,,,160090000.0,53.0
homa bay,2024_25,02,501740000.0,376210000.0,1482810000.0,,,517870000.0,35.0
isiolo,2024_25,02,271210000.0,31430000.0,371210000.0,,,119600000.0,32.0
kajiado,2024_25,02,1200000000.0,157450000.0,1570000000.0,,,301410000.0,19.0
kakamega,2024_25,02,1359000000.0,365230000.0,2200000000.0,,,705610000.0,32.0
kericho,2024_25,02,573740000.0,315840000.0,1220100000.0,,,377520000.0,31.0
kiambu,2024_25,02,5880140000.0,676950000.0,7980140000.0,,,1635400000.0,20.0
kilifi,2024_25,02,1570800000.0,159580000.0,1970800000.0,,,467940000.0,24.0
kirinyaga,2024_25,02,410450000.0,150750000.0,610450000.0,,,234050000.0,38.0
kisii,2024_25,02,650000000.0,443900000.0,2211190000.0,,,583880000.0,26.0
kisumu,2024_25,02,2877950000.0,444830000.0,3804070000.0,,,677630000.0,18.0
kitui,2024_25,02,390640000.0,249730000.0,988650000.0,,,324460000.0,33.0
kwale,2024_25,02,350000000.0,84250000.0,650000000.0,,,164040000.0,25.0
laikipia,2024_25,02,842500000.0,632500000.0,1445000000.0,,,791440000.0,55.0
lamu,2024_25,02,160000000.0,60960000.0,290000000.0,,,87830000.0,30.0
machakos,2024_25,02,2788960000.0,80000000.0,3475960000.0,,,414450000.0,12.0
makueni,2024_25,02,905180000.0,144350000.0,1081610000.0,,,305890000.0,28.0
mandera,2024_25,02,278610000.0,17960000.0,336530000.0,,,93740000.0,28.0
marsabit,2024_25,02,110000000.0,50800000.0,251160000.0,,,79210000.0,32.0
meru,2024_25,02,500000000.0,309630000.0,1050000000.0,,,422170000.0,40.0
migori,2024_25,02,550000000.0,104450000.0,690000000.0,,,220370000.0,32.0
mombasa,2024_25,02,4941020000.0,507520000.0,5991020000.0,,,1683560000.0,28.0
muranga,2024_25,02,750000000.0,229840000.0,1250000000.0,,,421300000.0,34.0
nairobi city,2024_25,02,20060930000.0,902370000.0,20060930000.0,,,4665510000.0,23.0
nakuru,2024_25,02,2226950000.0,840600000.0,4107160000.0,,,1350500000.0,33.0
nandi,2024_25,02,306100000.0,77930000.0,607330000.0,,,159780000.0,26.0
narok,2024_25,02,4859050000.0,54000000.0,5024000000.0,,,4382620000.0,87.0
nyamira,2024_25,02,400000000.0,162840000.0,850000000.0,,,192430000.0,23.0
nyandarua,2024_25,02,600000000.0,111990000.0,850000000.0,,,242500000.0,29.0
nyeri,2024_25,02,800000000.0,299220000.0,1636300000.0,,,531880000.0,33.0
samburu,2024_25,02,262930000.0,5370000.0,281630000.0,,,165590000.0,59.0
siaya,2024_25,02,849360000.0,236950000.0,1044060000.0,,,295190000.0,28.0
taita taveta,2024_25,02,500000000.0,96400000.0,750000000.0,,,194760000.0,26.0
tana river,2024_25,02,92670000.0,3790000.0,96630000.0,,,42570000.0,44.0
tharaka nithi,2024_25,02,285000000.0,108510000.0,450000000.0,,,183000000.0,41.0
trans nzoia,2024_25,02,368300000.0,89990000.0,680000000.0,,,159660000.0,23.0
turkana,2024_25,02,241000000.0,74820000.0,320000000.0,,,141800000.0,44.0
uasin gishu,2024_25,02,1318200000.0,16390000.0,1395000000.0,,,376460000.0,27.0
vihiga,2024_25,02,200000000.0,86230000.0,340000000.0,,,139400000.0,41.0
wajir,2024_25,02,80000000.0,41330000.0,200000000.0,,,104720000.0,52.0
west pokot,2024_25,02,97200000.0,59400000.0,230000000.0,,,77600000.0,34.0
baringo,2024_25,03,190860000.0,108050000.0,600100000.0,,,298910000.0,50.0
bomet,2024_25,03,102330000.0,80270000.0,455750000.0,,,182600000.0,40.0
bungoma,2024_25,03,352700000.0,441400000.0,2256890000.0,,,794100000.0,35.0
busia,2024_25,03,170760000.0,128360000.00000001,647010000.0,,,299120000.0,46.0
elgeyo marakwet,2024_25,03,56450000.0,203460000.0,352430000.0,,,259910000.00000003,74.0
embu,2024_25,03,244990000.0,324730000.0,1303420000.0,,,569730000.0,44.0
garissa,2024_25,03,73400000.0,238810000.0,300000000.0,,,312200000.0,104.0
homa bay,2024_25,03,285540000.0,753150000.0,1482810000.0,,,1038690000.0,70.0
isiolo,2024_25,03,122280000.0,42740000.0,371210000.0,,,165020000.0,44.0
kajiado,2024_25,03,427110000.0,247420000.0,1570000000.0,,,674530000.0,43.0
kakamega,2024_25,03,640550000.0,593750000.0,2200000000.0,,,1234300000.0,56.0
kericho,2024_25,03,264100000.00000003,498880000.0,1222600000.0,,,762980000.0,62.0
kiambu,2024_25,03,2083510000.0000002,1247270000.0,7980140000.0,,,3330780000.0,42.0
kilifi,2024_25,03,577340000.0,336440000.0,1970800000.0,,,913780000.0,46.0
kirinyaga,2024_25,03,258570000.0,244110000.0,648450000.0,,,502680000.0,78.0
kisii,2024_25,03,347000000.0,658760000.0,2426000000.0,,,1005760000.0,41.0
kisumu,2024_25,03,611960000.0,752110000.0,3804070000.0,,,1364070000.0,36.0
kitui,2024_25,03,171880000.0,363430000.0,988650000.0,,,535309999.99999994,54.0
kwale,2024_25,03,186780000.0,84250000.0,650000000.0,,,271040000.0,42.0
laikipia,2024_25,03,369400000.0,501120000.0,1445000000.0,,,870530000.0,60.0
lamu,2024_25,03,66769999.99999999,98110000.0,290000000.0,,,164880000.0,57.0
machakos,2024_25,03,1008170000.0,170390000.0,3475960000.0,,,1178560000.0,34.0
makueni,2024_25,03,350750000.0,210080000.0,1081610000.0,,,560820000.0,52.0
mandera,2024_25,03,143470000.0,59360000.0,336530000.0,,,202830000.0,60.0
marsabit,2024_25,03,52040000.0,76890000.0,251160000.0,,,128940000.0,51.0
meru,2024_25,03,275290000.0,498920000.0,1050000000.0,,,774210000.0,74.0
migori,2024_25,03,226420000.0,161410000.0,690000000.0,,,387830000.0,56.0
mombasa,2024_25,03,2279670000.0,937790000.0,5996910000.0,,,3217460000.0,54.0
muranga,2024_25,03,481130000.0,351290000.0,1600000000.0,,,832420000.0,52.0
nairobi city,2024_25,03,8711690000.0,1246690000.0,20060930000.0,,,9958380000.0,50.0
nakuru,2024_25,03,1270590000.0,1278750000.0,4445970000.0,,,2549350000.0,57.0
nandi,2024_25,03,234610000.0,133590000.0,844170000.0,,,368200000.0,44.0
narok,2024_25,03,4878990000.0,75030000.0,4980000000.0,,,4954020000.0,99.0
nyamira,2024_25,03,77140000.0,322300000.0,850000000.0,,,399440000.0,47.0
nyandarua,2024_25,03,242040000.0,178830000.0,850000000.0,,,420870000.0,50.0
nyeri,2024_25,03,461330000.0,497560000.0,1636300000.0,,,958890000.0,59.0
samburu,2024_25,03,232870000.0,7540000.0,281630000.0,,,240410000.0,85.0
siaya,2024_25,03,136080000.0,340200000.0,1044060000.0,,,476280000.0,46.0
taita taveta,2024_25,03,186900000.0,130880000.0,850000000.0,,,317780000.0,37.0
tana river,2024_25,03,163180000.0,2960000.0,96630000.0,,,166130000.0,172.0
tharaka nithi,2024_25,03,152180000.0,163200000.0,485000000.0,,,315380000.0,65.0
trans nzoia,2024_25,03,205910000.0,175300000.0,680000000.0,,,381220000.0,56.0
turkana,2024_25,03,120520000.0,109960000.0,320000000.0,,,230480000.0,72.0
uasin gishu,2024_25,03,760320000.0,31090000.0,1395000000.0,,,791410000.0,57.0
vihiga,2024_25,03,123300000.0,115650000.0,340000000.0,,,238950000.0,70.0
wajir,2024_25,03,87930000.0,79370000.0,270000000.0,,,167300000.0,62.0
west pokot,2024_25,03,54360000.0,90790000.0,230000000.0,,,145150000.0,63.0
